relative_path,size_bytes,sha256
demo_envs/close_fridge/evaluations/octo_close_fridge_robo_20260927_183647/0.mp4,665185,0b00c1baf89a7fff4a48e6014988a777de88d494a0e43260cb4dc19b75d75303
demo_envs/close_fridge/evaluations/octo_close_fridge_robo_20260927_183647/100.mp4,523781,fdfcfc6b08cee237ac1ad0820173b2f7e2c5fbacff878d0767faa6679e282375
demo_envs/close_fridge/evaluations/octo_close_fridge_robo_20260927_183647/104.mp4,523329,8e16022c634fd65f416a59c8e655a31f42aa1a0c940f86d15b7d73ddeb8a8541
demo_envs/close_fridge/evaluations/octo_close_fridge_robo_20260927_183647/108.mp4,551965,e961b137ad75a36a38a1e46eeca5359cbf242c82dbb448256d178a46f72854c1
demo_envs/close_fridge/evaluations/octo_close_fridge_robo_20260927_183647/112.mp4,469427,1f3f80e1326f2820ec6547e56225135db7ae2ea97b2d0d9068ff5a6a4f25631a
demo_envs/close_fridge/evaluations/octo_close_fridge_robo_20260927_183647/116.mp4,516160,1761e731fcfe4f5929cdfd071213e5e48c30b7d7f3e66a8bb410ad87c79edb2e
demo_envs/close_fridge/evaluations/octo_close_fridge_robo_20260927_183647/12.mp4,466486,cc0d35222502ce4266b73ffd433ee11216b38833929d71a8b2b9e95891d3d245
demo_envs/close_fridge/evaluations/octo_close_fridge_robo_20260927_183647/16.mp4,464399,4bce3e4e3b47157223b0244f7493076ff9d80ad74ce20fcd72430566b38f2cff
demo_envs/close_fridge/evaluations/octo_close_fridge_robo_20260927_183647/20.mp4,618026,c59df4a28f7a46958a547c0f85c55f06db5e77993de97f67a84c530dd9615243
demo_envs/close_fridge/evaluations/octo_close_fridge_robo_20260927_183647/20260927_183700.h5,800,26c4d449632ea072317c16e9d4857e419b67e1b7751f81a89a87c8e75fe9484e
demo_envs/close_fridge/evaluations/octo_close_fridge_robo_20260927_183647/20260927_183700.json,1185,635a28cc0f581ef8c79ecdfd9c8878fdc7157c3b5c62334963c3966ce2d770de
demo_envs/close_fridge/evaluations/octo_close_fridge_robo_20260927_183647/24.mp4,467507,984e24480fb08e468146e49222e9c6eeabec3ced35991b2bc58434854188295d
demo_envs/close_fridge/evaluations/octo_close_fridge_robo_20260927_183647/28.mp4,553817,43760b826e62f1cf7e4be54f1d0607f6fbc6f37ee4977e8b2652b11a174d41aa
demo_envs/close_fridge/evaluations/octo_close_fridge_robo_20260927_183647/32.mp4,518642,e1cadf91e5951ec64eb6cb25e7412cdf169f99fdae5ad5e95152c4d005bb8425
demo_envs/close_fridge/evaluations/octo_close_fridge_robo_20260927_183647/36.mp4,502633,ddf6a10bb23271910cffcf702d893bdc5055f87f4370517c095acdb145e7494b
demo_envs/close_fridge/evaluations/octo_close_fridge_robo_20260927_183647/4.mp4,579118,05c47d316940e862ae68b7be13e26bc5de3fe566c9ac64605235a022e1d6ca5f
demo_envs/close_fridge/evaluations/octo_close_fridge_robo_20260927_183647/40.mp4,625180,e465fc8bf73a5a9888a92fb4a9d95e56b8625dde87bb1f4d263c0017625f4d8d
demo_envs/close_fridge/evaluations/octo_close_fridge_robo_20260927_183647/44.mp4,457375,b56688397648cab7258d718ee30b589040ae2b06043f1e3db2d5a77c7f60b380
demo_envs/close_fridge/evaluations/octo_close_fridge_robo_20260927_183647/48.mp4,462836,211fb488ad1bc19af62fc0bfdfbc15144c68baba931b2fb40744a94f02c329ab
demo_envs/close_fridge/evaluations/octo_close_fridge_robo_20260927_183647/52.mp4,662239,ca09aa8af6282487a6d7df60baad62b53b25063c694c5f7657a8b0c619527078
demo_envs/close_fridge/evaluations/octo_close_fridge_robo_20260927_183647/56.mp4,644410,b936361e2df1f941e3aaddabcfbd47703202d20ca39cc794fb6055d2d6edca79
demo_envs/close_fridge/evaluations/octo_close_fridge_robo_20260927_183647/60.mp4,541243,4daa52ce6f9a6a67b2cf736b66d8d822d30110ec5ac69105e46c88c883839302
demo_envs/close_fridge/evaluations/octo_close_fridge_robo_20260927_183647/64.mp4,470492,b6a3f75daef12d90f963642f8c4f3dc5fd457ae505a3578d1989c118a064ef5e
demo_envs/close_fridge/evaluations/octo_close_fridge_robo_20260927_183647/68.mp4,435892,37ed4390ffabe103d1236151075d5f55b7a5e2c6025fdcbf13a2391cc948d255
demo_envs/close_fridge/evaluations/octo_close_fridge_robo_20260927_183647/72.mp4,528291,1f8c1f104ce1e4e9fa71adf723ae717c26e275e4f4f2f3198480ae41691399af
demo_envs/close_fridge/evaluations/octo_close_fridge_robo_20260927_183647/76.mp4,536409,e68ee8fbf6e3c06280eb1aa2c49c643d037f51d7b0ec5c56cd9d7ea227dd4cc1
demo_envs/close_fridge/evaluations/octo_close_fridge_robo_20260927_183647/8.mp4,546640,b28c920d95d856c585359b085bda7c53f974f80955739a5d51f8b7b3493ea2c7
demo_envs/close_fridge/evaluations/octo_close_fridge_robo_20260927_183647/80.mp4,511828,03cdd34d297f247fdcd3c7c040192637c58e68ecc5e4ce9fd4593498f7500190
demo_envs/close_fridge/evaluations/octo_close_fridge_robo_20260927_183647/84.mp4,537728,21ca29efd155f47559ef1d4ce42a7da679d1a8d04a67bd6b74eb8c7707465673
demo_envs/close_fridge/evaluations/octo_close_fridge_robo_20260927_183647/88.mp4,612045,0801cd9914358c17fd8a5ed346af62094e342b30cacd85237ff26918f38619f8
demo_envs/close_fridge/evaluations/octo_close_fridge_robo_20260927_183647/92.mp4,512537,3f91ddda5a5874db2d04454d093a41ef28d97656ff956472e1631b45740736ae
demo_envs/close_fridge/evaluations/octo_close_fridge_robo_20260927_183647/96.mp4,424726,b50c40bbf6bda07a19c31479490eb23adbb356cc4a84ad6d3c517a47fb3a903c
demo_envs/close_fridge/evaluations/octo_close_fridge_train_20260926_191655/0.mp4,674026,0a39e0c7b700a22c8f983c7293f9bc69bbcf06f85f25f431a7e0750668795fa5
demo_envs/close_fridge/evaluations/octo_close_fridge_train_20260926_191655/100.mp4,534340,e6e7ddc30f75dc12a66b5faeaa71e574716a7958b58fab76dd17e33c79dc8e77
demo_envs/close_fridge/evaluations/octo_close_fridge_train_20260926_191655/104.mp4,505640,6caf6b5b448bc3c3889d5410082635bfb8581450e21793138ab37673370fcb79
demo_envs/close_fridge/evaluations/octo_close_fridge_train_20260926_191655/108.mp4,527379,f204f40aae7453a81d7c0f4bffcd6a57f26af235fbdfad26815a4b761cdfc61e
demo_envs/close_fridge/evaluations/octo_close_fridge_train_20260926_191655/112.mp4,456758,1c19595aeb175c08fc743f2e70d94050135609c53c6428cf82be6437cc030c50
demo_envs/close_fridge/evaluations/octo_close_fridge_train_20260926_191655/116.mp4,494632,0d8e2be13578b27403b2ee6332690f0d7502b47e9ba869d2241b772d2eb7aa47
demo_envs/close_fridge/evaluations/octo_close_fridge_train_20260926_191655/12.mp4,516990,97a295403363d9e6a2e8dc836f4caa3af79bfec9c96ebeb3321476917f22819a
demo_envs/close_fridge/evaluations/octo_close_fridge_train_20260926_191655/16.mp4,442229,c1c82c1e9d3b6ef7ba5176f6c62ebbb330985bb20f955c1e691a5b9efefd68ce
demo_envs/close_fridge/evaluations/octo_close_fridge_train_20260926_191655/20.mp4,581119,16df7b03da24d48efae990d0ef585e5ce0cabac38dcbe47f8fd652b25ad96ecd
demo_envs/close_fridge/evaluations/octo_close_fridge_train_20260926_191655/20260926_214833.h5,800,26c4d449632ea072317c16e9d4857e419b67e1b7751f81a89a87c8e75fe9484e
demo_envs/close_fridge/evaluations/octo_close_fridge_train_20260926_191655/20260926_214833.json,1185,635a28cc0f581ef8c79ecdfd9c8878fdc7157c3b5c62334963c3966ce2d770de
demo_envs/close_fridge/evaluations/octo_close_fridge_train_20260926_191655/24.mp4,515934,8f9ae370a8c764c9350976dd989407d93300fd948670c5bf1fefc6e29ad8564b
demo_envs/close_fridge/evaluations/octo_close_fridge_train_20260926_191655/28.mp4,583927,68e78d60c0183b4a871e52d8372c185b00a65c9323b6aed64b34c453e0795c15
demo_envs/close_fridge/evaluations/octo_close_fridge_train_20260926_191655/32.mp4,518910,a43bdfdb7287a55ea8346fe09108c54ec75bd8dcbe3438a54dd12bc869ae8bd3
demo_envs/close_fridge/evaluations/octo_close_fridge_train_20260926_191655/36.mp4,445033,ce99462bc93243c377c3c52aebc74aed71e924a793aecb8725031f49cae06183
demo_envs/close_fridge/evaluations/octo_close_fridge_train_20260926_191655/4.mp4,546793,c6a98cff4cca4f31d703edf4610667b71e000a3a4a00765151aea2d214bf7048
demo_envs/close_fridge/evaluations/octo_close_fridge_train_20260926_191655/40.mp4,634151,b7e0e8c60f505aaa9f4ced3a1d1bc57f55ee9b0558639710d5c8e931f8f416a7
demo_envs/close_fridge/evaluations/octo_close_fridge_train_20260926_191655/44.mp4,467385,050b7a160f8624753f2dd9f4d928c0fc11e8378ac64e543828aeca38c3904d81
demo_envs/close_fridge/evaluations/octo_close_fridge_train_20260926_191655/48.mp4,439848,ad5b27dedca82dcb3755d64447ce27e7bb64a13b6ef7f6919536658fa3d476bf
demo_envs/close_fridge/evaluations/octo_close_fridge_train_20260926_191655/52.mp4,644150,3aabd7ec2f1ab5d8f4076ccac4ce8de764fea1c25d7f5f26cd2f180df4c141cc
demo_envs/close_fridge/evaluations/octo_close_fridge_train_20260926_191655/56.mp4,663538,24403108af4e360acb8d473907b29cbf268f1df90c4a29c1ec42ed8e30a985e8
demo_envs/close_fridge/evaluations/octo_close_fridge_train_20260926_191655/60.mp4,492388,ef3b5da2012da1584c9b9f7bdb8af5908d3abbd0f3c4cceb3ab7a8c52d8b5651
demo_envs/close_fridge/evaluations/octo_close_fridge_train_20260926_191655/64.mp4,456033,42f6346801ff37c5162621e7ea9a5dd9db30bdd07b100942c1f9c2dfbd8c4af1
demo_envs/close_fridge/evaluations/octo_close_fridge_train_20260926_191655/68.mp4,486140,d505377b29b3d6004a33a9117ff887fba14d4499ff725524000e38a379b40518
demo_envs/close_fridge/evaluations/octo_close_fridge_train_20260926_191655/72.mp4,563935,3cd5439ccdbdfe3855b357317012c35551b9d12d9691a6e07fa2708a3020035f
demo_envs/close_fridge/evaluations/octo_close_fridge_train_20260926_191655/76.mp4,528074,d21d3fedf46134fb38a9a099fa66b9e729d1a082889342af80bfdbb0b8d8b857
demo_envs/close_fridge/evaluations/octo_close_fridge_train_20260926_191655/8.mp4,569883,0a874985048fd3cec97e346158c5c4cdea25571a1f7679cd09b70db6ada5eafc
demo_envs/close_fridge/evaluations/octo_close_fridge_train_20260926_191655/80.mp4,541796,f23523cddfebdbb3e5a5fb56b6a711b8e0a64827ebda51c784b5013fffe1a0f9
demo_envs/close_fridge/evaluations/octo_close_fridge_train_20260926_191655/84.mp4,535230,04b899a7e24c15d0f903a6ab9a070086bc2492037967f42859b112c9a74912bb
demo_envs/close_fridge/evaluations/octo_close_fridge_train_20260926_191655/88.mp4,694962,e29f53bb81eb1605cd39569d12827ca80729c74e59add45bcd80b76c39cd8395
demo_envs/close_fridge/evaluations/octo_close_fridge_train_20260926_191655/92.mp4,512328,9bd9c0d10d92a638294befc1781081007bacc77d103226b1f1566db33fde8003
demo_envs/close_fridge/evaluations/octo_close_fridge_train_20260926_191655/96.mp4,443560,7c400dc62f1da81724a99b7fdda652a930aeced18959ed7d552b8444420b3074
demo_envs/close_fridge/evaluations/octo_close_fridge_uns_20260927_191613/20260927_201817.h5,800,26c4d449632ea072317c16e9d4857e419b67e1b7751f81a89a87c8e75fe9484e
demo_envs/close_fridge/evaluations/octo_close_fridge_uns_20260927_191613/20260927_201817.json,1147,39b4cd7dcf04ad7d99457aa06b6b0ea40e18bfa2aca4a015eb850ef014762f91
demo_envs/close_fridge/evaluations/octo_close_fridge_uns_20260927_191613/42000.mp4,528266,b5b01b52bfd179d92a91301541792ed5f05604c3a82f457229437af35cca1c32
demo_envs/close_fridge/evaluations/octo_close_fridge_uns_20260927_191613/42001.mp4,443533,2ef7396f442e70be5ea529955cfc77b011c7dd47155fdd1386aa1291967e28f0
demo_envs/close_fridge/evaluations/octo_close_fridge_uns_20260927_191613/42002.mp4,435666,e7f62218cc7d8831249fa00a207bb8346e5d1198cb3f37428d74655a3f5f7d2c
demo_envs/close_fridge/evaluations/octo_close_fridge_uns_20260927_191613/42003.mp4,498257,487ab472a2e9c2f38a6da895b84f4a80e0feb6224ff535de70be6ca25b3f694c
demo_envs/close_fridge/evaluations/octo_close_fridge_uns_20260927_191613/42004.mp4,523460,5a9571049c4f4c47e93283dc5ffca6522fb1005be828ecadce971641e04bfd16
demo_envs/close_fridge/evaluations/octo_close_fridge_uns_20260927_191613/42005.mp4,517366,f4b38eb07c90873a6f443ea45fb3a7f35adf99eddc800a2f38372ad21baf3b3c
demo_envs/close_fridge/evaluations/octo_close_fridge_uns_20260927_191613/42006.mp4,504077,0fb33df5b70fb8aaf80f8472a3e00d8b6ab7775b7c8dacd8e2d7b1a3ad7cf295
demo_envs/close_fridge/evaluations/octo_close_fridge_uns_20260927_191613/42007.mp4,530916,7219d8c327eebee82e49dbe1fd80cdc7f3d25435f852780f8bee2db175174242
demo_envs/close_fridge/evaluations/octo_close_fridge_uns_20260927_191613/42008.mp4,594123,aeecb1250b90c25030dfd41157f652d0eca6d8861e9a5884dc87ce6df4767d38
demo_envs/close_fridge/evaluations/octo_close_fridge_uns_20260927_191613/42009.mp4,485723,1493a3a75c21d5da264ac169e52a3f9103d7565744fc5c6c47e938e5a68aa9ac
demo_envs/close_fridge/evaluations/octo_close_fridge_uns_20260927_191613/42010.mp4,499232,4d82cc82a1e73a570c3b3b627088ca4d86af795288c222c573af7cc6de4c26bd
demo_envs/close_fridge/evaluations/octo_close_fridge_uns_20260927_191613/42011.mp4,545674,59818b7d93f04de73baacefdaee9d3ede0133c43ca74f07361cefddce19f7632
demo_envs/close_fridge/evaluations/octo_close_fridge_uns_20260927_191613/42012.mp4,546358,8aefb05a49aa13d5b4e3cfbfa717f85b9e5e102f90a7270eaf61a5427b863590
demo_envs/close_fridge/evaluations/octo_close_fridge_uns_20260927_191613/42013.mp4,459114,93224debfb01dc62fa51adf3105cdaf6d5d3ecb88a13b66a8da4a76ddd3d19cc
demo_envs/close_fridge/evaluations/octo_close_fridge_uns_20260927_191613/42014.mp4,505471,ffe7541955a2a13d9df057b7831808f28a514317ea0640e72236e0ad0fe0ebd1
demo_envs/close_fridge/evaluations/octo_close_fridge_uns_20260927_191613/42015.mp4,690363,c4eb5e1fa5da7902a5fe47d78185eaecf28386e30dbd8444d0340c6f501f78ea
demo_envs/close_fridge/evaluations/octo_close_fridge_uns_20260927_191613/42016.mp4,475424,0a69321de894abf68c4e8b4ca26a984a81f0fd74e74f38774c6ba0a99f44a818
demo_envs/close_fridge/evaluations/octo_close_fridge_uns_20260927_191613/42017.mp4,461292,7e7fbaf6ce9d41dd20b1327bcadbebb473729c1114f2d8c98eab8538f11d55cf
demo_envs/close_fridge/evaluations/octo_close_fridge_uns_20260927_191613/42018.mp4,638959,b4010c78b01638187cb40655924eb9d6712440e1b91137ab0777b444dcb37f4a
demo_envs/close_fridge/evaluations/octo_close_fridge_uns_20260927_191613/42019.mp4,526629,469fb64381e6ea4695dc7fe8990d5b2ebd09da63e374d7700b397089e1e043fa
demo_envs/close_fridge/evaluations/octo_close_fridge_uns_20260927_191613/42020.mp4,510138,45b7c1a55f2903b676fcebcc566d57b2367a02e85ee9def0788938ec66826328
demo_envs/close_fridge/evaluations/octo_close_fridge_uns_20260927_191613/42021.mp4,495156,2a3aaf7cdac3b46e6c7203a27f0814091849ac85856d43977dceafb6a99a9ba1
demo_envs/close_fridge/evaluations/octo_close_fridge_uns_20260927_191613/42022.mp4,479509,60aad8fa19c7d6df79b9a5b2c965a6772123de10d882fdcbf42ccd854b2a27d6
demo_envs/close_fridge/evaluations/octo_close_fridge_uns_20260927_191613/42023.mp4,446233,811830049c2bf2b286a501b25a8116523683822cb9ca9815b27d65cd9023e2ff
demo_envs/close_fridge/evaluations/octo_close_fridge_uns_20260927_191613/42024.mp4,651554,1e3c9a4a5b907f587e58bde2e6af199ba925834c79b2aa07f7d2f16576676aef
demo_envs/close_fridge/evaluations/octo_close_fridge_uns_20260927_191613/42025.mp4,467898,b602da361252e820d269e89f8b0b65554fb886f5064df95bf2d07eeccd4b3eb2
demo_envs/close_fridge/evaluations/octo_close_fridge_uns_20260927_191613/42026.mp4,491750,d07e636f054d6ed40f1558223ada4eee6c5509420bd34d37c23733991716212f
demo_envs/close_fridge/evaluations/octo_close_fridge_uns_20260927_191613/42027.mp4,483264,011a70d6d5c87b2bd59351fd2206ce7fafe25f7694ce6d4f6089ccd060d77fb9
demo_envs/close_fridge/evaluations/octo_close_fridge_uns_20260927_191613/42028.mp4,489826,2873b7484628417414dae7cc460342ce350e148b0f1852b323d4da7def955fae
demo_envs/close_fridge/evaluations/octo_close_fridge_uns_20260927_191613/42029.mp4,510276,80e3827dec1af67986747317bd6f1e8af14bc94e679f65196258e7e24370d14b
demo_envs/close_showcase/evaluations/octo_close_showcase_robo_20260927_191613/0.mp4,1187580,6b16e904181ac1d4266ce8727643a6404e80d121716e5cd916f3b2b22072703e
demo_envs/close_showcase/evaluations/octo_close_showcase_robo_20260927_191613/100.mp4,1405420,076cb09d76b851b6b299d74d73eb96bf2605c144b70b92a5b7fe3a65263cd54c
demo_envs/close_showcase/evaluations/octo_close_showcase_robo_20260927_191613/104.mp4,1181076,ca7eaa2cdb749a8211312c3ccda16a9ca4ede6521e83cb757f1bb45997ea068b
demo_envs/close_showcase/evaluations/octo_close_showcase_robo_20260927_191613/108.mp4,884368,44853a8b5c00ea7003b2729131f1f616d53f3a43491f8937f16fdd5cdca15760
demo_envs/close_showcase/evaluations/octo_close_showcase_robo_20260927_191613/112.mp4,766591,4f302a2cc9b6488a91b06732c3d82767f35ef1e2eb1f2450cf413052b526ed7a
demo_envs/close_showcase/evaluations/octo_close_showcase_robo_20260927_191613/116.mp4,1024964,3bb24c86d2fb67584e2042ba373f94719be0687db3023fe6dbdc080d621a7596
demo_envs/close_showcase/evaluations/octo_close_showcase_robo_20260927_191613/12.mp4,853846,41ea82bd826596b788a3b77fe76981a32b0e8058926cfe4669d706660296ebb0
demo_envs/close_showcase/evaluations/octo_close_showcase_robo_20260927_191613/124.mp4,442921,809d36ba0694b1cc45800cef5c3a0ddec39d019683b070e2705402f9bbd5ed65
demo_envs/close_showcase/evaluations/octo_close_showcase_robo_20260927_191613/128.mp4,509862,13f837fbae55efce1260f6ed8fe12d0bc85a5f0fb11aa8dac4478233ce43ded6
demo_envs/close_showcase/evaluations/octo_close_showcase_robo_20260927_191613/132.mp4,1261076,734da1996d7e7ab8382939fc0ab28cc9f4a5ae2e21518e35206ac408db628424
demo_envs/close_showcase/evaluations/octo_close_showcase_robo_20260927_191613/136.mp4,1270032,47059a52771bfe3fbfe1281df0f4cb9f4417ceecb8446fd06d7f52ce1c895ebb
demo_envs/close_showcase/evaluations/octo_close_showcase_robo_20260927_191613/16.mp4,1281611,647209f9efe43f23ebff87f4138ddc0b60880ddd0abec01173bc9b7def515846
demo_envs/close_showcase/evaluations/octo_close_showcase_robo_20260927_191613/20.mp4,1039388,e75aa9390dd03df70407a1cf0738a765fa3ecef4daee327f53b562358fa93015
demo_envs/close_showcase/evaluations/octo_close_showcase_robo_20260927_191613/20260927_191627.h5,800,26c4d449632ea072317c16e9d4857e419b67e1b7751f81a89a87c8e75fe9484e
demo_envs/close_showcase/evaluations/octo_close_showcase_robo_20260927_191613/20260927_191627.json,1188,741f7175f9ce249c22138ff4ac9df5ef4d67c05984191b2eed2bc015de019c6b
demo_envs/close_showcase/evaluations/octo_close_showcase_robo_20260927_191613/28.mp4,1217939,096eb399c3043a6d151fc43aadd5fbde877970672e0ed6b389b44699f9e23364
demo_envs/close_showcase/evaluations/octo_close_showcase_robo_20260927_191613/32.mp4,834482,8819f038a51bcfaec70e733838a70d778a4935127a74ac4a18a94a658d763665
demo_envs/close_showcase/evaluations/octo_close_showcase_robo_20260927_191613/36.mp4,968815,6e716ad062159a2def5ea0d7b5c81a48131320dd8a5eadb55f43cf919c34971c
demo_envs/close_showcase/evaluations/octo_close_showcase_robo_20260927_191613/44.mp4,1081685,d8b3790e8fc714413ca2d02c81b8b4d7022a95c4ba770679f907565830e396ad
demo_envs/close_showcase/evaluations/octo_close_showcase_robo_20260927_191613/48.mp4,1185295,8029ee68b3e1fab264684da9938c8c96cc03e26d4a0578afc85bfb5b021ab61c
demo_envs/close_showcase/evaluations/octo_close_showcase_robo_20260927_191613/52.mp4,1159013,7ee2c2534cb8867f614f14be50e835cf73692ab342bcf94a64b374ae923fb689
demo_envs/close_showcase/evaluations/octo_close_showcase_robo_20260927_191613/56.mp4,1336073,3907504159c42eee88bb6351927a0a7ec8c5ffc0f720a8dbb29a25fd7fe2acf7
demo_envs/close_showcase/evaluations/octo_close_showcase_robo_20260927_191613/60.mp4,944340,fdb19d060fa02471642c9c05c53eb13fa7ff279d7e313b4f3db84095de6e37a9
demo_envs/close_showcase/evaluations/octo_close_showcase_robo_20260927_191613/64.mp4,1069420,38220df6186dbf79f16557768ab57e6e9975bd453076982fd62a352f58d83c41
demo_envs/close_showcase/evaluations/octo_close_showcase_robo_20260927_191613/68.mp4,658905,044288ec90cce356b203ef0a47a6e3b1247b5eb54f7b20058be4245d94b85d61
demo_envs/close_showcase/evaluations/octo_close_showcase_robo_20260927_191613/72.mp4,1194443,e6642da14a3e6f9efa0b6683a0aa5a97403475eaf68788a1dc79c9856bee36ed
demo_envs/close_showcase/evaluations/octo_close_showcase_robo_20260927_191613/76.mp4,836809,16271fc35d2f3b19ca6c65630031c9da73f709ba3dfb40cb7b3ea6aac8ea23a2
demo_envs/close_showcase/evaluations/octo_close_showcase_robo_20260927_191613/8.mp4,1302899,8206e26cd6cf9a5c734924d8242cf7dcbe501e38107fd289a3f20685660a6b0b
demo_envs/close_showcase/evaluations/octo_close_showcase_robo_20260927_191613/80.mp4,764262,d6558c1936b737c76c3f1cf77ccc4b9ab09e309eaa65947016bdbd4a3d879a7b
demo_envs/close_showcase/evaluations/octo_close_showcase_robo_20260927_191613/84.mp4,781246,0ddc2450cb426a9c54e6658f171d916049dc75be4e7aa1896d29c456f0d146a1
demo_envs/close_showcase/evaluations/octo_close_showcase_robo_20260927_191613/88.mp4,1254283,454abe13b172b5f66636fd6fcecd1c4b58c57a8d2aca29ab10589ddc340404ff
demo_envs/close_showcase/evaluations/octo_close_showcase_robo_20260927_191613/96.mp4,1012484,be2a40530f1ddad486ab304b0c0ad9aac9ce3106cb4bbf3dd3b5da4a4571328b
demo_envs/close_showcase/evaluations/octo_close_showcase_train_20260926_191655/0.mp4,894734,8daa37583f0c91f0bc0458f39a8f70ee006c3f616f2441a8effadd55ad63fef8
demo_envs/close_showcase/evaluations/octo_close_showcase_train_20260926_191655/100.mp4,1030731,c12ac3d53c0075a20e0a01cd49d2ae8d6b76bb73df1f592f4312796c0d3ac017
demo_envs/close_showcase/evaluations/octo_close_showcase_train_20260926_191655/104.mp4,475115,80fde504fcfd145e8c96742d37ff05d529403105b9586625595194565d7e74b0
demo_envs/close_showcase/evaluations/octo_close_showcase_train_20260926_191655/108.mp4,841253,332cae91ac131d1d37c58dcb491a0d3632be429d72f250541c8d4519690eb1de
demo_envs/close_showcase/evaluations/octo_close_showcase_train_20260926_191655/112.mp4,712768,a03558e42df5913e410bc84643e71c8a7c7c50ac19e899fa7501d44129cfa49a
demo_envs/close_showcase/evaluations/octo_close_showcase_train_20260926_191655/116.mp4,1002843,5987153e22cc9babfcaa127ea1783a6e7e891a17435255556c5702b521fd28f6
demo_envs/close_showcase/evaluations/octo_close_showcase_train_20260926_191655/12.mp4,1053588,306b078adf04155f359bf43e55fe69dac1fc0d9e4e7169f13d1de05467c6f03a
demo_envs/close_showcase/evaluations/octo_close_showcase_train_20260926_191655/124.mp4,595389,c6b5e8aa2191f5bbfdf0ae4d94fbf667d61a506e021bc8b2b51c25e848e4c066
demo_envs/close_showcase/evaluations/octo_close_showcase_train_20260926_191655/128.mp4,602494,11ab6097e241706e8547738c744f8c88ef00e0f7ef83a1fd1e95fce4eb13a988
demo_envs/close_showcase/evaluations/octo_close_showcase_train_20260926_191655/132.mp4,964917,94bc3f8073584954d726140131454f15b60bf73a1110087df30604fd868c91f0
demo_envs/close_showcase/evaluations/octo_close_showcase_train_20260926_191655/136.mp4,1056404,da59d32c7cbfb2ea5f6f63b5b952772a0d57a2e940a94c86c418bd26f8a44031
demo_envs/close_showcase/evaluations/octo_close_showcase_train_20260926_191655/16.mp4,1036739,583745710fb609ffd6ec146541042a1f9d8893ce8f7cf8a3a2c7112a23121d91
demo_envs/close_showcase/evaluations/octo_close_showcase_train_20260926_191655/20.mp4,741654,4900c5eca941d892751d34f454bff248b3f4373a652a3dc6bcf0ee3556d93fe4
demo_envs/close_showcase/evaluations/octo_close_showcase_train_20260926_191655/20260926_233943.h5,800,26c4d449632ea072317c16e9d4857e419b67e1b7751f81a89a87c8e75fe9484e
demo_envs/close_showcase/evaluations/octo_close_showcase_train_20260926_191655/20260926_233943.json,1188,741f7175f9ce249c22138ff4ac9df5ef4d67c05984191b2eed2bc015de019c6b
demo_envs/close_showcase/evaluations/octo_close_showcase_train_20260926_191655/28.mp4,1111847,38a17a0f4b869dd21dc2a955746cd756c7d3e6226a2c3f21365a478b8c82d27a
demo_envs/close_showcase/evaluations/octo_close_showcase_train_20260926_191655/32.mp4,1240251,3b850497f56aae1375e335d900c5e82206666693e0cef6c2c33b8fd61b183bbf
demo_envs/close_showcase/evaluations/octo_close_showcase_train_20260926_191655/36.mp4,942991,85065377823880491043b95307f0880f68b9888ee12674c06b71c42d95dd6851
demo_envs/close_showcase/evaluations/octo_close_showcase_train_20260926_191655/44.mp4,927311,b7e467a09c38598a261db6adb29ffbcaef6ce5b7e89fb8ce9cf860a1583c5709
demo_envs/close_showcase/evaluations/octo_close_showcase_train_20260926_191655/48.mp4,1062868,9b906223f28e0df50f452df8b7f9ebd77382caab12784a9e81f7ca870fa0411f
demo_envs/close_showcase/evaluations/octo_close_showcase_train_20260926_191655/52.mp4,1270757,6d9eb0e9dff708643e01ce4f220b6d2aebfa52ec93364571458ff92039b21c1e
demo_envs/close_showcase/evaluations/octo_close_showcase_train_20260926_191655/56.mp4,1274403,c4d0ae2e75122606618e137a1fcb595c84d46f5dcc5b24246b637754b021ae57
demo_envs/close_showcase/evaluations/octo_close_showcase_train_20260926_191655/60.mp4,984164,e4324f7bbaa2177297b7d9574590dad323043a1ffb442766db6397491ebf5604
demo_envs/close_showcase/evaluations/octo_close_showcase_train_20260926_191655/64.mp4,827506,df5fe5861a1004f48eb778f6084c138befe83f517cc3716163e41e77496073cd
demo_envs/close_showcase/evaluations/octo_close_showcase_train_20260926_191655/68.mp4,931062,fec915537f7789a8e98309df95c18d04f71f3c25210c145a83bee679c648a59e
demo_envs/close_showcase/evaluations/octo_close_showcase_train_20260926_191655/72.mp4,1216543,9f03143bfdcd21cc84ab0bbbaf4cc26d60f20760558aca2b39f96f6a02ab95a1
demo_envs/close_showcase/evaluations/octo_close_showcase_train_20260926_191655/76.mp4,937670,5ae9dad08aed617083ad9dbbb4bc4f7a2b4cadc777e4c5dee641b6e9279aa6ee
demo_envs/close_showcase/evaluations/octo_close_showcase_train_20260926_191655/8.mp4,1168641,8e365cd879bf95d76b3eca3e4d5fa335b9b95439f2e211e3e5574901e43471d8
demo_envs/close_showcase/evaluations/octo_close_showcase_train_20260926_191655/80.mp4,1039027,fc4a8974a4d11af41f1b40ed819f52a70ce431ec347c3c995b7ac94f7b008e98
demo_envs/close_showcase/evaluations/octo_close_showcase_train_20260926_191655/84.mp4,548293,6d7fa2c668debaca8850f2cd20545370269636cb96e1701e498ebfc45422cdca
demo_envs/close_showcase/evaluations/octo_close_showcase_train_20260926_191655/88.mp4,1001235,950f5e48543ad2062d2c78c23900270b07d92684a4aa18989df16c884d59e217
demo_envs/close_showcase/evaluations/octo_close_showcase_train_20260926_191655/96.mp4,1065621,44646f92d9bbcaaad1524fa2a58520f44c8e767bf46f052fa4aa56339d5b44d1
demo_envs/close_showcase/evaluations/octo_close_showcase_uns_20260927_191613/20260927_205958.h5,800,26c4d449632ea072317c16e9d4857e419b67e1b7751f81a89a87c8e75fe9484e
demo_envs/close_showcase/evaluations/octo_close_showcase_uns_20260927_191613/20260927_205958.json,1151,a71e1cf2eb5c86598226ed680c62a0216e4e9a0e5d2da3bbb570852b216316fc
demo_envs/close_showcase/evaluations/octo_close_showcase_uns_20260927_191613/42000.mp4,1112953,c775f61e0e5f2a0135a3a174536fda3cff477d01327f598fa11a69e8c1e9ea05
demo_envs/close_showcase/evaluations/octo_close_showcase_uns_20260927_191613/42001.mp4,1052070,9843daaa79fbacb5f7ed22e60876330ced711949ccda57cb1ba7100fa7e7e937
demo_envs/close_showcase/evaluations/octo_close_showcase_uns_20260927_191613/42002.mp4,884494,c0c3dae2715e8452228ae07e7cf13a146d92034e28f72a6bf1736a307c6335b4
demo_envs/close_showcase/evaluations/octo_close_showcase_uns_20260927_191613/42003.mp4,654142,dbba58cff3f5327ed341b330adc7935c961e9ad97dc3560edae2dc8eda73caf7
demo_envs/close_showcase/evaluations/octo_close_showcase_uns_20260927_191613/42004.mp4,1010967,71f9de52fee255c916c0c27be821b18105bcaa77a4222d98d84e343f0a277857
demo_envs/close_showcase/evaluations/octo_close_showcase_uns_20260927_191613/42005.mp4,166023,30f294d60cd438082939bf4d731d702e14ac9436994a0260144d6378e963b311
demo_envs/close_showcase/evaluations/octo_close_showcase_uns_20260927_191613/42006.mp4,900451,3af6a016ad0fb2c864e098d8b2369930ed931ac85a124640a80aff8a197a0021
demo_envs/close_showcase/evaluations/octo_close_showcase_uns_20260927_191613/42007.mp4,1012886,7aabf84194ebffe16f62b51a67fa64cbedf3d118ea09c85333e32c8467f6fc59
demo_envs/close_showcase/evaluations/octo_close_showcase_uns_20260927_191613/42008.mp4,1093354,a6289980115776d23772b4da78a862b84c00ad3e0864a8eeccda5c294355cf66
demo_envs/close_showcase/evaluations/octo_close_showcase_uns_20260927_191613/42009.mp4,637037,d4a8f2a3c105a35a12c0533c2f2e06fd116352c56100b7cca218cc0772de05da
demo_envs/close_showcase/evaluations/octo_close_showcase_uns_20260927_191613/42010.mp4,163920,1933fde330f453b6143d3bfcd05bdf6c094f60e8da7c0d4ad55e1c59703a23b9
demo_envs/close_showcase/evaluations/octo_close_showcase_uns_20260927_191613/42011.mp4,990161,9e766cf6da9524723f4a155c82bd0a40b69c8eb25ba0fb5fcd73133f84f54e46
demo_envs/close_showcase/evaluations/octo_close_showcase_uns_20260927_191613/42012.mp4,1148778,023fff3a280708ea4061529cdbf3d7c5dbff5ae6072549f13b6a97e432256ebd
demo_envs/close_showcase/evaluations/octo_close_showcase_uns_20260927_191613/42013.mp4,915845,2dd27a5b43675aba4301725ee31f674c9d3c62cbd0876b7f622b2b261474a2ef
demo_envs/close_showcase/evaluations/octo_close_showcase_uns_20260927_191613/42014.mp4,872713,657d274d89ed97e0f7035b776cda6d60bf40cbadcdba66535fbc4ca7f0860e4a
demo_envs/close_showcase/evaluations/octo_close_showcase_uns_20260927_191613/42015.mp4,1510519,95d2114ceece91237f0136e87d25293df2f5c0795bf077902ba0d2ad210c13ce
demo_envs/close_showcase/evaluations/octo_close_showcase_uns_20260927_191613/42016.mp4,764412,96b2728ba16ef9b58c86d7db75b237c41b1426bc6db1420d12e8a69345eccbfa
demo_envs/close_showcase/evaluations/octo_close_showcase_uns_20260927_191613/42017.mp4,889134,a9c23170b34ae3a8db0b17e3565b3e7fbc28aeda0ed64af74c392192cb0e3947
demo_envs/close_showcase/evaluations/octo_close_showcase_uns_20260927_191613/42018.mp4,987254,f0418e0388072bd95b3a2062a83f51b409aaf88a8fbba005d21ff4ab97ccc127
demo_envs/close_showcase/evaluations/octo_close_showcase_uns_20260927_191613/42019.mp4,114463,168099d761ec993593fb8ae0979a024c3a571cd883a82c03370badf4ce55a162
demo_envs/close_showcase/evaluations/octo_close_showcase_uns_20260927_191613/42020.mp4,1104452,0bd82ef94af979a3fa8671756fc24cbe36a9907cb8eaf49ca6eeb3ff08c3da1a
demo_envs/close_showcase/evaluations/octo_close_showcase_uns_20260927_191613/42021.mp4,978368,1820aeb02be1e8ab77f9e1859f22b53c37b13b4b91c3cd2aceb39c3fc2943e92
demo_envs/close_showcase/evaluations/octo_close_showcase_uns_20260927_191613/42022.mp4,948842,4cb1b7b5efc017307b36377b3e1cde72fb1f9ade15eed7ba2e079d80bd6e79e5
demo_envs/close_showcase/evaluations/octo_close_showcase_uns_20260927_191613/42023.mp4,959442,181ab5286fc0972066278096bce99a369f749bff3ebbcb614f23a375744d4bec
demo_envs/close_showcase/evaluations/octo_close_showcase_uns_20260927_191613/42024.mp4,1128806,c1465831616b4ac392703b696e388d6027b18a7364daf173f292d3598090cccd
demo_envs/close_showcase/evaluations/octo_close_showcase_uns_20260927_191613/42025.mp4,492208,37b0be9160fe0f3bfa6b7aadd68817d9d9b3ceaeb9cf63a528254f5ec295f6fa
demo_envs/close_showcase/evaluations/octo_close_showcase_uns_20260927_191613/42026.mp4,386339,ae6db8e0abe163840d74518db0308eb0a0cd7e44d07406da9c33603051e14d16
demo_envs/close_showcase/evaluations/octo_close_showcase_uns_20260927_191613/42027.mp4,576189,a5b2c1d5c44d205eec015f975c8e9d1983721a1ab1dae32cd5dee9148a3792cc
demo_envs/close_showcase/evaluations/octo_close_showcase_uns_20260927_191613/42028.mp4,1066880,60407f1e81203d0e77883d0ffe5dc0c644909eb6ca1dcc5b9b932d590e157220
demo_envs/close_showcase/evaluations/octo_close_showcase_uns_20260927_191613/42029.mp4,1098615,478028d7a2a5322e0ba75778625e9baaadd2b5dccfb27c605d753b883d215fef
demo_envs/move_from_board_to_board_duff/evaluations/octo_board_duff_robo_20260927_022850/100.mp4,799485,0efa600ce3fea4d5c0c8c270e2c05a6fcbed6c135220f83468535112a39aac02
demo_envs/move_from_board_to_board_duff/evaluations/octo_board_duff_robo_20260927_022850/112.mp4,626578,de13a2aac6f7b4b16698e2f43171a63c01ad874ef92405a916779771c6b5b21a
demo_envs/move_from_board_to_board_duff/evaluations/octo_board_duff_robo_20260927_022850/120.mp4,810067,d57038294b45cd4a5a5d0d71861c8081895ab468a648e254b8bd5865694ac77e
demo_envs/move_from_board_to_board_duff/evaluations/octo_board_duff_robo_20260927_022850/128.mp4,294043,55b2ed860fdd2add42f595ea6a0c55485e2166ab536510139535d03e77e7b9c3
demo_envs/move_from_board_to_board_duff/evaluations/octo_board_duff_robo_20260927_022850/132.mp4,849339,97f7de5de533f41cc5a16e528ca51b049d6289e2b5c3d4d2edcd04f7a9e2dcd6
demo_envs/move_from_board_to_board_duff/evaluations/octo_board_duff_robo_20260927_022850/140.mp4,711525,a641c004467f01bc7346334b5e880ca4a068e8120d87d3435a3e0f54f48c2708
demo_envs/move_from_board_to_board_duff/evaluations/octo_board_duff_robo_20260927_022850/148.mp4,538170,487e44594ef551ac8b321f6e20fefd55cc4cab0acc10dfeb5e35e39c61cf8a5b
demo_envs/move_from_board_to_board_duff/evaluations/octo_board_duff_robo_20260927_022850/152.mp4,833527,3e46e1cc7b67391c9986fb43ba46aae9a6eba8b76f0ffa29a62b7bc3bd0082b8
demo_envs/move_from_board_to_board_duff/evaluations/octo_board_duff_robo_20260927_022850/156.mp4,714423,f85c4358348614bc338b0800fca273211277603f4b299e273d19a423e1ea6fc0
demo_envs/move_from_board_to_board_duff/evaluations/octo_board_duff_robo_20260927_022850/160.mp4,675885,f44cddd9c9ddfe5249bcdcbc3f904a1d45e1dd9990e39352c74b7a54ed3cfcc0
demo_envs/move_from_board_to_board_duff/evaluations/octo_board_duff_robo_20260927_022850/164.mp4,323513,23fc1b3905ec02c234d6584a3312d694b9545c8a3980046887dcc5281e5beb60
demo_envs/move_from_board_to_board_duff/evaluations/octo_board_duff_robo_20260927_022850/168.mp4,687724,e1a3d3f2b6febc5516e1ba2cf5b70e733640336db2461404bfed4c8d3df8a8b2
demo_envs/move_from_board_to_board_duff/evaluations/octo_board_duff_robo_20260927_022850/176.mp4,269530,0eb1974a9ba4b9c36cb77bd9b12752e30de4da6e56d25f6d10cdc551c05d825f
demo_envs/move_from_board_to_board_duff/evaluations/octo_board_duff_robo_20260927_022850/184.mp4,752799,4ac1f9bd9777c93e1a2d4f96203565e173ed30b3b2750c97e51205417903df75
demo_envs/move_from_board_to_board_duff/evaluations/octo_board_duff_robo_20260927_022850/188.mp4,313697,fe50af92565af9d1a359d4d761e810115e82692b9bd7c1035e223f97a1dbcc27
demo_envs/move_from_board_to_board_duff/evaluations/octo_board_duff_robo_20260927_022850/192.mp4,800618,8d53fcbffda0c5dd319e6cc5d281b6406fe5c38cda530c2bf32784f0a4fab076
demo_envs/move_from_board_to_board_duff/evaluations/octo_board_duff_robo_20260927_022850/196.mp4,795577,3ba3c8d130ce7ccd48c7a4ac6705befe6c485fb4381500111bc1ab7fb1778484
demo_envs/move_from_board_to_board_duff/evaluations/octo_board_duff_robo_20260927_022850/20.mp4,688846,70e17d5c329816edde55e2d869a0483fa1169f00de7ae84e8a50ef8e87af2667
demo_envs/move_from_board_to_board_duff/evaluations/octo_board_duff_robo_20260927_022850/20260927_053346.h5,800,26c4d449632ea072317c16e9d4857e419b67e1b7751f81a89a87c8e75fe9484e
demo_envs/move_from_board_to_board_duff/evaluations/octo_board_duff_robo_20260927_022850/20260927_053346.json,1212,cda6d91a1489ac5fc61229c33d14855d09df6ec3ecba58adc7001200dd270cb1
demo_envs/move_from_board_to_board_duff/evaluations/octo_board_duff_robo_20260927_022850/204.mp4,758315,0e3fdb7a00dec51a81363c1538c58d69e059aca1d65f3686d582837c66953dc6
demo_envs/move_from_board_to_board_duff/evaluations/octo_board_duff_robo_20260927_022850/216.mp4,210495,6c9b187b59ef37e2660ac1d619f5c6ab642201eb5405d39858e67c8c6e1e52f2
demo_envs/move_from_board_to_board_duff/evaluations/octo_board_duff_robo_20260927_022850/24.mp4,657141,b59f5b07b4711928a6a17f0d49fa454d6beddde3dd8da4871bb88e56da45a66a
demo_envs/move_from_board_to_board_duff/evaluations/octo_board_duff_robo_20260927_022850/32.mp4,155079,29ebce145d70dc7e1e4fb0b3ac799e604c5580e74f74bb51be65dacbf38b9d2e
demo_envs/move_from_board_to_board_duff/evaluations/octo_board_duff_robo_20260927_022850/44.mp4,685360,558130d44222c5a48fe902b5ed0b3499d4b3082c33706b10e4d5d15d1f7805a7
demo_envs/move_from_board_to_board_duff/evaluations/octo_board_duff_robo_20260927_022850/48.mp4,882184,36eba690af5f405693674a571ba29257a87d286fa27343c1187428fcba59097e
demo_envs/move_from_board_to_board_duff/evaluations/octo_board_duff_robo_20260927_022850/56.mp4,830284,c79f4366ac9a7ee977e31b70da7dc0a4470caa57e0ef0895ef0b38c61845f38d
demo_envs/move_from_board_to_board_duff/evaluations/octo_board_duff_robo_20260927_022850/72.mp4,802248,cd40118d7e4eef8672d9f7e1e5cdedc93149daaedcf2b1a5769a47eb38dbce91
demo_envs/move_from_board_to_board_duff/evaluations/octo_board_duff_robo_20260927_022850/8.mp4,752507,004ab420ef5f530538cc36e51472bc8526bb4bdbd06267874184dea52105a0b1
demo_envs/move_from_board_to_board_duff/evaluations/octo_board_duff_robo_20260927_022850/88.mp4,876031,0e40b51aa97dc0b130de351b3bcc11feda48f76967cc1b58150b693948231159
demo_envs/move_from_board_to_board_duff/evaluations/octo_board_duff_robo_20260927_022850/92.mp4,763791,abb57089b0b13f3a83da8414c9b567a273b663c7460320170cdc130b43555436
demo_envs/move_from_board_to_board_duff/evaluations/octo_board_duff_robo_20260927_022850/96.mp4,476500,7c73e8d8890d9dc8766fbd3534fd381209841ff226e38d5c1d0b07bd0fc1affe
demo_envs/move_from_board_to_board_duff/evaluations/octo_board_duff_train_20260926_191655/100.mp4,785859,608c79eed6dfd3d5a480f817e97a88d2a95197a1260a2577ac63e4422e99a10e
demo_envs/move_from_board_to_board_duff/evaluations/octo_board_duff_train_20260926_191655/112.mp4,757480,85ca5266abacf822d05cc28aff758f363562bb2e77841ed41aa1d39b2d332692
demo_envs/move_from_board_to_board_duff/evaluations/octo_board_duff_train_20260926_191655/120.mp4,828999,6db8e7a2d9b4499127cf7eb3ce3e56851b4e0c6296da330b9e87185c1c4bf13a
demo_envs/move_from_board_to_board_duff/evaluations/octo_board_duff_train_20260926_191655/128.mp4,255108,3cb3cd0b46d522992cbaa11d18786f1438ee7f04627599d4e99086bd4d7ec4bb
demo_envs/move_from_board_to_board_duff/evaluations/octo_board_duff_train_20260926_191655/132.mp4,779778,5a9bb0af502ed6c56d3d67c9284fbfc77dce689c0166e4f2262aae1a92b03fc8
demo_envs/move_from_board_to_board_duff/evaluations/octo_board_duff_train_20260926_191655/140.mp4,571629,c082061668f7dbd5c585a698eefc923647132fa88b5a6ed5987faf3a8cb4575d
demo_envs/move_from_board_to_board_duff/evaluations/octo_board_duff_train_20260926_191655/148.mp4,575322,1212996edaf4fbeba3caeaef6a4a528c8b9d0332a42fc0a7d390b4633defa288
demo_envs/move_from_board_to_board_duff/evaluations/octo_board_duff_train_20260926_191655/152.mp4,727203,90f9773b94c3e46c1604c3e242294167e0257befc5f945bd6fa893419476d932
demo_envs/move_from_board_to_board_duff/evaluations/octo_board_duff_train_20260926_191655/156.mp4,559295,cd50f674235485e35bf86104422816fb910b6afaab4e85fac20e45e84df67ac6
demo_envs/move_from_board_to_board_duff/evaluations/octo_board_duff_train_20260926_191655/160.mp4,721725,2b70e6a1c721daa38150bd00e67a45b5059ab9becc6a457f9ee4847be8b7dfeb
demo_envs/move_from_board_to_board_duff/evaluations/octo_board_duff_train_20260926_191655/164.mp4,302925,e46361997c5baf17a2df6e093570789e3e402eb56f23c9e5648281fbc774d209
demo_envs/move_from_board_to_board_duff/evaluations/octo_board_duff_train_20260926_191655/168.mp4,827941,87a354d581590232062d884c85493a85944be6a5705eece7fa5b6269378c7ce9
demo_envs/move_from_board_to_board_duff/evaluations/octo_board_duff_train_20260926_191655/176.mp4,320666,bf74eb3423b0deb09a8d5dea5896be4072a07ce13cb44675561dd150b56150c1
demo_envs/move_from_board_to_board_duff/evaluations/octo_board_duff_train_20260926_191655/184.mp4,910938,d67e3cf07ba1876c2ba1e5972705893d65a6e9d6ba581ba6910ca7916e4ccd8a
demo_envs/move_from_board_to_board_duff/evaluations/octo_board_duff_train_20260926_191655/188.mp4,342940,f49c1bef7320f9f8b3514c8f97e6f08678c88715aa24380cf1f75f578df0b5de
demo_envs/move_from_board_to_board_duff/evaluations/octo_board_duff_train_20260926_191655/192.mp4,639189,61f6cea9bcbdd6c15ff7077d60166631818adcb4953f3e21a9712f54d361cfc9
demo_envs/move_from_board_to_board_duff/evaluations/octo_board_duff_train_20260926_191655/196.mp4,671248,08a26b032747ca64c78dbd2e46ba254c891c27a3672a7660cd3979bb444f7edc
demo_envs/move_from_board_to_board_duff/evaluations/octo_board_duff_train_20260926_191655/20.mp4,686636,a5ad5681382dddc580389e906786e039303bd38cb0234093a8262d15aa509fe3
demo_envs/move_from_board_to_board_duff/evaluations/octo_board_duff_train_20260926_191655/20260926_191709.h5,800,26c4d449632ea072317c16e9d4857e419b67e1b7751f81a89a87c8e75fe9484e
demo_envs/move_from_board_to_board_duff/evaluations/octo_board_duff_train_20260926_191655/20260926_191709.json,1212,cda6d91a1489ac5fc61229c33d14855d09df6ec3ecba58adc7001200dd270cb1
demo_envs/move_from_board_to_board_duff/evaluations/octo_board_duff_train_20260926_191655/204.mp4,859988,9d6f339e6596b3f6d3064d3d19bc9e2bf9611da2bac3ad8b945d7bf08ed811b0
demo_envs/move_from_board_to_board_duff/evaluations/octo_board_duff_train_20260926_191655/216.mp4,223833,5650949b3c3382714dbdedbf46b4f4e0d63730370cd3d3eb8931a27370e3535f
demo_envs/move_from_board_to_board_duff/evaluations/octo_board_duff_train_20260926_191655/24.mp4,781389,dc16aaf189292991ae63d52ccbe9866d97fe93f51bc87555f3f3d72081c6481b
demo_envs/move_from_board_to_board_duff/evaluations/octo_board_duff_train_20260926_191655/32.mp4,300541,fe67d04d0059939c27550e06c152778056aebeb8232393dd7f58742270da202d
demo_envs/move_from_board_to_board_duff/evaluations/octo_board_duff_train_20260926_191655/44.mp4,714944,149835d6c4ae14f0e0f397c3711ba8a6097b65c322f13eaf2964beeec65b937f
demo_envs/move_from_board_to_board_duff/evaluations/octo_board_duff_train_20260926_191655/48.mp4,660392,8f21a4f819d790bfd30d714e25e0fa7828d5ed30a0712dc758bb5b82836864d3
demo_envs/move_from_board_to_board_duff/evaluations/octo_board_duff_train_20260926_191655/56.mp4,926318,a8e16ba53a9b34d09b5edf51903d17dfaef81456ad4e2da8a9f861b5fb789928
demo_envs/move_from_board_to_board_duff/evaluations/octo_board_duff_train_20260926_191655/72.mp4,755682,d0a5834d802585d0d87ed339df81fb3a8010969b9ab70a99388ae2f99e76e7a2
demo_envs/move_from_board_to_board_duff/evaluations/octo_board_duff_train_20260926_191655/8.mp4,735252,916e6ae0428034a5f7e5e1560f875ce906ecc59554b7c9cc29ee7e06e910236a
demo_envs/move_from_board_to_board_duff/evaluations/octo_board_duff_train_20260926_191655/88.mp4,919471,cebccf33608557c305922beee42930274b57140c3cab39bc9d272ec71ac47ba3
demo_envs/move_from_board_to_board_duff/evaluations/octo_board_duff_train_20260926_191655/92.mp4,579659,9f3eb695ca7d2a6084937f699899ef95af1545121ea78f2f59cff6f3913ad133
demo_envs/move_from_board_to_board_duff/evaluations/octo_board_duff_train_20260926_191655/96.mp4,644620,b1810c9be1e9583f683761396616453c91161af5a66ce87a4bb1f07b4dc98822
demo_envs/move_from_board_to_board_nestle/evaluations/octo_board_nestle_robo_20260927_022850/0.mp4,436360,f295debe1c10ee3230186fead54e3c54030e60886949ee08a21057f61401a974
demo_envs/move_from_board_to_board_nestle/evaluations/octo_board_nestle_robo_20260927_022850/112.mp4,621625,6cba64e1b0355542926fe5adfac4eda5b9ba7cfe9506bd9e5a31273acffb03d3
demo_envs/move_from_board_to_board_nestle/evaluations/octo_board_nestle_robo_20260927_022850/12.mp4,855292,6adbaacb9f3ed9b44c00561fa64031bed30f3e3239ad149d8ac3e43357ebd042
demo_envs/move_from_board_to_board_nestle/evaluations/octo_board_nestle_robo_20260927_022850/124.mp4,597210,41e1ad8bc6dccb5ba647b1633621badc9024035aa7749d8a34f203368959d1a8
demo_envs/move_from_board_to_board_nestle/evaluations/octo_board_nestle_robo_20260927_022850/128.mp4,670417,6ef1a08e4c6370de79d60f9e6e484547bfc9dc28b2db8a1fffc8ec54271c40b8
demo_envs/move_from_board_to_board_nestle/evaluations/octo_board_nestle_robo_20260927_022850/132.mp4,649887,69b7183d5318c54caa4f4d3ed39124d37c8b164afc82af52ba1e2792d0382bd6
demo_envs/move_from_board_to_board_nestle/evaluations/octo_board_nestle_robo_20260927_022850/144.mp4,735158,789cdc4b4de9f8e1089204fcf1068f8ba060e365dab4465cede2dce7d61aac77
demo_envs/move_from_board_to_board_nestle/evaluations/octo_board_nestle_robo_20260927_022850/148.mp4,479256,9ce0339e06f23ae1376add5ff25c2f8ddccef76ea9b82063ea6273218406708c
demo_envs/move_from_board_to_board_nestle/evaluations/octo_board_nestle_robo_20260927_022850/156.mp4,884009,ae3f3a77ccdc7e58ae73ac8e03f0a3620593d46fd0a40976851252f6ac4a508a
demo_envs/move_from_board_to_board_nestle/evaluations/octo_board_nestle_robo_20260927_022850/160.mp4,678762,5a0c7aa33df3257639dc2d6646a433165380ca9993d4eac0158f065f5fd6a91d
demo_envs/move_from_board_to_board_nestle/evaluations/octo_board_nestle_robo_20260927_022850/176.mp4,599582,583c94a8b4ffe8395715b4bc89f59d044318fa3f5281fef4eade9efe5f8c83e5
demo_envs/move_from_board_to_board_nestle/evaluations/octo_board_nestle_robo_20260927_022850/184.mp4,797221,a8e38d151cb3ac6035d2ced38ead4cb05c4c8109f100afb78c9c5d8cd7f6f1e6
demo_envs/move_from_board_to_board_nestle/evaluations/octo_board_nestle_robo_20260927_022850/188.mp4,757687,8f11c0064b76602f14ff5f0042d90d4861bd760b3a12cec90302d75e03957500
demo_envs/move_from_board_to_board_nestle/evaluations/octo_board_nestle_robo_20260927_022850/192.mp4,751654,19263cd03e42e541d9fd3bfb7d03f67a3935080c20f7947a070219fb862d4188
demo_envs/move_from_board_to_board_nestle/evaluations/octo_board_nestle_robo_20260927_022850/20.mp4,665988,395f0bd130dd955875d06d023c954b1d3eeca7e978fd4c1a723cc33da080acbc
demo_envs/move_from_board_to_board_nestle/evaluations/octo_board_nestle_robo_20260927_022850/20260927_061643.h5,800,26c4d449632ea072317c16e9d4857e419b67e1b7751f81a89a87c8e75fe9484e
demo_envs/move_from_board_to_board_nestle/evaluations/octo_board_nestle_robo_20260927_022850/20260927_061643.json,1214,d142ae5c4444d1c77e7fb4d3e47854a04baba2b8461319725d41ca09b1b5ce82
demo_envs/move_from_board_to_board_nestle/evaluations/octo_board_nestle_robo_20260927_022850/212.mp4,581233,85b1d1b059a20d4448ec88c7c4953b23bb374e9ee9ed8d4139cb336418191eed
demo_envs/move_from_board_to_board_nestle/evaluations/octo_board_nestle_robo_20260927_022850/220.mp4,526465,ed503511cebdbd682b09c0df5a641f9a969ba100239a7d626bd1eb34267a73e4
demo_envs/move_from_board_to_board_nestle/evaluations/octo_board_nestle_robo_20260927_022850/24.mp4,792050,55be9452f3e25e703bfe88f0e08a751b54035615aa5e4380283039b729bb7725
demo_envs/move_from_board_to_board_nestle/evaluations/octo_board_nestle_robo_20260927_022850/244.mp4,943451,5e735b6c81b1e5a4d5f9d1a048de80d545c390cd5c0313fcc696000aff3ad363
demo_envs/move_from_board_to_board_nestle/evaluations/octo_board_nestle_robo_20260927_022850/256.mp4,705493,cffb112da6b13a4dd13cb371f53ad2667e494d9da489e939bad5e5fe6c04bc06
demo_envs/move_from_board_to_board_nestle/evaluations/octo_board_nestle_robo_20260927_022850/276.mp4,683471,c726681359d4967095637c42b00f87889c5d247aa159b2cbd4af04a691962c88
demo_envs/move_from_board_to_board_nestle/evaluations/octo_board_nestle_robo_20260927_022850/28.mp4,679005,1ad5034fc5afb665f8119ac5b09572f8cb4131c840d9be8fa885c417912d7a91
demo_envs/move_from_board_to_board_nestle/evaluations/octo_board_nestle_robo_20260927_022850/288.mp4,698198,af61aac01e04c8103807f5342d371bd16b942c3c5e96d583e29838f131c42d89
demo_envs/move_from_board_to_board_nestle/evaluations/octo_board_nestle_robo_20260927_022850/296.mp4,330386,aed657b94e685febeb9c8bdb60b7ac407e38dbe5b77c84cb2fca4eaf676b6b22
demo_envs/move_from_board_to_board_nestle/evaluations/octo_board_nestle_robo_20260927_022850/304.mp4,899089,3a4967f646807d154217c58cc7e7a0b9b8eac1c989dec83cc040b9568c53e47d
demo_envs/move_from_board_to_board_nestle/evaluations/octo_board_nestle_robo_20260927_022850/308.mp4,743540,9429a747fc6190126d3880dac3feba6e067ee5586062c280c8c2a0b3a8379d4e
demo_envs/move_from_board_to_board_nestle/evaluations/octo_board_nestle_robo_20260927_022850/44.mp4,442002,db651f772a95ce66573c1248fa9deb0e001d39efe95a28d78a10bb9530b24d64
demo_envs/move_from_board_to_board_nestle/evaluations/octo_board_nestle_robo_20260927_022850/60.mp4,621185,0426b6dddada81bafef21775124a77bd926cb53a9d7ee04435157ce027f0d2d7
demo_envs/move_from_board_to_board_nestle/evaluations/octo_board_nestle_robo_20260927_022850/68.mp4,664215,2815add0c1a896988f0bb93358f042af2567e539a4bb9bd43edc6a97f0408656
demo_envs/move_from_board_to_board_nestle/evaluations/octo_board_nestle_robo_20260927_022850/80.mp4,790616,85c7b8189ac641be2fe6604345df321df84ebd3d588b9191a6445a73d98fc9bf
demo_envs/move_from_board_to_board_nestle/evaluations/octo_board_nestle_train_20260926_191655/0.mp4,388438,1aaf275831f0525e1dc6f38084ba44237cd64894802f5c0a9957ef0c6d4de2fb
demo_envs/move_from_board_to_board_nestle/evaluations/octo_board_nestle_train_20260926_191655/112.mp4,615145,1a287b4a58ca14d3d29b5fbff1e68fbfa7cd0837129ec9d103072b08eec51fdd
demo_envs/move_from_board_to_board_nestle/evaluations/octo_board_nestle_train_20260926_191655/12.mp4,761754,2a238781e0d675bdf2ba9aa0612ee3442453b7c76454a3669b33efeea5e1607c
demo_envs/move_from_board_to_board_nestle/evaluations/octo_board_nestle_train_20260926_191655/124.mp4,695647,c1606c376dab0d71ea001a877d2f2316d4e04991bc09f75e05a469b7b14cda78
demo_envs/move_from_board_to_board_nestle/evaluations/octo_board_nestle_train_20260926_191655/128.mp4,605402,b32cf3bf1397b5f24c1582265bc151ec56b5d4c30b9796fd598e0342a9eeb7ed
demo_envs/move_from_board_to_board_nestle/evaluations/octo_board_nestle_train_20260926_191655/132.mp4,701224,038d66541adb35a7abb37e3aa92a0799802fdbfb33f3b74747a8e700ec1d08ad
demo_envs/move_from_board_to_board_nestle/evaluations/octo_board_nestle_train_20260926_191655/144.mp4,793743,8ebb0c391f99602a9d31c8994d001f5a8291d2c1430455603c6093c74f56e0a0
demo_envs/move_from_board_to_board_nestle/evaluations/octo_board_nestle_train_20260926_191655/148.mp4,462148,f4b40b6a8c40cea2fc8588cb2ec4f59832900da837f7e11ff6407e93ee4cec39
demo_envs/move_from_board_to_board_nestle/evaluations/octo_board_nestle_train_20260926_191655/156.mp4,615064,8661d799a3f3734e8766d210466c20b674937b764275e14d5c1fbc35d19dbb3d
demo_envs/move_from_board_to_board_nestle/evaluations/octo_board_nestle_train_20260926_191655/160.mp4,710225,122d4d4e3df49b1158f6350320ad4ad3f03f2246e0ccc51de2175796354cd007
demo_envs/move_from_board_to_board_nestle/evaluations/octo_board_nestle_train_20260926_191655/176.mp4,673375,b4b9e3f4542a7992fc52c1611f887dd656c3dc40265f6de49c0fa6f4d6a499f6
demo_envs/move_from_board_to_board_nestle/evaluations/octo_board_nestle_train_20260926_191655/184.mp4,920045,c45443b906451715f784f79aaedce4503a06db6055923ff9316e2ae0ac02396e
demo_envs/move_from_board_to_board_nestle/evaluations/octo_board_nestle_train_20260926_191655/188.mp4,670194,55ab6ad142e8822c905fe0453823eb3999f4a81eba200f6fce549c61bd7e2dd9
demo_envs/move_from_board_to_board_nestle/evaluations/octo_board_nestle_train_20260926_191655/192.mp4,747866,220b749d8e1ac433b7e10854c3bdca8c28b9912fa72b1173f8cbee7d2b1239b0
demo_envs/move_from_board_to_board_nestle/evaluations/octo_board_nestle_train_20260926_191655/20.mp4,655359,5d87f0bfcceca848fc64b7a986e5f2d8577d005d0766957aca15ff879047d1f2
demo_envs/move_from_board_to_board_nestle/evaluations/octo_board_nestle_train_20260926_191655/20260926_200312.h5,800,26c4d449632ea072317c16e9d4857e419b67e1b7751f81a89a87c8e75fe9484e
demo_envs/move_from_board_to_board_nestle/evaluations/octo_board_nestle_train_20260926_191655/20260926_200312.json,1214,d142ae5c4444d1c77e7fb4d3e47854a04baba2b8461319725d41ca09b1b5ce82
demo_envs/move_from_board_to_board_nestle/evaluations/octo_board_nestle_train_20260926_191655/212.mp4,528397,14c05a44c9062ff2e449f6688afe823405fc488259a6cb0561e48341de3ca31c
demo_envs/move_from_board_to_board_nestle/evaluations/octo_board_nestle_train_20260926_191655/220.mp4,537003,63e4de7c5aa992d9f6d99111d77043829f81b5825a035fd8a73d02708dfe8af1
demo_envs/move_from_board_to_board_nestle/evaluations/octo_board_nestle_train_20260926_191655/24.mp4,805334,234d05f318d0173923e3e1fb918485bbb3b51231b0d9963ee44cadeb679c69ee
demo_envs/move_from_board_to_board_nestle/evaluations/octo_board_nestle_train_20260926_191655/244.mp4,908466,fa0d5cbe249ac02869f05ebe849fd0ff14762041700088151897e2fa9cb8dfce
demo_envs/move_from_board_to_board_nestle/evaluations/octo_board_nestle_train_20260926_191655/256.mp4,689107,c1bd3ccd999db76e302195bdf9d8a2552f345e46d43a1b7dff87409eb5c87437
demo_envs/move_from_board_to_board_nestle/evaluations/octo_board_nestle_train_20260926_191655/276.mp4,560053,38804b81bd7e8e9d13c5d614f024ae32f86011294528e30a7140bf15761203d4
demo_envs/move_from_board_to_board_nestle/evaluations/octo_board_nestle_train_20260926_191655/28.mp4,574335,10f5b8c511236af6d079ef4cd6e496ac09a9159e3701843b1cee3e6ba3fa3c94
demo_envs/move_from_board_to_board_nestle/evaluations/octo_board_nestle_train_20260926_191655/288.mp4,664105,476f4000a2fd3dfd74640cf2d3a7697d46e6fcc5d684e1293fc557f87ae13767
demo_envs/move_from_board_to_board_nestle/evaluations/octo_board_nestle_train_20260926_191655/296.mp4,440412,8d8a8cc14e1e7e1a6fd74d0c4fc7bfe6ac895c63bba51614bb901529b8f801e5
demo_envs/move_from_board_to_board_nestle/evaluations/octo_board_nestle_train_20260926_191655/304.mp4,867837,22cd83b6a3e08cb818ec1e08644a5e893794458e116e3857a30416ced34dc7c3
demo_envs/move_from_board_to_board_nestle/evaluations/octo_board_nestle_train_20260926_191655/308.mp4,668582,145470399998ac4275647077bd6799860d75ec503a2b940996388e8ec8f17eba
demo_envs/move_from_board_to_board_nestle/evaluations/octo_board_nestle_train_20260926_191655/44.mp4,395351,9cbb88336dc3ef90a1b0563a77e8c3baf806772f9fc981d2b39582089080022a
demo_envs/move_from_board_to_board_nestle/evaluations/octo_board_nestle_train_20260926_191655/60.mp4,598099,804cadb4bb599949213cba261d051dd3a16a73cb87c454839a556d9f0012518f
demo_envs/move_from_board_to_board_nestle/evaluations/octo_board_nestle_train_20260926_191655/68.mp4,673063,d8bb74cc9d91746e4967de749e03b2bea1ada5912ab215cce0c17b837080240f
demo_envs/move_from_board_to_board_nestle/evaluations/octo_board_nestle_train_20260926_191655/80.mp4,734698,ddb4c7fee1ddec5077aa93b3b6f155bba7eca10f9f087ceed230178090ac4439
demo_envs/move_from_board_to_board_vanish/evaluations/octo_board_vanish_robo_20260927_022850/108.mp4,795709,097bbe340237dc1ca98a910174496d2161d825af2184e683d2cd419f2ae3f32a
demo_envs/move_from_board_to_board_vanish/evaluations/octo_board_vanish_robo_20260927_022850/128.mp4,608090,683f3d7014684a1978f923208a7a4454b0902e92b4144b3912c40dd86a350988
demo_envs/move_from_board_to_board_vanish/evaluations/octo_board_vanish_robo_20260927_022850/132.mp4,771748,25c58c7a918d9b685ebf6f52f9c05025ab4d02e64a9740ae32a36525bb10393d
demo_envs/move_from_board_to_board_vanish/evaluations/octo_board_vanish_robo_20260927_022850/176.mp4,564745,1c9d13b33baa0c25cb18c84a1b11a321d9462c6cf737528677788fb7ef09b2c8
demo_envs/move_from_board_to_board_vanish/evaluations/octo_board_vanish_robo_20260927_022850/184.mp4,768587,0eebffd3c35c205e0abb9fbe6b4db2df6add95ae40c1f94263a2532f59551bff
demo_envs/move_from_board_to_board_vanish/evaluations/octo_board_vanish_robo_20260927_022850/188.mp4,639172,ccfc144789b016d3f9b231129a777f669bd409befe7085c159399da4503eb001
demo_envs/move_from_board_to_board_vanish/evaluations/octo_board_vanish_robo_20260927_022850/192.mp4,763712,96edd0ea9a761f546785dd65bd263768f446cb942e11b4737431178bcdb90e6d
demo_envs/move_from_board_to_board_vanish/evaluations/octo_board_vanish_robo_20260927_022850/20260927_070236.h5,800,26c4d449632ea072317c16e9d4857e419b67e1b7751f81a89a87c8e75fe9484e
demo_envs/move_from_board_to_board_vanish/evaluations/octo_board_vanish_robo_20260927_022850/20260927_070236.json,1217,2e288cc81feacdac59be019fb120375af22cfcd4af3887ab4afe8cb3b7221804
demo_envs/move_from_board_to_board_vanish/evaluations/octo_board_vanish_robo_20260927_022850/204.mp4,672991,e900a7ff63b64393e93aae7aa9d4c1cf1a647202df5a13b9f86854aef0ef51ee
demo_envs/move_from_board_to_board_vanish/evaluations/octo_board_vanish_robo_20260927_022850/220.mp4,452644,9d92d388e5e2948283c61f8c36a9fa75517012e3dc1c0a1222c249dce9310e31
demo_envs/move_from_board_to_board_vanish/evaluations/octo_board_vanish_robo_20260927_022850/24.mp4,842808,445b8268aa73990825528f5aebc74fbb594e85b8eea7205692d05da783db1e00
demo_envs/move_from_board_to_board_vanish/evaluations/octo_board_vanish_robo_20260927_022850/272.mp4,678364,f869a4c5f93b0fceda32e6fa7598794dc355a9fbb995eda0a4a3302662961ba1
demo_envs/move_from_board_to_board_vanish/evaluations/octo_board_vanish_robo_20260927_022850/28.mp4,677844,0a80cf287c15ac9f342e18f306c2bf1cf77a69b8b6514231293c08c1d0c94b97
demo_envs/move_from_board_to_board_vanish/evaluations/octo_board_vanish_robo_20260927_022850/288.mp4,726580,6639090783ff7d26aae1ea48f0edcc008ba4274c6c699b20ac82b4efc6a5d436
demo_envs/move_from_board_to_board_vanish/evaluations/octo_board_vanish_robo_20260927_022850/296.mp4,334987,3877474aeb2d31e3e94a0e19a461ab61914098a7553c396f25c944bb0c44f63a
demo_envs/move_from_board_to_board_vanish/evaluations/octo_board_vanish_robo_20260927_022850/300.mp4,705750,20fc6a28a55f1c9a6ebc196a062a739a7312abb5726d2e2d13616d8ef7791668
demo_envs/move_from_board_to_board_vanish/evaluations/octo_board_vanish_robo_20260927_022850/304.mp4,811512,f13a2a663382c9f57ece06a697b4bbd998ed1c4e0ba977b4387e6926413be51a
demo_envs/move_from_board_to_board_vanish/evaluations/octo_board_vanish_robo_20260927_022850/336.mp4,788925,9cd4415142a3cdaefc3cf892bb1f1f3bae1babb9acceff3f7556d9491d4b753f
demo_envs/move_from_board_to_board_vanish/evaluations/octo_board_vanish_robo_20260927_022850/348.mp4,813321,3638996255329906e951337c07e73f348c996e38e3285c34ccd05b1eecae3353
demo_envs/move_from_board_to_board_vanish/evaluations/octo_board_vanish_robo_20260927_022850/352.mp4,676647,5ba21b08d1285b541b93a4a6b0e6463eb33f9ebf8dfe5860ac26d0022888b77a
demo_envs/move_from_board_to_board_vanish/evaluations/octo_board_vanish_robo_20260927_022850/380.mp4,789864,8f4afd7c4ace108dfb214121119c00358566271aa60f50bb916e49208ad228a5
demo_envs/move_from_board_to_board_vanish/evaluations/octo_board_vanish_robo_20260927_022850/408.mp4,644220,01bbc301dc075033ff90cfdf72f0da216d2a64cb7eb41bde83e6504b108e3a13
demo_envs/move_from_board_to_board_vanish/evaluations/octo_board_vanish_robo_20260927_022850/412.mp4,694424,afcce34327675182550ab71a98ea6abeaef21977ac86a7f367b53577320f8113
demo_envs/move_from_board_to_board_vanish/evaluations/octo_board_vanish_robo_20260927_022850/420.mp4,604633,8ab05983c0dc9d15cbfd83a9623985ccaeffcddf3761ba3ec47faf2773e1ec4c
demo_envs/move_from_board_to_board_vanish/evaluations/octo_board_vanish_robo_20260927_022850/428.mp4,791014,87b86c5c13b464d596d9657d0dae0249d1db36ef8bea15d95c4d24be121af7b3
demo_envs/move_from_board_to_board_vanish/evaluations/octo_board_vanish_robo_20260927_022850/448.mp4,751269,97d413b0a65b8fec6ebf9e08f51bb9689fff57d4c5d226a9035fa90fbcad8737
demo_envs/move_from_board_to_board_vanish/evaluations/octo_board_vanish_robo_20260927_022850/452.mp4,851879,baa5ce34f5ed0aaeeb8b805a05498c6e8cc4667047944c3d181bfc7e4c64e29c
demo_envs/move_from_board_to_board_vanish/evaluations/octo_board_vanish_robo_20260927_022850/460.mp4,700510,e63f24d3af9a5acd2e4e3d2be8f36f1de70a7494fa720c0d521bdfdf923b5f24
demo_envs/move_from_board_to_board_vanish/evaluations/octo_board_vanish_robo_20260927_022850/68.mp4,739655,fa637ea0dfc1d88666f74aa0244c9a05d53b5205914b257e793034c575cb2b46
demo_envs/move_from_board_to_board_vanish/evaluations/octo_board_vanish_robo_20260927_022850/8.mp4,219556,9f966282b91194a9d736e5d253951dca2b1e2fa092f6e61c9796b1dbfea13d2e
demo_envs/move_from_board_to_board_vanish/evaluations/octo_board_vanish_robo_20260927_022850/84.mp4,922621,a0133cb9c6d4885a9e91f59a94046b4055fcb824a67ce0e50382bb3023b971d8
demo_envs/move_from_board_to_board_vanish/evaluations/octo_board_vanish_train_20260926_191655/108.mp4,626200,56c97db49949c1fb380626331727040822c6c1bccd29fb881bde69496d1b3d85
demo_envs/move_from_board_to_board_vanish/evaluations/octo_board_vanish_train_20260926_191655/128.mp4,610989,d2f6021c01ecc169f32a149e831230ba89a3d32660bf74043ccbfcadb749c05f
demo_envs/move_from_board_to_board_vanish/evaluations/octo_board_vanish_train_20260926_191655/132.mp4,753948,0bbf9d0aae72d56d83974aca4829c5aea7a1a6d877ebdd6490bc5a75bf30f3b8
demo_envs/move_from_board_to_board_vanish/evaluations/octo_board_vanish_train_20260926_191655/176.mp4,585932,14e92764bb823082e98d4fcce98ee20b22632289dc43347549abf23b597540f9
demo_envs/move_from_board_to_board_vanish/evaluations/octo_board_vanish_train_20260926_191655/184.mp4,767089,0e01305855e14fc504d0d87e6deb2842990051400a43a3423fcb4a7559221c55
demo_envs/move_from_board_to_board_vanish/evaluations/octo_board_vanish_train_20260926_191655/188.mp4,692285,8fb9c9673f06a41f2bfbbb2a2e8e88450c35429e06c17f1e550472ec42d8ee13
demo_envs/move_from_board_to_board_vanish/evaluations/octo_board_vanish_train_20260926_191655/192.mp4,758706,6fe363c32049b38d71219a62e5b5a58922bd0fab57709bf1b33ed0f61daec21f
demo_envs/move_from_board_to_board_vanish/evaluations/octo_board_vanish_train_20260926_191655/20260926_205033.h5,800,26c4d449632ea072317c16e9d4857e419b67e1b7751f81a89a87c8e75fe9484e
demo_envs/move_from_board_to_board_vanish/evaluations/octo_board_vanish_train_20260926_191655/20260926_205033.json,1217,2e288cc81feacdac59be019fb120375af22cfcd4af3887ab4afe8cb3b7221804
demo_envs/move_from_board_to_board_vanish/evaluations/octo_board_vanish_train_20260926_191655/204.mp4,791100,2c6241e223b25b9d0bf5f66c710750a37e0605800e5822544dc61a6c46e57283
demo_envs/move_from_board_to_board_vanish/evaluations/octo_board_vanish_train_20260926_191655/220.mp4,592957,8ed1c8edc2a722535de91cd75326e51469c04be846b23122791afe98911519c2
demo_envs/move_from_board_to_board_vanish/evaluations/octo_board_vanish_train_20260926_191655/24.mp4,794699,0bfdcc44503d8c439a58cd226b607f70878b423e05b3f461956312927522249d
demo_envs/move_from_board_to_board_vanish/evaluations/octo_board_vanish_train_20260926_191655/272.mp4,750722,d213dd800fcd6c2a1bb60335aeac6cb689ba896864f9332bd146fab8e2898933
demo_envs/move_from_board_to_board_vanish/evaluations/octo_board_vanish_train_20260926_191655/28.mp4,657141,f619d21f48b3538388489c986d417c5bebc681a84230639e310a1265d6e640f0
demo_envs/move_from_board_to_board_vanish/evaluations/octo_board_vanish_train_20260926_191655/288.mp4,630671,50dbcecd895e2d0b3ea122b3ebabdb6094a8ba01796daabb428ccf84e951267c
demo_envs/move_from_board_to_board_vanish/evaluations/octo_board_vanish_train_20260926_191655/296.mp4,377598,30a8576ce87eabe385aa020572a24c2db9912cd28955fc7ee4f311226509cc42
demo_envs/move_from_board_to_board_vanish/evaluations/octo_board_vanish_train_20260926_191655/300.mp4,639614,a31d9b660ddae0d336c9551db18d3b70e1d285cb29a5d25a556ac797df7e65eb
demo_envs/move_from_board_to_board_vanish/evaluations/octo_board_vanish_train_20260926_191655/304.mp4,833733,97ad2d3b87eddb2ca815a8346e716f030f432d0e85074072a1aa003ca1cd129c
demo_envs/move_from_board_to_board_vanish/evaluations/octo_board_vanish_train_20260926_191655/336.mp4,753758,d55dff4bae56343fc2f107535caaeba6c25934811234c1f8f1b57949bf9fcf51
demo_envs/move_from_board_to_board_vanish/evaluations/octo_board_vanish_train_20260926_191655/348.mp4,731482,4df20b4c98058327ff5d634687a6bf8ec605b2787cb6522e3e654b8c30790365
demo_envs/move_from_board_to_board_vanish/evaluations/octo_board_vanish_train_20260926_191655/352.mp4,676701,b62b9fc21207b5f13920ddde8f6b75afdf5d6c54cdedaeff1c1ccf723b865fdf
demo_envs/move_from_board_to_board_vanish/evaluations/octo_board_vanish_train_20260926_191655/380.mp4,719916,cedd0b65ddd3b40aa347fe876c15e8d221e0bc0586e67564fc49db4577a2d2ef
demo_envs/move_from_board_to_board_vanish/evaluations/octo_board_vanish_train_20260926_191655/408.mp4,735061,c58bff51cbf17f3258e1c76823419f5a7def3760d1c49fed0057ab0c60293b4c
demo_envs/move_from_board_to_board_vanish/evaluations/octo_board_vanish_train_20260926_191655/412.mp4,672335,4912b58ebec6d2061504ce6efaf4e783587c2f415d6bdbae3261b4b4638b90c6
demo_envs/move_from_board_to_board_vanish/evaluations/octo_board_vanish_train_20260926_191655/420.mp4,603365,97682f4e84337a5f8032b7a8b8a5539ea431e2caa713bc8cc0636a2971d0e8c1
demo_envs/move_from_board_to_board_vanish/evaluations/octo_board_vanish_train_20260926_191655/428.mp4,671064,591972a0848cd4efd6e931879de170c10cd6dfcab4808ccb69490ea509f0ec94
demo_envs/move_from_board_to_board_vanish/evaluations/octo_board_vanish_train_20260926_191655/448.mp4,774672,3ece292123f76e8f7c71a709cec020fef5e4769b8acd392ec9bb653fd42cdd8f
demo_envs/move_from_board_to_board_vanish/evaluations/octo_board_vanish_train_20260926_191655/452.mp4,904988,5a9e96f6d74a77a3b6c3fbb1c935965732045fdd47d5050890c9b26ae6d1246d
demo_envs/move_from_board_to_board_vanish/evaluations/octo_board_vanish_train_20260926_191655/460.mp4,691224,c012e71aca9702ff2fae888b345f76850804c1f6406031b373fb91398c0ae332
demo_envs/move_from_board_to_board_vanish/evaluations/octo_board_vanish_train_20260926_191655/68.mp4,739751,915c3b44f9a66dcb26b029119cb4bf6d2217d9c0e4b544a1dbd4390b9ccc9641
demo_envs/move_from_board_to_board_vanish/evaluations/octo_board_vanish_train_20260926_191655/8.mp4,173169,26a4e1062aa1bdf4246b07b5167ef1336a54e03546c147c0a5db215780d7e1e4
demo_envs/move_from_board_to_board_vanish/evaluations/octo_board_vanish_train_20260926_191655/84.mp4,795345,8917a5910f03a924aca0f811bfe3e3bea03bb8b1fcf3e2c4e9d86e386f1f6fdc
demo_envs/open_fridge/evaluations/octo_open_fridge_robo_20260927_022850/0.mp4,686799,43ed1236d57ca2e5217a236d100b24c5211ad847bcd43ce79854eb7aceea6bc3
demo_envs/open_fridge/evaluations/octo_open_fridge_robo_20260927_022850/100.mp4,573445,be010fc380df13959b01c1b64412d30b649ccb0a5df62226bf0eab9803b96758
demo_envs/open_fridge/evaluations/octo_open_fridge_robo_20260927_022850/104.mp4,544185,056800f8cc19f68d39d6b49567c7286edd2a7e0216e8dcd5e15f55cf64a790b8
demo_envs/open_fridge/evaluations/octo_open_fridge_robo_20260927_022850/108.mp4,533855,99959c52f6b84e4d9d67aee7cd29439db03bce086bf7dfb93c7045c6ef51f24e
demo_envs/open_fridge/evaluations/octo_open_fridge_robo_20260927_022850/112.mp4,523601,d5aa25ee1966f162de53b6e8761dad5d278817dd8d1f0a9323d693675e5517b1
demo_envs/open_fridge/evaluations/octo_open_fridge_robo_20260927_022850/116.mp4,551443,9e9b963586567fe85dcb4cdd93af72b03854ef5b52eb65eb4e2626e1216c9314
demo_envs/open_fridge/evaluations/octo_open_fridge_robo_20260927_022850/12.mp4,498692,7bba569c88433f1e7b864e774bbcfc0dc9d7ed0cc4ed1493f9140fb4878b6bcd
demo_envs/open_fridge/evaluations/octo_open_fridge_robo_20260927_022850/16.mp4,522467,bd1449052fe585f1ba00a9f5fa01d85e09fc1b2696b45c883df7a70d8aba17cd
demo_envs/open_fridge/evaluations/octo_open_fridge_robo_20260927_022850/20.mp4,679053,abbdf6d396735f965e61c34de0e0f43ab5c03312258d8502ac89b79e04b3f6e0
demo_envs/open_fridge/evaluations/octo_open_fridge_robo_20260927_022850/20260927_074914.h5,800,26c4d449632ea072317c16e9d4857e419b67e1b7751f81a89a87c8e75fe9484e
demo_envs/open_fridge/evaluations/octo_open_fridge_robo_20260927_022850/20260927_074914.json,1183,9ba5d76a5c7b9ea43930d44dc562f04b921afde48e3180f0f49b87f46062fe96
demo_envs/open_fridge/evaluations/octo_open_fridge_robo_20260927_022850/24.mp4,465736,3b4180c42b9100f8ffb97d24aa6ab6375cac26e9f690ab8f7c51920d2568952c
demo_envs/open_fridge/evaluations/octo_open_fridge_robo_20260927_022850/28.mp4,531459,b273c271afd1557f8c625c12ba66201a301d10a41d25f422aa3698c3e6921a67
demo_envs/open_fridge/evaluations/octo_open_fridge_robo_20260927_022850/32.mp4,525158,7f2dc03a49af84edde96c653166fa8a674ed284d3a8b1bedbe5caaa67c4864cb
demo_envs/open_fridge/evaluations/octo_open_fridge_robo_20260927_022850/36.mp4,513839,34baef5f1bccaff04ce7d4f6a5ef7125ac190585ef95286ca1a16b169a81c380
demo_envs/open_fridge/evaluations/octo_open_fridge_robo_20260927_022850/4.mp4,604646,245f3463ad21314da0b6d78142760fab07b9a57e16005f47edba2292d15f7e65
demo_envs/open_fridge/evaluations/octo_open_fridge_robo_20260927_022850/40.mp4,632082,695cd3662b6a20a039ac3b12084badbbed94bf57cbafb6de3f3a62e6947f0331
demo_envs/open_fridge/evaluations/octo_open_fridge_robo_20260927_022850/44.mp4,479303,3afe5a8d73dee677210232efb7a99887866999f860a1d19733548c6d663b19af
demo_envs/open_fridge/evaluations/octo_open_fridge_robo_20260927_022850/48.mp4,447674,b2488b04d11c2a26e72baae2b10ad8f4c3644310ba601a882ca51e531c33a100
demo_envs/open_fridge/evaluations/octo_open_fridge_robo_20260927_022850/52.mp4,697016,5a1280da43f5156c85c11c40323c979166882ae42093fe9c8a68c8994157948d
demo_envs/open_fridge/evaluations/octo_open_fridge_robo_20260927_022850/56.mp4,669567,d3153ed7dcbcc0828110f1b2e1dde83ab995844e7059d5df6c84d72c0d4cc666
demo_envs/open_fridge/evaluations/octo_open_fridge_robo_20260927_022850/60.mp4,569584,f1328c21f617596de4e25fffa11d4ac0b902efc16681087e0141d1427bb89b78
demo_envs/open_fridge/evaluations/octo_open_fridge_robo_20260927_022850/64.mp4,492250,5b5b12f2e06644310c93f834a5edbd94a10a0499b047611e1c7bd9c23b11569f
demo_envs/open_fridge/evaluations/octo_open_fridge_robo_20260927_022850/68.mp4,479309,4b88a94673cc31f3f56f13d6b0cb13140f5cd4582310eba382089a050a8d04a6
demo_envs/open_fridge/evaluations/octo_open_fridge_robo_20260927_022850/72.mp4,524181,d8e3047444b66d6bdf57bc4d3b7eada562aeded540ce2740b481b88aa1485fae
demo_envs/open_fridge/evaluations/octo_open_fridge_robo_20260927_022850/76.mp4,566137,b94ffe07781a91572e5ffcd628d75e009c6836121303e2b211cd78a351747970
demo_envs/open_fridge/evaluations/octo_open_fridge_robo_20260927_022850/8.mp4,601888,fa0d8bc1f7e68c17e287bcc00995f6e22976295e4158cb8b39eb09025c8d5499
demo_envs/open_fridge/evaluations/octo_open_fridge_robo_20260927_022850/80.mp4,506809,5a108353887ec837f93da572a3f2087929913f65571eca4ba8c1e0d2fa9546cb
demo_envs/open_fridge/evaluations/octo_open_fridge_robo_20260927_022850/84.mp4,544789,2459b6b042d87ae7fedf483596df2dc20d08ebb33aca67c1e6a3e1733d878e1c
demo_envs/open_fridge/evaluations/octo_open_fridge_robo_20260927_022850/88.mp4,695807,ab9b396b04b84bb99b957698ff5192d04261f46d699224be6e130634104c482f
demo_envs/open_fridge/evaluations/octo_open_fridge_robo_20260927_022850/92.mp4,529261,9e2fb2fec4b4e69c9fb03e1df7f87a81a5fedc95da03a357d11c801bb62c0094
demo_envs/open_fridge/evaluations/octo_open_fridge_robo_20260927_022850/96.mp4,444955,c8179dbe1d83f6296cdf68722238bfc4ac2765f8c52abedaaf7aeae0bab3265a
demo_envs/open_fridge/evaluations/octo_open_fridge_train_20260926_191655/0.mp4,659777,d10ba5b94d915b165ad470ea800ef6b8e59ce65e3c168d6916a9db0aa0756674
demo_envs/open_fridge/evaluations/octo_open_fridge_train_20260926_191655/100.mp4,563207,1a3013afafa95e8694afe3bc0501732a74de9b2be4b21daef28a77d4497c786c
demo_envs/open_fridge/evaluations/octo_open_fridge_train_20260926_191655/104.mp4,511801,7eed750742ace8acb4a40dee159b87a148eb7682b40c0ec34d8d5955fcc21b34
demo_envs/open_fridge/evaluations/octo_open_fridge_train_20260926_191655/108.mp4,524966,8ad082e962f299413858b7dadc406f4c78ddcdbb969cc2a403c515d64e8d7ca3
demo_envs/open_fridge/evaluations/octo_open_fridge_train_20260926_191655/112.mp4,494994,d04a1d9d5ef4b7cbe44fd56085a5f854037e8bceca6de1a97a47b64ea92f6bf0
demo_envs/open_fridge/evaluations/octo_open_fridge_train_20260926_191655/116.mp4,519756,7f5e58a3edcc4c2630d6896ab4f2d42bc9374049faaeb8b5f605de61cad5157e
demo_envs/open_fridge/evaluations/octo_open_fridge_train_20260926_191655/12.mp4,466708,df03d076bb59f04cac6ceb5a61501cdb9eced001b0e7c09a8107070beb66e9e7
demo_envs/open_fridge/evaluations/octo_open_fridge_train_20260926_191655/16.mp4,545176,459c365f09d46b976a87fe37bc9e542c1c9387989d1b573541fab8b3bb9b4a0c
demo_envs/open_fridge/evaluations/octo_open_fridge_train_20260926_191655/20.mp4,617409,91489df3e71f60e7e7f47d05def30f91f9a559a7bef5bc6dfbc5d1f42b79cec0
demo_envs/open_fridge/evaluations/octo_open_fridge_train_20260926_191655/20260926_213159.h5,800,26c4d449632ea072317c16e9d4857e419b67e1b7751f81a89a87c8e75fe9484e
demo_envs/open_fridge/evaluations/octo_open_fridge_train_20260926_191655/20260926_213159.json,1183,9ba5d76a5c7b9ea43930d44dc562f04b921afde48e3180f0f49b87f46062fe96
demo_envs/open_fridge/evaluations/octo_open_fridge_train_20260926_191655/24.mp4,497440,6b1d60d25d6783493bced2c035325357c8ff99da286850567a9a5baa738e74fb
demo_envs/open_fridge/evaluations/octo_open_fridge_train_20260926_191655/28.mp4,550244,48683f4b09840df9b1c7f21e4ba3ef9fd280c62278f3865bd8bc3f1c4e325b83
demo_envs/open_fridge/evaluations/octo_open_fridge_train_20260926_191655/32.mp4,519053,e5683c878678b28c9fb1e252c8b6d3a11ebb70cb468964f2c7d5bba93c118763
demo_envs/open_fridge/evaluations/octo_open_fridge_train_20260926_191655/36.mp4,509319,fc33c36d6226dd4d9292ba81b808cf44ab2a5e584d97def895ff1baf42e09ef2
demo_envs/open_fridge/evaluations/octo_open_fridge_train_20260926_191655/4.mp4,589885,e7be9a00c21535fe722ddbfd6e600ef2e02b64b707b075ee392fded0769cd274
demo_envs/open_fridge/evaluations/octo_open_fridge_train_20260926_191655/40.mp4,692199,8f41130ef29f142954e6a7a67b0bcef7419d5abacb02751764232dc796f81c0d
demo_envs/open_fridge/evaluations/octo_open_fridge_train_20260926_191655/44.mp4,510441,decc8f09f35acb33a15e36c5297c65e2dbb7be4add876073228214014f66b665
demo_envs/open_fridge/evaluations/octo_open_fridge_train_20260926_191655/48.mp4,477916,5f33b1d120c64f9499f422adb94c18417a846db3e0f876a85b60ccab43b8bf3b
demo_envs/open_fridge/evaluations/octo_open_fridge_train_20260926_191655/52.mp4,702487,7e011bc4b7cf082673aa03e8d60d69f4640f440c28ce7c58b33c7efc1a935377
demo_envs/open_fridge/evaluations/octo_open_fridge_train_20260926_191655/56.mp4,626058,9ee4449173453a7b6b18c7ac9f9c36d4bda066df036745e255df61a467ee0d98
demo_envs/open_fridge/evaluations/octo_open_fridge_train_20260926_191655/60.mp4,529283,fb7c9719e54f5de000d1b52e46764ce4d1940b8ae01a47b1a7f8c7557cfad5c5
demo_envs/open_fridge/evaluations/octo_open_fridge_train_20260926_191655/64.mp4,492905,3d2ef55549e15042e1b718e2d66685c445ab6af43a4c1e169c07d94fd87e60cf
demo_envs/open_fridge/evaluations/octo_open_fridge_train_20260926_191655/68.mp4,468204,8aa925fa79dc5b607849bd79b66dfed84e8a1762fb7382e7301f142e1c1ea4c1
demo_envs/open_fridge/evaluations/octo_open_fridge_train_20260926_191655/72.mp4,525318,b00edfd899a3d52b5919f7e843d6bb9eb42e72c00a033573624b5f13a34b20ff
demo_envs/open_fridge/evaluations/octo_open_fridge_train_20260926_191655/76.mp4,581138,6b0b551257c03d4760ceb1dd77fce2c2a3f979a54d5d0b7cbc50e4625f6e7b38
demo_envs/open_fridge/evaluations/octo_open_fridge_train_20260926_191655/8.mp4,612837,7ddc35618f1f80a8e72effe88b66ee19f8b32990c4ad4336163a79ba5bd71dab
demo_envs/open_fridge/evaluations/octo_open_fridge_train_20260926_191655/80.mp4,488666,8f793e873091b658a237ba59d58de321abd5abaff50159e53e3715e0365744ee
demo_envs/open_fridge/evaluations/octo_open_fridge_train_20260926_191655/84.mp4,522123,46af64199e601f2e7569a694c2d5c1acefb9cb82e4eccffb23da55e7c5a96ea4
demo_envs/open_fridge/evaluations/octo_open_fridge_train_20260926_191655/88.mp4,670643,eaf11b73792d3ac8fc4f2b373ee997530566b20c1726ed987ed11b8061c62855
demo_envs/open_fridge/evaluations/octo_open_fridge_train_20260926_191655/92.mp4,570279,9e1e187e8ed1a4b6fd3918ce50a6c43a5c7166e04c4a707f6aa2c112964a543a
demo_envs/open_fridge/evaluations/octo_open_fridge_train_20260926_191655/96.mp4,402740,8ad0f7d4d37f3cdebc885694fe18b506b513515972f0658e2e2242ab6560a396
demo_envs/open_fridge/evaluations/octo_open_fridge_uns_20260927_191613/20260927_200011.h5,800,26c4d449632ea072317c16e9d4857e419b67e1b7751f81a89a87c8e75fe9484e
demo_envs/open_fridge/evaluations/octo_open_fridge_uns_20260927_191613/20260927_200011.json,1145,c39db62855179a74cac59fc9f86c453dd8a197ce6cc45e9211c54aa3128f40ad
demo_envs/open_fridge/evaluations/octo_open_fridge_uns_20260927_191613/42000.mp4,526564,5e323a20a44e7ff64cbb530aaa7f5302d9d6d07d7b43bec1149aa9451291fb43
demo_envs/open_fridge/evaluations/octo_open_fridge_uns_20260927_191613/42001.mp4,466969,bdc97eb4f03cf5e262f7874186f5f0a0cfe4a990001c39beac36366f1eadab8f
demo_envs/open_fridge/evaluations/octo_open_fridge_uns_20260927_191613/42002.mp4,444246,a44b421fe0ee94b3324e50307adf68ebfa39e43bd881a5e5d9b44ffab32493eb
demo_envs/open_fridge/evaluations/octo_open_fridge_uns_20260927_191613/42003.mp4,473704,05bfb5f3ad3c2fb3fcb0891491aa3082d6cdecd657ee1205b9df660c7f6e5bb9
demo_envs/open_fridge/evaluations/octo_open_fridge_uns_20260927_191613/42004.mp4,568445,04c60aecf0537f0a8e246c1a6031f571affe77e58abae435e21a8dd698634bb0
demo_envs/open_fridge/evaluations/octo_open_fridge_uns_20260927_191613/42005.mp4,552573,f7afd6b16db474a6b67b63931f4d29b6c74b65b59b7ea21ae1c3373af73e4127
demo_envs/open_fridge/evaluations/octo_open_fridge_uns_20260927_191613/42006.mp4,484252,cf4304f9559f36ff4edc51e212d13439d7af393f960b641183de420256bdf877
demo_envs/open_fridge/evaluations/octo_open_fridge_uns_20260927_191613/42007.mp4,559593,1108ba8a7e751429d13eed08d1255f27637670a0e8b5b9fc288524fc75d98a57
demo_envs/open_fridge/evaluations/octo_open_fridge_uns_20260927_191613/42008.mp4,583013,2be99e44c010c89d7406cdbc5d0dfc9ca6f6925937e0611daf2680968afa1211
demo_envs/open_fridge/evaluations/octo_open_fridge_uns_20260927_191613/42009.mp4,478902,c90992cf4ee6faef4590947ffed2a03d019650f5a0e109931b9f1700ce935a09
demo_envs/open_fridge/evaluations/octo_open_fridge_uns_20260927_191613/42010.mp4,530015,728a23c9678190fde09258a4b0f1fb6b17ae8c105e085607c4d3817404278ad0
demo_envs/open_fridge/evaluations/octo_open_fridge_uns_20260927_191613/42011.mp4,503413,3e796629228018b4089d528ec73b2ccc0ab0c62e14de6d66e64bbb085f6d728c
demo_envs/open_fridge/evaluations/octo_open_fridge_uns_20260927_191613/42012.mp4,550108,a2c333c1e2a1395aa6dee2ac43eca11bc2c3a140bd6caa442e792dbfaf5ecf2c
demo_envs/open_fridge/evaluations/octo_open_fridge_uns_20260927_191613/42013.mp4,460371,7977ba9988c524856738b5cb9adcf1f3a89ea443a536a5e9c32c856ad32e730b
demo_envs/open_fridge/evaluations/octo_open_fridge_uns_20260927_191613/42014.mp4,537528,d435d742505f12e6480a8272c57bbbb19a6f5a51f47064b08087c7706267b8ff
demo_envs/open_fridge/evaluations/octo_open_fridge_uns_20260927_191613/42015.mp4,664714,b00c5564cf2cf6dbabe1fb9ef7c62dca977ae7d98569bf807e9d287bada1492a
demo_envs/open_fridge/evaluations/octo_open_fridge_uns_20260927_191613/42016.mp4,499295,362c4bc1227ca2cb9ce67028b22e818ada787a8a7e83e29f3b9202545409f5e4
demo_envs/open_fridge/evaluations/octo_open_fridge_uns_20260927_191613/42017.mp4,518114,e472301d3f405d03791ee8b28914cac766b5c41b463c584783ba1a56827d9db8
demo_envs/open_fridge/evaluations/octo_open_fridge_uns_20260927_191613/42018.mp4,672363,cd21fecfff288c290241fb170559bdd8066b2d842db820358598fc914bcca923
demo_envs/open_fridge/evaluations/octo_open_fridge_uns_20260927_191613/42019.mp4,511095,faf16bfc820417011bfe8e02913c32bb81c588a895e39461c9d3f17fdde6fc7a
demo_envs/open_fridge/evaluations/octo_open_fridge_uns_20260927_191613/42020.mp4,499863,aba325375a9dfed240093a8d1601a7d6154f49f97c20b0d2c840135e948f2195
demo_envs/open_fridge/evaluations/octo_open_fridge_uns_20260927_191613/42021.mp4,547856,5950848b33c99798c2638beba23e84b0b1af76d2b1dcdadbf66aa022d5d5efa7
demo_envs/open_fridge/evaluations/octo_open_fridge_uns_20260927_191613/42022.mp4,498875,76403a13b5ebf1168f9ce01ec1b65834860c55f0912cd0d056401d574bddb842
demo_envs/open_fridge/evaluations/octo_open_fridge_uns_20260927_191613/42023.mp4,460675,038205b774b2e7930a330900f7c04c21d29c588665ba45b419c4f4d24807f1ca
demo_envs/open_fridge/evaluations/octo_open_fridge_uns_20260927_191613/42024.mp4,704313,df49f635f0f64d13f2853b08388352fd807334f3fe9b8af5c83b9b5884b4c00f
demo_envs/open_fridge/evaluations/octo_open_fridge_uns_20260927_191613/42025.mp4,531278,2122829c4a299b33e67b45fb63ee377ed297fc0ff5e24911e7d442d10facf402
demo_envs/open_fridge/evaluations/octo_open_fridge_uns_20260927_191613/42026.mp4,468944,81720ac05169e932d6f81c5c26f4dcb97c494e7e7108429025e57294a8ab75a9
demo_envs/open_fridge/evaluations/octo_open_fridge_uns_20260927_191613/42027.mp4,515692,07f91c4fe1c02e4ec6c0e42299b061f707199fa698ae76b7ca7476c2713bbb43
demo_envs/open_fridge/evaluations/octo_open_fridge_uns_20260927_191613/42028.mp4,485281,9f6a8770dba6a2181327069da61d4ca9df382dd563f8c0c1b4dd2a7d69f13552
demo_envs/open_fridge/evaluations/octo_open_fridge_uns_20260927_191613/42029.mp4,482872,839304c68fc6a38db016ae99613ae3f9df76d6190110d25cb99aa9f285289ea1
demo_envs/open_showcase/evaluations/octo_open_showcase_robo_20260927_191613/0.mp4,1304160,e28314520d1443e4e9d7de500c82e8d820199854d1549ad17740b8f0d0ca0318
demo_envs/open_showcase/evaluations/octo_open_showcase_robo_20260927_191613/100.mp4,1103347,09bb35b84896a7abbcfc40f2e5d3cde2051e35758b02b6db0d4a322ea6abda19
demo_envs/open_showcase/evaluations/octo_open_showcase_robo_20260927_191613/104.mp4,1228196,172b119bb357c8bc23455d9fd76b5bc39b367ff96b76d8d23524a67d4612b35c
demo_envs/open_showcase/evaluations/octo_open_showcase_robo_20260927_191613/108.mp4,851211,e9ab67598ba2f3fb11976abeb542d0f2c48353009c60ebf1a5dc2b6d7a974640
demo_envs/open_showcase/evaluations/octo_open_showcase_robo_20260927_191613/112.mp4,745445,153711e16b531e98a119f4e351cfd0cb0096c76d22b99775499175a74bfc33ce
demo_envs/open_showcase/evaluations/octo_open_showcase_robo_20260927_191613/116.mp4,814707,9d747c3a25dd21bf5203e3a7b2a5b49c80ee4f883c77c92d7d3b2758ba8770a1
demo_envs/open_showcase/evaluations/octo_open_showcase_robo_20260927_191613/12.mp4,955038,a9a57303992a21d557f15e7a5225e682f26f6fbfd27b96024882b3b4d399cf47
demo_envs/open_showcase/evaluations/octo_open_showcase_robo_20260927_191613/120.mp4,1205611,294076d99fd88365ab9a83cdc8b55b5c6ff13a1012b82546fcd53812ac5dd712
demo_envs/open_showcase/evaluations/octo_open_showcase_robo_20260927_191613/124.mp4,588522,53358970599e46fee50f7c8628e3c2387ed4207c65554079f5029893a5407c2a
demo_envs/open_showcase/evaluations/octo_open_showcase_robo_20260927_191613/128.mp4,855273,6af47d020c9e72caaedfd323a5e0bb6052800cdc5389187cd5955c619dd41583
demo_envs/open_showcase/evaluations/octo_open_showcase_robo_20260927_191613/136.mp4,1244323,c2efc423af2fa6c446c3a453599c12493b833fa94b48ca069f9eab8496d7be96
demo_envs/open_showcase/evaluations/octo_open_showcase_robo_20260927_191613/16.mp4,1116457,4d172ef3f955ed9d02249b0b321c6d21103d03125ffc64196d528931fc8c9cee
demo_envs/open_showcase/evaluations/octo_open_showcase_robo_20260927_191613/20.mp4,1074119,8fda134f692cc9f96134c2f297f53bec4f5ad56a75a85f1e629c4daf045106b8
demo_envs/open_showcase/evaluations/octo_open_showcase_robo_20260927_191613/20260927_191630.h5,800,26c4d449632ea072317c16e9d4857e419b67e1b7751f81a89a87c8e75fe9484e
demo_envs/open_showcase/evaluations/octo_open_showcase_robo_20260927_191613/20260927_191630.json,1186,a7e39bbed0f3aec1fd4d4927a6a73ee9934c391c8dfb6556e32803790c402b5a
demo_envs/open_showcase/evaluations/octo_open_showcase_robo_20260927_191613/28.mp4,1157100,a8e02faf8fd51229793e190a4f24b65b5f7c91c79668cc95545906393da15276
demo_envs/open_showcase/evaluations/octo_open_showcase_robo_20260927_191613/32.mp4,770890,431eead4d68194a1200c96efa8c1044cd8fc7627818923220151b2c3faa098b3
demo_envs/open_showcase/evaluations/octo_open_showcase_robo_20260927_191613/36.mp4,843212,f69d79588b504a13f874bb590b807f6c4d9f940529cabeca78b3bab4493d4cb2
demo_envs/open_showcase/evaluations/octo_open_showcase_robo_20260927_191613/44.mp4,786155,9ccfa2ec077c8af8feb1791a0bad658a022480d7c71046fa17107159c77c3d96
demo_envs/open_showcase/evaluations/octo_open_showcase_robo_20260927_191613/48.mp4,1351139,4a8da5e4e99df3d01f8fd6d730479a6efb8e666b85496b501adbd3cb2d3245d7
demo_envs/open_showcase/evaluations/octo_open_showcase_robo_20260927_191613/52.mp4,967615,6e21006e9eff536623b189ccf6987de595586e2b37dbd73685ea556384521f59
demo_envs/open_showcase/evaluations/octo_open_showcase_robo_20260927_191613/56.mp4,1426712,aedbccf8d73661dd515a4e6a5be2d1973965db440ac77b4ca990c086f81c2439
demo_envs/open_showcase/evaluations/octo_open_showcase_robo_20260927_191613/60.mp4,1012454,72b270f414ae7f2d9f7b21a5e89f78d41666386711d90531259bf73899abf5cf
demo_envs/open_showcase/evaluations/octo_open_showcase_robo_20260927_191613/64.mp4,856057,13a4f16d229563df54222d0ff08a61e43729aaf633e5cffcaef541dd1ad73ba2
demo_envs/open_showcase/evaluations/octo_open_showcase_robo_20260927_191613/68.mp4,804451,8750d717a6eda17335ad4260b21a62f8b38caccfcf5e008cc2de10bcfe1c5971
demo_envs/open_showcase/evaluations/octo_open_showcase_robo_20260927_191613/72.mp4,1199950,14153a64ae50ae1ecce22a4de15c1f212343a5eedb57ae1d5f4b9cfa8e154cc1
demo_envs/open_showcase/evaluations/octo_open_showcase_robo_20260927_191613/76.mp4,1081426,03cfa7f57c6c3bf9b18aa6096725b0de11d24d4fbd0e98a726b6bf75f2e4c1c4
demo_envs/open_showcase/evaluations/octo_open_showcase_robo_20260927_191613/8.mp4,1303845,892125b3af20677c652ec4f0d3b5f649d08883e5ff745490347a091dcc9cb6c2
demo_envs/open_showcase/evaluations/octo_open_showcase_robo_20260927_191613/80.mp4,864568,306fff402cad8fda4e99c93d784fa51b2f53967671884dc50658f2d8f42e6ce0
demo_envs/open_showcase/evaluations/octo_open_showcase_robo_20260927_191613/84.mp4,553129,e94765946e48e2003d73ceb7ca6aa13176cd525b2f8cbcad9b847a476bc35be3
demo_envs/open_showcase/evaluations/octo_open_showcase_robo_20260927_191613/88.mp4,1353616,9c3b0319a26e109f0c3d65eded791ffd198ac0b1884d0043a19248bb9b6565c2
demo_envs/open_showcase/evaluations/octo_open_showcase_robo_20260927_191613/96.mp4,1026994,a957a74b71da89f696fcd62d7f4bb167cc78faf186c98357f41826ca564f109e
demo_envs/open_showcase/evaluations/octo_open_showcase_train_20260926_191655/0.mp4,673744,83ef3419ee562b37cdf67a538eec116e5337ecdda9ad6e263de023252af96a99
demo_envs/open_showcase/evaluations/octo_open_showcase_train_20260926_191655/100.mp4,912220,4504259ced2f0f7442199cf87e17aa76bc94d843cf94e8b47ce87d586f6eab6e
demo_envs/open_showcase/evaluations/octo_open_showcase_train_20260926_191655/104.mp4,968560,1be99f162e42d6a39f71f60968a1ccbe9fb60310e38581e79f83fdf07bc8e2fc
demo_envs/open_showcase/evaluations/octo_open_showcase_train_20260926_191655/108.mp4,951819,84330f62e2f81bcd840a090245401c867c56921ed1f0d588a9b5048d6c73de8e
demo_envs/open_showcase/evaluations/octo_open_showcase_train_20260926_191655/112.mp4,1118730,c508ce2e0ac18577d41689dc32a76c638e9d69d7f6d21afdf8c074b683d2f9f8
demo_envs/open_showcase/evaluations/octo_open_showcase_train_20260926_191655/116.mp4,745549,1292b2f5acbc4c34fd888d1d7804854ec3384c5e6896bde437b8022baa598fff
demo_envs/open_showcase/evaluations/octo_open_showcase_train_20260926_191655/12.mp4,817841,f4f1dd31a93e6bc29ef945e30de96d8babf6a3469de80a4bc0b11c610cf1049c
demo_envs/open_showcase/evaluations/octo_open_showcase_train_20260926_191655/120.mp4,876568,cd8b9505c30d7d4faf6769881b3f16ed1cb48fe03def863736b20f1a42dbf535
demo_envs/open_showcase/evaluations/octo_open_showcase_train_20260926_191655/124.mp4,473186,7e11b3c6fb27d58486349a3cd516d9af83c1c72216aa1c0b460b2f654952e5ed
demo_envs/open_showcase/evaluations/octo_open_showcase_train_20260926_191655/128.mp4,469414,7becbfa256284ee1b5d88890e098fb2375fa89608324a7f3d514e52b825d2b66
demo_envs/open_showcase/evaluations/octo_open_showcase_train_20260926_191655/136.mp4,1100259,3c67f74c6ac15279b3ac48fcf103f8173487bd17a3b9a55914dd5fda602841bd
demo_envs/open_showcase/evaluations/octo_open_showcase_train_20260926_191655/16.mp4,1262197,16caba72845b80241d4f3e210af410774dbc89d564fbba4ea4b8314c042d471b
demo_envs/open_showcase/evaluations/octo_open_showcase_train_20260926_191655/20.mp4,937255,5185c3d300f555215d3ce74317791ab9f1ac25a485cd5475019927ef5b681778
demo_envs/open_showcase/evaluations/octo_open_showcase_train_20260926_191655/20260926_220604.h5,800,26c4d449632ea072317c16e9d4857e419b67e1b7751f81a89a87c8e75fe9484e
demo_envs/open_showcase/evaluations/octo_open_showcase_train_20260926_191655/20260926_220604.json,1186,a7e39bbed0f3aec1fd4d4927a6a73ee9934c391c8dfb6556e32803790c402b5a
demo_envs/open_showcase/evaluations/octo_open_showcase_train_20260926_191655/28.mp4,941848,ef527cbd095680ff54f391bc042d883f764fbd8e6e3a7c58307fc58e0e710139
demo_envs/open_showcase/evaluations/octo_open_showcase_train_20260926_191655/32.mp4,1036515,709efdd47788cb69df208fa2e045384e4218a9aee86879a24b51373b645d8d99
demo_envs/open_showcase/evaluations/octo_open_showcase_train_20260926_191655/36.mp4,944036,fe8f929cc709734ab669c5c1369ef89d48162279b429db51495ae63f2e3e2aac
demo_envs/open_showcase/evaluations/octo_open_showcase_train_20260926_191655/44.mp4,1121248,708ea42cd5c13a47b92826a1eb170d894e37bbb829ea131fbf39a83338e84b9c
demo_envs/open_showcase/evaluations/octo_open_showcase_train_20260926_191655/48.mp4,1479971,d4842ca5390416efc42d1aca9e46f53ecd4277522af77af931f2fb4c55184470
demo_envs/open_showcase/evaluations/octo_open_showcase_train_20260926_191655/52.mp4,1327495,e6aecc007a360c8524664e9ab543f34a46ce9ab28a0da7e43e096caa2d464700
demo_envs/open_showcase/evaluations/octo_open_showcase_train_20260926_191655/56.mp4,986640,9a06badc47de378809f51ce7da96558091de458a8391d73163c580a9e4348431
demo_envs/open_showcase/evaluations/octo_open_showcase_train_20260926_191655/60.mp4,803687,8fc81740096e81ba6abf8e3e67e0f34b5e3abe2052005187ec0ec979ff358b36
demo_envs/open_showcase/evaluations/octo_open_showcase_train_20260926_191655/64.mp4,825227,fdd5463cf6e5baaef0bdd8562981f901ddcaf3e98b0fc0bfd4a9ab0ccee902a6
demo_envs/open_showcase/evaluations/octo_open_showcase_train_20260926_191655/68.mp4,953855,78d9265884e3f2331207c38170262301aab13833fbc5fc917c4d44a57b2eedc5
demo_envs/open_showcase/evaluations/octo_open_showcase_train_20260926_191655/72.mp4,892646,c3cd4996470b61d152947398aa14c72a0ed18d64e587c46c0b89d3488bce26e7
demo_envs/open_showcase/evaluations/octo_open_showcase_train_20260926_191655/76.mp4,1437947,3c7601c5f26052c9de1416af094566ff869308df5174000b1c58cef7c09cfa2e
demo_envs/open_showcase/evaluations/octo_open_showcase_train_20260926_191655/8.mp4,953715,4825e378ad0d45c95cf6cedcf2ecfb8df4861a0c11d0250c530446e1227f9c7b
demo_envs/open_showcase/evaluations/octo_open_showcase_train_20260926_191655/80.mp4,933467,42b62ce9bf147b0117f58a9da0e245a16458d5758e980166425201c8732194a3
demo_envs/open_showcase/evaluations/octo_open_showcase_train_20260926_191655/84.mp4,531333,ebdcecb2ba146adf4ece721fcc0961a90b9a2c65d799ceeebe2188ee4e940cd8
demo_envs/open_showcase/evaluations/octo_open_showcase_train_20260926_191655/88.mp4,939338,1366a26ddf7f8902dc97192281727a7bd502b37348cc9a52d11a4ca0d7a4cfec
demo_envs/open_showcase/evaluations/octo_open_showcase_train_20260926_191655/96.mp4,677557,20e283839b850998574649456c3b63673727f02428e0982328601df56e26796a
demo_envs/open_showcase/evaluations/octo_open_showcase_uns_20260927_191613/20260927_203401.h5,800,26c4d449632ea072317c16e9d4857e419b67e1b7751f81a89a87c8e75fe9484e
demo_envs/open_showcase/evaluations/octo_open_showcase_uns_20260927_191613/20260927_203401.json,1148,9caad3a1152acc213812254179c515f8d74ac52d66f8bbdcd9000a712e774767
demo_envs/open_showcase/evaluations/octo_open_showcase_uns_20260927_191613/42000.mp4,930290,c263d0e904020007ba122f368ab844da6e380d7787f7a747b0c5a9a6ebeb9a20
demo_envs/open_showcase/evaluations/octo_open_showcase_uns_20260927_191613/42001.mp4,1152277,880900e2aeeff3b72be434a3a39ea3e7213c48fd8544910363e9f4debffe4855
demo_envs/open_showcase/evaluations/octo_open_showcase_uns_20260927_191613/42002.mp4,918789,458bc8d2b3e970443853eb8e951a259018fed069d9cdcb28becab47da220eba1
demo_envs/open_showcase/evaluations/octo_open_showcase_uns_20260927_191613/42003.mp4,349567,19c1b83bfdf95825589e2cc29aaac9724024aff8b0a6840d5e9549a9524bc9f9
demo_envs/open_showcase/evaluations/octo_open_showcase_uns_20260927_191613/42004.mp4,1070625,d491e1d890e3bae2e7e8e0d925057d734edc0491c5f9a95e2e5ff32ed831cfcd
demo_envs/open_showcase/evaluations/octo_open_showcase_uns_20260927_191613/42005.mp4,532961,146a656533617a35d7e3b056a1e7a9278cbebded9a4ecf2e1b77030ce7a9d900
demo_envs/open_showcase/evaluations/octo_open_showcase_uns_20260927_191613/42006.mp4,999808,8203cd81ba72830fb97ed3fc637e91bf1f8a54b7095a87771062aceffef32f4e
demo_envs/open_showcase/evaluations/octo_open_showcase_uns_20260927_191613/42007.mp4,1034451,dc6bb6c63b2d4bdd644a2b2c2c6eec080e3fc30f8fb3e2cb5282de31b479c6d9
demo_envs/open_showcase/evaluations/octo_open_showcase_uns_20260927_191613/42008.mp4,1187774,0ee4be22be919e6f7ca6d66e8a92cb67ce828fde8e8f1d8c1c6a9ef2845cbb22
demo_envs/open_showcase/evaluations/octo_open_showcase_uns_20260927_191613/42009.mp4,520545,fdaf9ef651933dc128f8db391de5b513ab8f76f6c8c7beea9f5101ed66719439
demo_envs/open_showcase/evaluations/octo_open_showcase_uns_20260927_191613/42010.mp4,918615,9827e45499731a8b2ee287a96ab5e118f1e99df451341f66676bfc804926003b
demo_envs/open_showcase/evaluations/octo_open_showcase_uns_20260927_191613/42011.mp4,1121513,751a0eb7359885cda358f2e002e021f4b0306fdaded0d1bdf4bf05836edc5f54
demo_envs/open_showcase/evaluations/octo_open_showcase_uns_20260927_191613/42012.mp4,1036714,74fd153f28954b858e8b873b1eacc8810f55eaf879cf59176ab13bcbe11f9324
demo_envs/open_showcase/evaluations/octo_open_showcase_uns_20260927_191613/42013.mp4,932506,e7f692c40f27d2233b899edc41182a183b4338c837ddc4088f0cd3c32f6d7938
demo_envs/open_showcase/evaluations/octo_open_showcase_uns_20260927_191613/42014.mp4,859639,a749f7e826cc3f8190c0697e97892c871fde9a5c98b6e030dc1d37a86f8e64b4
demo_envs/open_showcase/evaluations/octo_open_showcase_uns_20260927_191613/42015.mp4,1418925,f57e58ccc92448d9c4867df91feb983f66542a4218cc372d6757ebf36f4f4ed2
demo_envs/open_showcase/evaluations/octo_open_showcase_uns_20260927_191613/42016.mp4,953010,e117c638d0038e51468fd59c63e0dc4432a061ae6a036350c828e43d1e7e9c76
demo_envs/open_showcase/evaluations/octo_open_showcase_uns_20260927_191613/42017.mp4,1165507,18ada35ccd094a2a0e4490defd2f31f91886791e7c47a7cb317248e288628ad7
demo_envs/open_showcase/evaluations/octo_open_showcase_uns_20260927_191613/42018.mp4,936986,a1d164fdc10b9256dd9bf75ffdf55f67ab562b958ac0656bb057ced7f8094aa8
demo_envs/open_showcase/evaluations/octo_open_showcase_uns_20260927_191613/42019.mp4,517569,e485f42768fba3b049bbe30d976a0c44bad0ed8298f295be9d3dc0cfeb785d83
demo_envs/open_showcase/evaluations/octo_open_showcase_uns_20260927_191613/42020.mp4,1195665,6e5fbb64e6fbcfde14d582fb1702f6709476dfba9bc90e2bda41e0c44a5d1298
demo_envs/open_showcase/evaluations/octo_open_showcase_uns_20260927_191613/42021.mp4,1163907,7d79eeeebd3f12e11796a031026afbeddd899c90f146d2d3b49dff81fdce348d
demo_envs/open_showcase/evaluations/octo_open_showcase_uns_20260927_191613/42022.mp4,963496,e81a13ca8eb0ef600a420938de024bf2df0a3369075acb14e0827005b5e7c29f
demo_envs/open_showcase/evaluations/octo_open_showcase_uns_20260927_191613/42023.mp4,970079,fb608a58b72e9c9b55075c011cba8dbfbabe90bf4b7b68a6ecc562b214650d4e
demo_envs/open_showcase/evaluations/octo_open_showcase_uns_20260927_191613/42024.mp4,1359356,406b7d1b40fd5d73b0dbb15b00b824f9f013918d017e0b0db4a10c455336b201
demo_envs/open_showcase/evaluations/octo_open_showcase_uns_20260927_191613/42025.mp4,389607,054cde413a9ed63798a64ecdc831a39a695c9e21366f5083ccbfe911372a97e8
demo_envs/open_showcase/evaluations/octo_open_showcase_uns_20260927_191613/42026.mp4,427932,8e955d703d8b9896e7c868fc900ea19e6e51f1659c6faa88c4f0575b1c18fd7d
demo_envs/open_showcase/evaluations/octo_open_showcase_uns_20260927_191613/42027.mp4,385253,b23bfeca7e70da5d9064ab2001b7d77d721c4e8bfff561db1b9c02af51e9d997
demo_envs/open_showcase/evaluations/octo_open_showcase_uns_20260927_191613/42028.mp4,1104534,facc6dbfce0ff9a1d0f24ef0dc22898a87f2f25cbc890d1216d7bce54a95ac53
demo_envs/open_showcase/evaluations/octo_open_showcase_uns_20260927_191613/42029.mp4,1133832,bb1a0139d1709107ddbf9081f42d77b03af6bd78a3f178b58edfe766c2adde24
demo_envs/pick_from_floor/evaluations/octo_floor_beans_robo_20260927_191613/0.mp4,790722,98bb247d0d280bf04db21f58e886161264c5cfeec005224ca19f2d8ecbae43f6
demo_envs/pick_from_floor/evaluations/octo_floor_beans_robo_20260927_191613/100.mp4,859671,35ef8c4f0ff018737d5f12e428e09a8a906fe99a6cbfead4a933e377554e4166
demo_envs/pick_from_floor/evaluations/octo_floor_beans_robo_20260927_191613/104.mp4,660607,a569b167f83777bd118d1ad60571bafd7cd86e678364ce8e238d5ba4a095c8ec
demo_envs/pick_from_floor/evaluations/octo_floor_beans_robo_20260927_191613/108.mp4,663283,4672937b245c26d027da4682ea34899c0a9e2108f409aef380e47e5d61819c49
demo_envs/pick_from_floor/evaluations/octo_floor_beans_robo_20260927_191613/116.mp4,496222,eb1facd32700ba7ff02c8e033e5ff703f37e983437bbdf89222eec1e8fae87be
demo_envs/pick_from_floor/evaluations/octo_floor_beans_robo_20260927_191613/120.mp4,796961,29855e42e083f66784732545728b6cc01d763e8bc1873404068ec37607eeb048
demo_envs/pick_from_floor/evaluations/octo_floor_beans_robo_20260927_191613/124.mp4,614497,d7940e7d4b61dd2544bec31791b530b96b6c1c7951fb111ce662b614a152015b
demo_envs/pick_from_floor/evaluations/octo_floor_beans_robo_20260927_191613/128.mp4,455449,5d5077ce9a31bbe7373d74a1b859fc2b278699888da13335e03be9fe0af0ed2d
demo_envs/pick_from_floor/evaluations/octo_floor_beans_robo_20260927_191613/140.mp4,729421,0a14ba7a235c1c0c03f0ac2c575ae6b1576ba07a8bb57e634f82fd27ccfe15b7
demo_envs/pick_from_floor/evaluations/octo_floor_beans_robo_20260927_191613/152.mp4,361975,aba1ec8da0fd3820b04eddde6c13506c03060beacd78729aa0005445414a6417
demo_envs/pick_from_floor/evaluations/octo_floor_beans_robo_20260927_191613/160.mp4,167888,cfcc717d9ad1f14e60d878fee3b43ebc0b757be2a6d963738ce971f81b1b66f8
demo_envs/pick_from_floor/evaluations/octo_floor_beans_robo_20260927_191613/168.mp4,670623,68781044459386572598a2224477a4eefc7de5c108afea73dfe0786798e379c3
demo_envs/pick_from_floor/evaluations/octo_floor_beans_robo_20260927_191613/172.mp4,628036,6ad6d601f3e68178cd2fc169096033a9626cad5f389b42fa72c85d4008f531e6
demo_envs/pick_from_floor/evaluations/octo_floor_beans_robo_20260927_191613/196.mp4,957618,6cbc0e3cc0a8cdf437fdf56231e506a430603a5cb1d05bf9ec84a655894ff18a
demo_envs/pick_from_floor/evaluations/octo_floor_beans_robo_20260927_191613/20.mp4,646511,4668c2ca752d7b43601d68b1c5cc9befe37ea2e66bb1acac2896eea92190ac26
demo_envs/pick_from_floor/evaluations/octo_floor_beans_robo_20260927_191613/20260927_204703.h5,800,26c4d449632ea072317c16e9d4857e419b67e1b7751f81a89a87c8e75fe9484e
demo_envs/pick_from_floor/evaluations/octo_floor_beans_robo_20260927_191613/20260927_204703.json,1190,dc6c41eb0f11bc27f4606bd78fcda21aacb441b212ec1a6d13fb102e583eb3f6
demo_envs/pick_from_floor/evaluations/octo_floor_beans_robo_20260927_191613/204.mp4,622624,d09361914084d51dd441f7b0211cd670ffe7cfe1100b5361aa882ab29513bd53
demo_envs/pick_from_floor/evaluations/octo_floor_beans_robo_20260927_191613/208.mp4,595549,60f5895aa3a16c66f08f094a89f371b34778f6ac06dc732979b102e57dba5070
demo_envs/pick_from_floor/evaluations/octo_floor_beans_robo_20260927_191613/216.mp4,744573,d07bd4aa2d151d30616a5277d01305f5f3260f1e6f3edbc694d6e9c77082c1cb
demo_envs/pick_from_floor/evaluations/octo_floor_beans_robo_20260927_191613/220.mp4,657218,44e6f1aef59c963053e8bd5cb9672c596fcef6b259772f49c10035470d58203c
demo_envs/pick_from_floor/evaluations/octo_floor_beans_robo_20260927_191613/224.mp4,1032181,b878d89c7e75462e754c1711681b0f7e41cd11b458e33ffbc9329a79723c567b
demo_envs/pick_from_floor/evaluations/octo_floor_beans_robo_20260927_191613/236.mp4,762549,7b68cfa9f80a9929f738620a13ee820f1c290ce1171e09255ee0bcb280b15be4
demo_envs/pick_from_floor/evaluations/octo_floor_beans_robo_20260927_191613/36.mp4,717287,57e61cceb60a755ab17d59b112f12f864e26c8466e277249708b0dce00ebd4fe
demo_envs/pick_from_floor/evaluations/octo_floor_beans_robo_20260927_191613/40.mp4,739102,45b6f522ea5716d8f16926813e2f8b6a74d1043f82fa57d181dbd023e46513a3
demo_envs/pick_from_floor/evaluations/octo_floor_beans_robo_20260927_191613/48.mp4,1043201,446218c1695cce7c33755d5eb133b3f8a1f5292c58c58632e366626a9d4a4ef7
demo_envs/pick_from_floor/evaluations/octo_floor_beans_robo_20260927_191613/56.mp4,802358,5159daac961d7a113807675829579922cccc248ed17bc18b70d4f0e9aab92ba3
demo_envs/pick_from_floor/evaluations/octo_floor_beans_robo_20260927_191613/64.mp4,691639,d2ff1a2973d673494ef7ff7068b1acd73f7cad1cd2ee31d97f953bacfa643051
demo_envs/pick_from_floor/evaluations/octo_floor_beans_robo_20260927_191613/8.mp4,828974,7b80b4d70a4f32c6f7b5c11c1ef1d2a613309fcfa774ea0beb54aff64e18826e
demo_envs/pick_from_floor/evaluations/octo_floor_beans_robo_20260927_191613/80.mp4,715720,5fb041edc8ee2c8f1b7ade68c8992afe293e305197e6e3568a8866d5d5b736f9
demo_envs/pick_from_floor/evaluations/octo_floor_beans_robo_20260927_191613/88.mp4,594524,578746916653e32e07091400159f1c718e74192ee0206d1f0d01f37d6d764810
demo_envs/pick_from_floor/evaluations/octo_floor_beans_robo_20260927_191613/96.mp4,283523,844f853a08fc26153353770c82532e6ad7a8ad89c797598f7e84fa1d7c416e1c
demo_envs/pick_from_floor/evaluations/octo_floor_beans_train_20260927_022850/0.mp4,778932,08599591233a04c126c50a21caaa70990f9ea83507034b74ef793675b76e6002
demo_envs/pick_from_floor/evaluations/octo_floor_beans_train_20260927_022850/100.mp4,882154,9b59665b2596f84339876bd3930287f5a93b44c43c1d9368da8e553e1a6e2873
demo_envs/pick_from_floor/evaluations/octo_floor_beans_train_20260927_022850/104.mp4,719767,c15ffda2cd2fc4ab25eb747256b5f28eba35dc611c439aca40eeff9fbc945294
demo_envs/pick_from_floor/evaluations/octo_floor_beans_train_20260927_022850/108.mp4,715944,2d5dc07b51e5add9f03c99fd071caf54b5760af953e2ca019103f52c5a5ef13d
demo_envs/pick_from_floor/evaluations/octo_floor_beans_train_20260927_022850/116.mp4,466926,f9b6e68b1190161e1322d99115251d0ac8e7f3725635596f386e605fa5eecc81
demo_envs/pick_from_floor/evaluations/octo_floor_beans_train_20260927_022850/120.mp4,697648,0bfebbdc568e328f7f4a32c827e19c35e6c0f0b8b1871b55fd5b0af44568f04a
demo_envs/pick_from_floor/evaluations/octo_floor_beans_train_20260927_022850/124.mp4,603647,9caef5ab79f2d5adc5c8485889b39233ef9399c026a536d86d464d8906828afe
demo_envs/pick_from_floor/evaluations/octo_floor_beans_train_20260927_022850/128.mp4,455395,0a8379d2b522a83dca49cd6c6439dc111a53a92faaa9d1b50463674774f0c4ac
demo_envs/pick_from_floor/evaluations/octo_floor_beans_train_20260927_022850/140.mp4,680006,2c3d1fa87303b064086c6c6b55e4835e189df84696f1e68ec3ac10d5e26fd202
demo_envs/pick_from_floor/evaluations/octo_floor_beans_train_20260927_022850/152.mp4,318996,4833fb2f2956dd6d1f1573d8010574598e98a4b18737f5757940a798c90d92c9
demo_envs/pick_from_floor/evaluations/octo_floor_beans_train_20260927_022850/160.mp4,174656,265c6801f4942b50cc23cce6ead2591ed49d788d2f49529182da73f97e766f56
demo_envs/pick_from_floor/evaluations/octo_floor_beans_train_20260927_022850/168.mp4,818905,87a92cb8734eba8fd9ef6d6e39f573d44c3f6e76e4417007ef69079221842b99
demo_envs/pick_from_floor/evaluations/octo_floor_beans_train_20260927_022850/172.mp4,518230,c51fa9a6b3b26502e5a2267f8bc10b1379e349dc52a791ac9eaf5bd901555670
demo_envs/pick_from_floor/evaluations/octo_floor_beans_train_20260927_022850/196.mp4,901531,a0941f5bc4ad1dc076a10730252f034c1560ef98faa5f9fdcebe728fbc22b080
demo_envs/pick_from_floor/evaluations/octo_floor_beans_train_20260927_022850/20.mp4,687455,ab58cd0c774c2c98d80d6cf820db24a916abfa018a930fd23e64782d5cce3e58
demo_envs/pick_from_floor/evaluations/octo_floor_beans_train_20260927_022850/20260927_022906.h5,800,26c4d449632ea072317c16e9d4857e419b67e1b7751f81a89a87c8e75fe9484e
demo_envs/pick_from_floor/evaluations/octo_floor_beans_train_20260927_022850/20260927_022906.json,1190,dc6c41eb0f11bc27f4606bd78fcda21aacb441b212ec1a6d13fb102e583eb3f6
demo_envs/pick_from_floor/evaluations/octo_floor_beans_train_20260927_022850/204.mp4,631354,bcf11fb13c1a865337f71eeac55ef37ba31c205ac0127631cf6b8d422f1e0cf5
demo_envs/pick_from_floor/evaluations/octo_floor_beans_train_20260927_022850/208.mp4,580655,f2bd76cacb171ef913d2eb0ef81a6175750186c4d4fb0916a1835e72379164c4
demo_envs/pick_from_floor/evaluations/octo_floor_beans_train_20260927_022850/216.mp4,621359,dcfff6c5ede41aa6e98b51cc010957e57138de1a87004e0083bdfc7430fd934e
demo_envs/pick_from_floor/evaluations/octo_floor_beans_train_20260927_022850/220.mp4,653522,4362b85606ed40efec0b37fea74c43356f971b3235d617bf3d0b9e8a712e25f4
demo_envs/pick_from_floor/evaluations/octo_floor_beans_train_20260927_022850/224.mp4,750119,c20e8a9681afb9fa3a6be2d672dc40b3e52f4ac2a5c049af4bde1c9ea84bfb06
demo_envs/pick_from_floor/evaluations/octo_floor_beans_train_20260927_022850/236.mp4,674206,2528bc9612b6b406f42393778d18cbe9c764e366493001a594ab0dc7e38b5dc3
demo_envs/pick_from_floor/evaluations/octo_floor_beans_train_20260927_022850/36.mp4,716976,c2e1d70ed8aa19981fb95ca59cea2c06d2391bf6461e64d28b8c91142349c57e
demo_envs/pick_from_floor/evaluations/octo_floor_beans_train_20260927_022850/40.mp4,779754,51724b3703d1e52910e83e30fcf46a4bc087f9ba606c28a08799aa2171779bd1
demo_envs/pick_from_floor/evaluations/octo_floor_beans_train_20260927_022850/48.mp4,923283,70eb2b4e413a7a39ccfa818a9bd97bb006e427e21516934bc145103945fef84d
demo_envs/pick_from_floor/evaluations/octo_floor_beans_train_20260927_022850/56.mp4,827635,9f283e228226568792633c15cfe3329e016436c89a5959577a07e0d4aa6e3ec9
demo_envs/pick_from_floor/evaluations/octo_floor_beans_train_20260927_022850/64.mp4,749836,7c807e102d4f3fa5e3d5883873618b51779a25a28d14734f31927b3d2ca16c1e
demo_envs/pick_from_floor/evaluations/octo_floor_beans_train_20260927_022850/8.mp4,721230,a6ab023920797d0e578cb58e67b310b52a131caa6f573f8ee59c04c280bdecb8
demo_envs/pick_from_floor/evaluations/octo_floor_beans_train_20260927_022850/80.mp4,673954,d008057d85dbed7a6d8dee4caf31c91d28c49a492066ef08cdd6c363d404a729
demo_envs/pick_from_floor/evaluations/octo_floor_beans_train_20260927_022850/88.mp4,541609,80d2ea55e6f8a58f575a8d0f7eb73635de56cf920a0534e04d74ec44b4855170
demo_envs/pick_from_floor/evaluations/octo_floor_beans_train_20260927_022850/96.mp4,270404,c9c2807af9338a4c75d7fd9a47c2c1f48b2a0dee748661f080481ea4a910dbd3
demo_envs/pick_from_floor/evaluations/octo_floor_slam_robo_20260927_191613/0.mp4,810525,107fad70753d301ab20fab3237c1281aa9cd776313c5ebde83dacd1e3890a2cd
demo_envs/pick_from_floor/evaluations/octo_floor_slam_robo_20260927_191613/108.mp4,840769,55e135dfb5c4966c279ccf9b100188e487be78990d43607ce7671d0848c8668a
demo_envs/pick_from_floor/evaluations/octo_floor_slam_robo_20260927_191613/112.mp4,264633,64e9da534042e65237848d92f8be99c291cf1a1f4f86b088045681d41d4b5d17
demo_envs/pick_from_floor/evaluations/octo_floor_slam_robo_20260927_191613/116.mp4,480711,9149a9e9a0dd9f88c4bd568a90edcad8cb1a19515c1323ebf4aca6ac965aba44
demo_envs/pick_from_floor/evaluations/octo_floor_slam_robo_20260927_191613/12.mp4,826811,bb6e570ec7c15794b44db9797f28d7840709951b7ef326af12f81a59091768db
demo_envs/pick_from_floor/evaluations/octo_floor_slam_robo_20260927_191613/124.mp4,682044,0bc8980ed6dee5f3ee87476f177dc0b8a7b2d0d8d0c1de45c5a04f00f2a2e699
demo_envs/pick_from_floor/evaluations/octo_floor_slam_robo_20260927_191613/128.mp4,596735,b62bd7f838a7cca352f796a19d2de9a3c7fec4be12f695f8880050c49c8803d2
demo_envs/pick_from_floor/evaluations/octo_floor_slam_robo_20260927_191613/132.mp4,622917,5f3f6119e06add6d5354b75581c28d2b5553122ef63fbec423d9ebf63c1a8699
demo_envs/pick_from_floor/evaluations/octo_floor_slam_robo_20260927_191613/140.mp4,648838,daa31aae4a617cf73be819b081aac98a3232639280c720c9b16bf6f5c08d070a
demo_envs/pick_from_floor/evaluations/octo_floor_slam_robo_20260927_191613/144.mp4,748640,f3271febf4ed5406d098428ffd19ac5e5274d05e083b9bac8423e142b11827b4
demo_envs/pick_from_floor/evaluations/octo_floor_slam_robo_20260927_191613/148.mp4,789675,d0e6db5b7b56f0fdebe35491bfc37713ba6b2d225e5f0f712a5d0b9bdaf501c6
demo_envs/pick_from_floor/evaluations/octo_floor_slam_robo_20260927_191613/16.mp4,856389,d5e80986d1087ccf9259fa4b965dd4ae718e37bdbe3210440f9dccadc56ee96d
demo_envs/pick_from_floor/evaluations/octo_floor_slam_robo_20260927_191613/160.mp4,173969,45127ad4634485d11771de4e10541eb3c5cc8b9ad243f807edd9750898396d69
demo_envs/pick_from_floor/evaluations/octo_floor_slam_robo_20260927_191613/168.mp4,850679,ddcbaee6d6492af9e62241407ee5cccdb3844b4108032dfa41d26691b5a2d618
demo_envs/pick_from_floor/evaluations/octo_floor_slam_robo_20260927_191613/172.mp4,690522,4cf2fc69db099b81bafa55351c1a34604e31de3e969b4fa9a3c1ab52dba1fcfa
demo_envs/pick_from_floor/evaluations/octo_floor_slam_robo_20260927_191613/180.mp4,815807,94d58d669d520cb26ade4f58e9cb37d4e7c0420fb7ba3064867098b332c65ddf
demo_envs/pick_from_floor/evaluations/octo_floor_slam_robo_20260927_191613/184.mp4,699433,4f4f907da96550d4296daaad63527d4b21428fcf080a3cad01a533f86db68b28
demo_envs/pick_from_floor/evaluations/octo_floor_slam_robo_20260927_191613/188.mp4,441685,893327910b3ad4fcfbbf301ebc9769f9f91c07f8e6baaec51b1c16569098f013
demo_envs/pick_from_floor/evaluations/octo_floor_slam_robo_20260927_191613/20260927_204839.h5,800,26c4d449632ea072317c16e9d4857e419b67e1b7751f81a89a87c8e75fe9484e
demo_envs/pick_from_floor/evaluations/octo_floor_slam_robo_20260927_191613/20260927_204839.json,1193,5d06526eba36200818846276c2e8caa175077d2984cec7af25a4e059119b6cf5
demo_envs/pick_from_floor/evaluations/octo_floor_slam_robo_20260927_191613/28.mp4,619270,7837f8bd7ef0c1ec4be632a204c2056bff9cb70ab15c51c5e21697834e08044b
demo_envs/pick_from_floor/evaluations/octo_floor_slam_robo_20260927_191613/36.mp4,838031,5505da944f7f934b5bfa1337209edbf3ac14233482f79bf893a34d2e33f838da
demo_envs/pick_from_floor/evaluations/octo_floor_slam_robo_20260927_191613/44.mp4,519048,c47303eb92e0ccb28bbe57d6c924b9029ca214730735c7aa0352ee2945e5d8fe
demo_envs/pick_from_floor/evaluations/octo_floor_slam_robo_20260927_191613/48.mp4,801785,ff309e0fe399585bb0ac4758c8534c0192e059440c7427ae96d4226fa6de38b6
demo_envs/pick_from_floor/evaluations/octo_floor_slam_robo_20260927_191613/52.mp4,579783,2d2f9372d7a63c0187ae82be4983bb7a4846d02e90fa29de979f2227bc0d138b
demo_envs/pick_from_floor/evaluations/octo_floor_slam_robo_20260927_191613/56.mp4,780441,fb0613a57bf08da20be92aafac99ecb97fcea063fcee18204e5d8c07751e80d6
demo_envs/pick_from_floor/evaluations/octo_floor_slam_robo_20260927_191613/68.mp4,737270,1da231caef22e8f25445351238f48038728ebf428e267cd0e117a1b8138167b4
demo_envs/pick_from_floor/evaluations/octo_floor_slam_robo_20260927_191613/76.mp4,893847,9a7f64155e22a14122641efc46fcf093e93d97ebd8893f1335a40b01ee2c4dfa
demo_envs/pick_from_floor/evaluations/octo_floor_slam_robo_20260927_191613/8.mp4,784578,f6ee455d8971010a3ff4f57c025b623057142e00088409ae6f344d686ed0ba21
demo_envs/pick_from_floor/evaluations/octo_floor_slam_robo_20260927_191613/84.mp4,915798,f6852181e9691a0279bb66759e501f3b4ea1c544e400a388bfccf0f47ecd7568
demo_envs/pick_from_floor/evaluations/octo_floor_slam_robo_20260927_191613/88.mp4,505600,4bf3d9f272af4a2f8e449263fad8a08a194c668ae4dfeeabfda9f571676b785c
demo_envs/pick_from_floor/evaluations/octo_floor_slam_robo_20260927_191613/96.mp4,407089,db94f54e5e0571b3f0560f58055f8ae40cf21b34bacda95894d1cd90101f93c1
demo_envs/pick_from_floor/evaluations/octo_floor_slam_train_20260927_022850/0.mp4,825449,1b9d0ba14dbc27caa0d1fa04a21e2fb2537a69fe3e790246d7474bd82c94fe6c
demo_envs/pick_from_floor/evaluations/octo_floor_slam_train_20260927_022850/108.mp4,784492,7f586dca1c20f65e5e40321851824f42773a5e0f3654b864dd82f0fa368a0518
demo_envs/pick_from_floor/evaluations/octo_floor_slam_train_20260927_022850/112.mp4,402551,5d620951d397a3fe54a357f6f48722b04807127bddb4e4fb745733b4e7a32751
demo_envs/pick_from_floor/evaluations/octo_floor_slam_train_20260927_022850/116.mp4,505348,6dc1f8113b0ca834e9deb36401a529904da74eb1d00a54c75c45b4a77a4d940b
demo_envs/pick_from_floor/evaluations/octo_floor_slam_train_20260927_022850/12.mp4,730692,3d6de67e435969080233acbab9c9bd9923cee6e2aa70cd09001c0858d6d49f5d
demo_envs/pick_from_floor/evaluations/octo_floor_slam_train_20260927_022850/124.mp4,616587,3bcb97a19bcbf77893dc3f6883b1414eac4c390d646c950e4ce8fc830c198805
demo_envs/pick_from_floor/evaluations/octo_floor_slam_train_20260927_022850/128.mp4,483096,1eabb9157fbf2814cfde2ec3081ca058b66a8642b6e4f07f6b86da9109bf1282
demo_envs/pick_from_floor/evaluations/octo_floor_slam_train_20260927_022850/132.mp4,670818,0b6916cbabc3b85cf6a2177e46521150ac6d7f4fff62f044cdf804a811074cf7
demo_envs/pick_from_floor/evaluations/octo_floor_slam_train_20260927_022850/140.mp4,680057,ccd6e8f496164a9b86aa5622215d33498820d7c3b48fb99041f98606c12bf6ed
demo_envs/pick_from_floor/evaluations/octo_floor_slam_train_20260927_022850/144.mp4,711233,ddcdd7c3f92dcd1aac8ec1d24a57fd76111c430756f4aa85e34a3aa8831f3d57
demo_envs/pick_from_floor/evaluations/octo_floor_slam_train_20260927_022850/148.mp4,656365,3527a01bbfe874a1389ff41d162d5f13d80e7b76d04ce293e6b9d0a796dea88e
demo_envs/pick_from_floor/evaluations/octo_floor_slam_train_20260927_022850/16.mp4,771914,2ff6cee1c17c0d1027c9bef7ebdde74671f9e9de55ef3330a04692407433890c
demo_envs/pick_from_floor/evaluations/octo_floor_slam_train_20260927_022850/160.mp4,193059,6e38fb34e098e328233ede70356ee36261e72cff83d39d501a03e52bb5e954f2
demo_envs/pick_from_floor/evaluations/octo_floor_slam_train_20260927_022850/168.mp4,782826,7012db60af433f39ed32f9f250c86ad7c8fe5ec2f18ddc7d15a765adb034a0bb
demo_envs/pick_from_floor/evaluations/octo_floor_slam_train_20260927_022850/172.mp4,590722,1b9615d1ce065a7b89eb4b56f78774ce3bdad30eb89a35dd97ef5275298aa5d9
demo_envs/pick_from_floor/evaluations/octo_floor_slam_train_20260927_022850/180.mp4,883201,3ad26c866cde23ef9a55f1b18f1400bea0364b3109b265ab7f2e785fe8bb7536
demo_envs/pick_from_floor/evaluations/octo_floor_slam_train_20260927_022850/184.mp4,643204,82475c0aa65eb8bfa201501d79e3c85e3ec4a782b8172426fd68a6130e1c04bc
demo_envs/pick_from_floor/evaluations/octo_floor_slam_train_20260927_022850/188.mp4,453547,938b48df1910c474f19532a0522fb6736f7f4b0d79fbffa89cc857bcbff2b3a3
demo_envs/pick_from_floor/evaluations/octo_floor_slam_train_20260927_022850/20260927_031718.h5,800,26c4d449632ea072317c16e9d4857e419b67e1b7751f81a89a87c8e75fe9484e
demo_envs/pick_from_floor/evaluations/octo_floor_slam_train_20260927_022850/20260927_031718.json,1193,5d06526eba36200818846276c2e8caa175077d2984cec7af25a4e059119b6cf5
demo_envs/pick_from_floor/evaluations/octo_floor_slam_train_20260927_022850/28.mp4,670674,f45a3ae28e13c447fe9f80f46acab635a3e51836af80cef55d620c145bcc3d50
demo_envs/pick_from_floor/evaluations/octo_floor_slam_train_20260927_022850/36.mp4,764379,f6c733a6325b8f53524113fd45f0a67004b22a174c0702bbb8deb682a23ec058
demo_envs/pick_from_floor/evaluations/octo_floor_slam_train_20260927_022850/44.mp4,562305,64613460b91a9dd367eded8a41f3e8a9337c32cdae12f470aac0076ee3ff54ae
demo_envs/pick_from_floor/evaluations/octo_floor_slam_train_20260927_022850/48.mp4,755328,189be09e4e2b648b7a9cee116c458e6cd845405826f001e07ffe59c1de1c8f82
demo_envs/pick_from_floor/evaluations/octo_floor_slam_train_20260927_022850/52.mp4,748347,999b5af140703b0afbbe2f72f72c18449e51d20544ca18c71404437022a94380
demo_envs/pick_from_floor/evaluations/octo_floor_slam_train_20260927_022850/56.mp4,793195,37896062b9f7c37d24f37aa9ee78c26ff28accbec866450045a2547e44b23cf9
demo_envs/pick_from_floor/evaluations/octo_floor_slam_train_20260927_022850/68.mp4,650474,f0e5fcacb4b76f16e7e3d00da5eaa0d854236f6a7ae1e2012ba703e2221349dc
demo_envs/pick_from_floor/evaluations/octo_floor_slam_train_20260927_022850/76.mp4,942970,b83858ae09c5403c67a3203e40b5d5eae4121bfcfa533a22b90664668d779fbc
demo_envs/pick_from_floor/evaluations/octo_floor_slam_train_20260927_022850/8.mp4,730049,d81f9ab190974ac0c065110481004d5d4a0815eb1d851c9143718aa845e5a9e6
demo_envs/pick_from_floor/evaluations/octo_floor_slam_train_20260927_022850/84.mp4,966112,a572398dfed8fb0878767ed1a28d42a30673dc1cf303ec403939ba7f23eae7b0
demo_envs/pick_from_floor/evaluations/octo_floor_slam_train_20260927_022850/88.mp4,623464,1de5447202ecdeca04d77c6e6b7a9f724b2d4cc20cf2e7ce45750e0704951932
demo_envs/pick_from_floor/evaluations/octo_floor_slam_train_20260927_022850/96.mp4,310325,af328b806e3dd9dbc492dce53d96ff8b4a30e9dbb7f84a163608bdad2da83b29
demo_envs/pick_to_basket/evaluations/octo_basket_fanta_robo_20260927_191613/100.mp4,814221,dd6bbbbf2782721d19c3639d3680f94e6bc478289c7b8a101ef296fd523b2cc5
demo_envs/pick_to_basket/evaluations/octo_basket_fanta_robo_20260927_191613/104.mp4,676400,8e9339cde15f00345b6fc9d97a544222228bcbfe5b0d06d008f6f436d0ad5afa
demo_envs/pick_to_basket/evaluations/octo_basket_fanta_robo_20260927_191613/108.mp4,675250,a506861b5e7878234eb68a471ca1fdd60c3e1522ff1e6fd727d9f4c104a90d04
demo_envs/pick_to_basket/evaluations/octo_basket_fanta_robo_20260927_191613/116.mp4,183198,86b3a96d0c5dc3eb5532545e44e096fc1a485a3e7ddb506f2a17e2d5b1b71a96
demo_envs/pick_to_basket/evaluations/octo_basket_fanta_robo_20260927_191613/12.mp4,626034,7730a8d8a4262cf640f95c39a1192e3dc631fbec13106dcafde4ac618daafac9
demo_envs/pick_to_basket/evaluations/octo_basket_fanta_robo_20260927_191613/120.mp4,610919,4b6ecc093831dadfacd90c3dc895eb25233e82c217dd29a821747c92a161fc90
demo_envs/pick_to_basket/evaluations/octo_basket_fanta_robo_20260927_191613/124.mp4,616069,f23cd790ae2c5ab3469a61599a2c14346afc00944bcb9ebd00f2668f949ccda3
demo_envs/pick_to_basket/evaluations/octo_basket_fanta_robo_20260927_191613/128.mp4,175042,558711acf965a92d3778b739ba471a95e21f40db3333471ad73a56d9df0f4609
demo_envs/pick_to_basket/evaluations/octo_basket_fanta_robo_20260927_191613/132.mp4,537882,93c4a9b22a33057245d0e7608254879baba8b31c223c29c26d30dd94672525be
demo_envs/pick_to_basket/evaluations/octo_basket_fanta_robo_20260927_191613/136.mp4,704820,09e8ecd245dd78bee82b68fe0e0212549bd0dce22f282b81402d29f8563ec803
demo_envs/pick_to_basket/evaluations/octo_basket_fanta_robo_20260927_191613/140.mp4,602899,6414f2e6d2d4de1f89773fcf38466573c9896c34ba405287535cc0ff124969d3
demo_envs/pick_to_basket/evaluations/octo_basket_fanta_robo_20260927_191613/148.mp4,695747,867963582c3e99bd3b90d744b22314770bce3d6a3ec84dec3645fbf31a239297
demo_envs/pick_to_basket/evaluations/octo_basket_fanta_robo_20260927_191613/152.mp4,682052,d4f2f2c60139bdf10f28443e7723abd6a25eadf4d212a9901c5679cfd8299825
demo_envs/pick_to_basket/evaluations/octo_basket_fanta_robo_20260927_191613/16.mp4,735069,521dadc91f4e282f17bf153b29bb9e1af53756be2abb5c70b1c58a910733197f
demo_envs/pick_to_basket/evaluations/octo_basket_fanta_robo_20260927_191613/20.mp4,624714,0a5165296f83a5580b698520947ed1e97f81650092413cb09ad10a40155458ce
demo_envs/pick_to_basket/evaluations/octo_basket_fanta_robo_20260927_191613/20260927_191632.h5,800,26c4d449632ea072317c16e9d4857e419b67e1b7751f81a89a87c8e75fe9484e
demo_envs/pick_to_basket/evaluations/octo_basket_fanta_robo_20260927_191613/20260927_191632.json,1187,d35be8842088796595a50ebb9dc83be4eac596c903c946524373d55b61c846bc
demo_envs/pick_to_basket/evaluations/octo_basket_fanta_robo_20260927_191613/24.mp4,710797,40a3f7b58d5f0d1fbf0c1ecc083bd52da27b55cfab697bd909440c8f75b17cc5
demo_envs/pick_to_basket/evaluations/octo_basket_fanta_robo_20260927_191613/28.mp4,445013,a12e262b9d9c63555322fb0f916096e40efa262063a61d3ece9970dd993cc8e0
demo_envs/pick_to_basket/evaluations/octo_basket_fanta_robo_20260927_191613/32.mp4,688389,c5fcb682d929c17798e7937068b27421407b8dd8d46c7745b4d5ca3de794d8ec
demo_envs/pick_to_basket/evaluations/octo_basket_fanta_robo_20260927_191613/36.mp4,644961,7be1a108243140f875d11d0a6da72a1cc29cc684cc94f7fd64d5c542a5e055bb
demo_envs/pick_to_basket/evaluations/octo_basket_fanta_robo_20260927_191613/4.mp4,725406,cfac4a69372c760148b9af80e19ed8f43d0758415bd14b398a3b7e5b216ecf36
demo_envs/pick_to_basket/evaluations/octo_basket_fanta_robo_20260927_191613/40.mp4,357338,8767c535a73a2a105d8b384fe26a002c2876100d01f690b97cba159e43d5c106
demo_envs/pick_to_basket/evaluations/octo_basket_fanta_robo_20260927_191613/44.mp4,611721,5ee75e6815fc0aa8bf599539ab11ba6d742189479edfdeeb90fce4dc362383f1
demo_envs/pick_to_basket/evaluations/octo_basket_fanta_robo_20260927_191613/52.mp4,713477,5f27a939b6364ed45029670293a60e3f451671d81a26cde3cb6772345f959379
demo_envs/pick_to_basket/evaluations/octo_basket_fanta_robo_20260927_191613/56.mp4,442236,a3416a47294930aafe6d9271fdb744a31d23e9b809965896792738b0d792c2b2
demo_envs/pick_to_basket/evaluations/octo_basket_fanta_robo_20260927_191613/72.mp4,676761,d73a7631ebf40cd788ce4dc98f7d06fdeda23c96447082763b7dd32232400b4f
demo_envs/pick_to_basket/evaluations/octo_basket_fanta_robo_20260927_191613/76.mp4,713185,519b53713a7e6901ef3f1bf28be86142bd2defd86855ec3a6a7d5f52a4099704
demo_envs/pick_to_basket/evaluations/octo_basket_fanta_robo_20260927_191613/8.mp4,653225,44e2bd6343abbfbeadf46b0f78eac57839bf1c24f246ff63ff325479c6bec875
demo_envs/pick_to_basket/evaluations/octo_basket_fanta_robo_20260927_191613/80.mp4,649907,ea9fbfb996ca96922b0a6937c7517a4d4efddf8894e31f8be3f451eefb245841
demo_envs/pick_to_basket/evaluations/octo_basket_fanta_robo_20260927_191613/88.mp4,553204,f24dbfa6ef74e40cad9c0928dbe610716239a324052c772bb30ce64987c4f4fa
demo_envs/pick_to_basket/evaluations/octo_basket_fanta_robo_20260927_191613/96.mp4,298427,5d9452a4fbdf49e9104bd5eb9690f361257cb987de2454da16b58754eb9bd8f2
demo_envs/pick_to_basket/evaluations/octo_basket_fanta_train_20260927_022850/100.mp4,788837,544bb89521db4507f8e67a467119551fac6347d5b9ff8629930ed5102ed184e6
demo_envs/pick_to_basket/evaluations/octo_basket_fanta_train_20260927_022850/104.mp4,677825,8f0b98d7dd95204878caa284e31a7d7f88e68b95773da76dc24033687160921e
demo_envs/pick_to_basket/evaluations/octo_basket_fanta_train_20260927_022850/108.mp4,724415,e8073544d8fe73df5ac5bbbe6f269dc7142d34c292074d45d443537a9adfc92e
demo_envs/pick_to_basket/evaluations/octo_basket_fanta_train_20260927_022850/116.mp4,176575,92c636ea17960af3b339b12d595b3bd91eeeabc59709ef49f823a7b57a1f1798
demo_envs/pick_to_basket/evaluations/octo_basket_fanta_train_20260927_022850/12.mp4,584783,b70fedbf393a5162334f511d226ec832506a9744894ba2261273969c1f6dc7be
demo_envs/pick_to_basket/evaluations/octo_basket_fanta_train_20260927_022850/120.mp4,594655,de594b07b6d5715e5d8ea3987cc413bbc5ed59c7923e98c8c99b08171e5b5f4a
demo_envs/pick_to_basket/evaluations/octo_basket_fanta_train_20260927_022850/124.mp4,670880,003d4d86c515ac97ff337b9ab1564c09374c42805f805a07ae5d452e5544f9ed
demo_envs/pick_to_basket/evaluations/octo_basket_fanta_train_20260927_022850/128.mp4,176252,5b6bef90132084ac8d40ffea1c95df440c7d0e267663e51c0c3cf979514cbaae
demo_envs/pick_to_basket/evaluations/octo_basket_fanta_train_20260927_022850/132.mp4,490777,032c48c24b032cc3706972a07eb8026a85e443181fa2a296a654ebe1d9aadf84
demo_envs/pick_to_basket/evaluations/octo_basket_fanta_train_20260927_022850/136.mp4,664012,d310fe3db6fc5d5a584a639964c4ba851682cf8fd9c77dce2e3d933ae18ab5f9
demo_envs/pick_to_basket/evaluations/octo_basket_fanta_train_20260927_022850/140.mp4,559040,261cd9ec8d0abfe6b398123d07dbd838102d4198fd028c15ef079e2feb93468c
demo_envs/pick_to_basket/evaluations/octo_basket_fanta_train_20260927_022850/148.mp4,691771,59bae6d75cf752d7647eb6f413036204185555b1b6d692746abd3946a63cd953
demo_envs/pick_to_basket/evaluations/octo_basket_fanta_train_20260927_022850/152.mp4,635972,041fc545f8ba77d20ea982d8bba942edb3362acf1d3a905737bc11a4a284a875
demo_envs/pick_to_basket/evaluations/octo_basket_fanta_train_20260927_022850/16.mp4,697152,5a82cb97d2912fc154eb15cf182080e2bc01a937d4521b3533752fba3e6306fd
demo_envs/pick_to_basket/evaluations/octo_basket_fanta_train_20260927_022850/20.mp4,577556,433167dd75153d4f34285b65fbc650344a4ae2fe3ae4b4679e7ed72da7cb00fb
demo_envs/pick_to_basket/evaluations/octo_basket_fanta_train_20260927_022850/20260927_040741.h5,800,26c4d449632ea072317c16e9d4857e419b67e1b7751f81a89a87c8e75fe9484e
demo_envs/pick_to_basket/evaluations/octo_basket_fanta_train_20260927_022850/20260927_040741.json,1187,d35be8842088796595a50ebb9dc83be4eac596c903c946524373d55b61c846bc
demo_envs/pick_to_basket/evaluations/octo_basket_fanta_train_20260927_022850/24.mp4,672232,e621d34320223e4135a93398c09feef9d44e35bb3c8dfce833f12485c12243a0
demo_envs/pick_to_basket/evaluations/octo_basket_fanta_train_20260927_022850/28.mp4,475676,26bec09a19f44f315c3136ae7d85ca90e9356bdd70b14cdfe668fc429d9e6b69
demo_envs/pick_to_basket/evaluations/octo_basket_fanta_train_20260927_022850/32.mp4,724692,84a82c13b461e92047861098f10f64d7f9a2776f349aacfc084648a6d3614c9e
demo_envs/pick_to_basket/evaluations/octo_basket_fanta_train_20260927_022850/36.mp4,573236,1984f8cbfdd67643feca281ac313e7d996755fb519726b0ea05cfa7902b0476a
demo_envs/pick_to_basket/evaluations/octo_basket_fanta_train_20260927_022850/4.mp4,676287,2819617a2d66fa291a3aabb1764e0d402c8a375a5e16984349733df485453779
demo_envs/pick_to_basket/evaluations/octo_basket_fanta_train_20260927_022850/40.mp4,390654,cea220ea6d21c3e664f048f4af1baffbca580048641951b6113dbaee94230c77
demo_envs/pick_to_basket/evaluations/octo_basket_fanta_train_20260927_022850/44.mp4,689344,4b91891f695fadb97674095df67287de38dd4b2558f35c8837a6482d60e247a2
demo_envs/pick_to_basket/evaluations/octo_basket_fanta_train_20260927_022850/52.mp4,777492,76a4c961b438f22d1874cb082e893d2c0aae096b897dbd5ca825ac2136101943
demo_envs/pick_to_basket/evaluations/octo_basket_fanta_train_20260927_022850/56.mp4,483241,3504173d3031e1fb7600f0e72a945b802d2a4968da390e91ef9c22e351da8c5a
demo_envs/pick_to_basket/evaluations/octo_basket_fanta_train_20260927_022850/72.mp4,656459,640124f32db912f1baa46cda49b1a52f7c02fd66364e51612750bdcafc4cd542
demo_envs/pick_to_basket/evaluations/octo_basket_fanta_train_20260927_022850/76.mp4,707728,0ce273d4ba5179b9c3d126965b1c88928f6f11b72b4309446818b2a98fde5e0b
demo_envs/pick_to_basket/evaluations/octo_basket_fanta_train_20260927_022850/8.mp4,620561,6f3bc1f8f71d2111b9ae6f6333354a10092bc9b6a795589a731f47f93b9104f3
demo_envs/pick_to_basket/evaluations/octo_basket_fanta_train_20260927_022850/80.mp4,628823,63f05c72ee5c1581ba7784d5a0d2ffa1ed8a56e8c1049e584d3d4d4d47935aec
demo_envs/pick_to_basket/evaluations/octo_basket_fanta_train_20260927_022850/88.mp4,603733,56c82843bc320c873d5aec55d0b1497908d562864e1850b5d1dc4ac95d9a93e4
demo_envs/pick_to_basket/evaluations/octo_basket_fanta_train_20260927_022850/96.mp4,384243,97e917d4700f99155eea91cfb14c27b9c943ade7b7304f6ec514ed8ffe9b501f
demo_envs/pick_to_basket/evaluations/octo_basket_nivea_robo_20260927_191613/0.mp4,741317,bff51ef84f0f98b1b8c16211841be35ff16ee0327e2915d35b86a5dc44a72ce9
demo_envs/pick_to_basket/evaluations/octo_basket_nivea_robo_20260927_191613/100.mp4,700447,1bcb5f376bb4ba19de6c5be3bce6648b0db52bbdd51bf4d462c94a2c61508f34
demo_envs/pick_to_basket/evaluations/octo_basket_nivea_robo_20260927_191613/108.mp4,656053,d27f48a801663e89147c00339507184f3ac81dd9a79f22850163ef8ac19d8c51
demo_envs/pick_to_basket/evaluations/octo_basket_nivea_robo_20260927_191613/116.mp4,167866,9394e085df1d33f5a051c2159c1b1a4696796e4216ffaf5f80e7d26de154c9bd
demo_envs/pick_to_basket/evaluations/octo_basket_nivea_robo_20260927_191613/12.mp4,562844,5594a7b01ff58a1cbb26ad51099dea1ca7c3301f935854bc9c3405426d9f8c13
demo_envs/pick_to_basket/evaluations/octo_basket_nivea_robo_20260927_191613/120.mp4,654581,50f34fec61605f2f9eac40dbe06ac9c54ec567aff201dd97b74b865c40c381bb
demo_envs/pick_to_basket/evaluations/octo_basket_nivea_robo_20260927_191613/124.mp4,660890,a8753f07cd35695f3b0c2db1273535b978c70cd9b1e7f4da18d383fc86207406
demo_envs/pick_to_basket/evaluations/octo_basket_nivea_robo_20260927_191613/128.mp4,176049,2177863d256ad73704e1a48b57247c5a31f8cc61b6cfeeeb180a08fe64c578bc
demo_envs/pick_to_basket/evaluations/octo_basket_nivea_robo_20260927_191613/132.mp4,539797,db25b965540e7c1d289aaa865989cf54d00e476d425dbecc74a3264b582100d4
demo_envs/pick_to_basket/evaluations/octo_basket_nivea_robo_20260927_191613/136.mp4,715021,28cb92998de719c4043d637e1d093d5859f45f01df168cc33a14188e70ce9128
demo_envs/pick_to_basket/evaluations/octo_basket_nivea_robo_20260927_191613/140.mp4,548105,d52ab585da94d36360752fe1fa0eef0e88f389325ba7ac62c958de8f67ccd999
demo_envs/pick_to_basket/evaluations/octo_basket_nivea_robo_20260927_191613/20.mp4,592592,20af49a97a34a52852d5691a1a3df67ce61a97448798bcf8f97709ca651b7f75
demo_envs/pick_to_basket/evaluations/octo_basket_nivea_robo_20260927_191613/20260927_194538.h5,800,26c4d449632ea072317c16e9d4857e419b67e1b7751f81a89a87c8e75fe9484e
demo_envs/pick_to_basket/evaluations/octo_basket_nivea_robo_20260927_191613/20260927_194538.json,1190,66ae977bf45a45f8e9debced11dd61fa301432293ffcf8a83b762bb030eee608
demo_envs/pick_to_basket/evaluations/octo_basket_nivea_robo_20260927_191613/24.mp4,721382,6f4c326269b01fa6cba7e31a92de8cd147ce666bfd7430cdde629cee91510b06
demo_envs/pick_to_basket/evaluations/octo_basket_nivea_robo_20260927_191613/32.mp4,648865,80ba7db65dd4855f36e0d13f624a8594ae9a69ed028f78cfba822c8033d55dc6
demo_envs/pick_to_basket/evaluations/octo_basket_nivea_robo_20260927_191613/36.mp4,615863,6c156bc1029d1c3fecdb3a8fc1537d33bd413db754be0eccbf60c4ca9646af5d
demo_envs/pick_to_basket/evaluations/octo_basket_nivea_robo_20260927_191613/4.mp4,674550,3f2a169b1872546994eae9bf0a35ddd993fb988d7f5771c758f8a526957528a2
demo_envs/pick_to_basket/evaluations/octo_basket_nivea_robo_20260927_191613/40.mp4,322084,0eec83095b4ffeff0e8ac5eb6790f24ca6def3587d808b9d23a16db0d2372317
demo_envs/pick_to_basket/evaluations/octo_basket_nivea_robo_20260927_191613/44.mp4,589841,d381977621213cdd95640ce5cc43b92442b1e063564f275ac68e387800e99997
demo_envs/pick_to_basket/evaluations/octo_basket_nivea_robo_20260927_191613/48.mp4,614664,e0a72ded2c7f6442987c6946a7d9ce7a38eaee1eaa258fd238c46142ab3d14f1
demo_envs/pick_to_basket/evaluations/octo_basket_nivea_robo_20260927_191613/52.mp4,642881,bb8c0688853c0b5c22753bcf521a203eb6c4bc4f9f246a78d33b002d27d5a1d6
demo_envs/pick_to_basket/evaluations/octo_basket_nivea_robo_20260927_191613/56.mp4,473945,63d4a70e44fdcfe491b755520a8148733b620eced099bba67a553290fd5fd82e
demo_envs/pick_to_basket/evaluations/octo_basket_nivea_robo_20260927_191613/60.mp4,617556,3498ed1fcc3482d15ca47f847791c92668d1b1f83dd38d92c718b861dcfd3a1d
demo_envs/pick_to_basket/evaluations/octo_basket_nivea_robo_20260927_191613/64.mp4,547794,022f248112e5dc6bbdea1e7939c65a0a09bdfb74acd93c0dc91310145bfa00d1
demo_envs/pick_to_basket/evaluations/octo_basket_nivea_robo_20260927_191613/72.mp4,678986,97b766958dd3552a7a5a02ce4c5e525cacdd1de959b7adaa1d3cb48551c327c5
demo_envs/pick_to_basket/evaluations/octo_basket_nivea_robo_20260927_191613/8.mp4,559506,f24cc4a4afff3301930d40ee5668eb0072777730a7c6250e4a419aa43bd14111
demo_envs/pick_to_basket/evaluations/octo_basket_nivea_robo_20260927_191613/80.mp4,627608,7249801857d3b9072c003c05a5874f74c10c09d350183bd8e5f68a2bffc3770f
demo_envs/pick_to_basket/evaluations/octo_basket_nivea_robo_20260927_191613/84.mp4,638728,390a967c99a3e28221b19206912a737597d745691d3bcba2d73dcb46728e7b46
demo_envs/pick_to_basket/evaluations/octo_basket_nivea_robo_20260927_191613/88.mp4,583055,c4e1e1a5d3f664e5a33bea45935589398cbb22b8813ed37e6dacd415a6ddabd9
demo_envs/pick_to_basket/evaluations/octo_basket_nivea_robo_20260927_191613/92.mp4,650896,fa631325b7442300bb1518ac41cbb6bbe9b50bbc2b2fa8905d397c91868a7064
demo_envs/pick_to_basket/evaluations/octo_basket_nivea_robo_20260927_191613/96.mp4,345665,583eaa2c57430aa403cba91c008fa2511fc977e1bca61db87de14b2a40f9aed0
demo_envs/pick_to_basket/evaluations/octo_basket_nivea_train_20260927_022850/0.mp4,659915,4d339bdb78982f46fc918ef3b9b3210be118c2d4f19f8ac9cdd78dc9542c726f
demo_envs/pick_to_basket/evaluations/octo_basket_nivea_train_20260927_022850/100.mp4,779159,3a87a6949aa3a8836fcc79108191a06a1edb6e62d1152cb306523e85b5888d41
demo_envs/pick_to_basket/evaluations/octo_basket_nivea_train_20260927_022850/108.mp4,668626,6b102a41df3084d2b923241f81e70ecbf7887d44992d323ee5c26248a49b83d2
demo_envs/pick_to_basket/evaluations/octo_basket_nivea_train_20260927_022850/116.mp4,168461,6072714197fa127bc666cb771574fd5d0f7735424c282068ecdc5de37842adb6
demo_envs/pick_to_basket/evaluations/octo_basket_nivea_train_20260927_022850/12.mp4,630301,80570e24d6f5e18cab8d929fb92433c2c2a20c835c95dfa2e3693e35a4aedf1f
demo_envs/pick_to_basket/evaluations/octo_basket_nivea_train_20260927_022850/120.mp4,629910,9fdd581a024704f9d30ad90bf6d14f51051af63f506bf078005918af38efd09d
demo_envs/pick_to_basket/evaluations/octo_basket_nivea_train_20260927_022850/124.mp4,629060,4879935ea9b329d47a01241ea62c84a5395619658ecacc7d6dd8507635174953
demo_envs/pick_to_basket/evaluations/octo_basket_nivea_train_20260927_022850/128.mp4,174106,d097e36e9c036a9fbb70717bd719dac046f9a05e1d88d4286ccd4d6a42d00ac8
demo_envs/pick_to_basket/evaluations/octo_basket_nivea_train_20260927_022850/132.mp4,481593,ad0512b52034bc0c6f91fa0a6a15e1cccb99dc94f340eefce32a6314f3826f12
demo_envs/pick_to_basket/evaluations/octo_basket_nivea_train_20260927_022850/136.mp4,664412,fff7f737a03a67766ab9cc9f3ea6420da0c9fff9f1f7bdc8a222920af1d91519
demo_envs/pick_to_basket/evaluations/octo_basket_nivea_train_20260927_022850/140.mp4,575743,d90899c12a9e3cf79f6c9905091f27f054676b4d17bdd18675701d02bbd06062
demo_envs/pick_to_basket/evaluations/octo_basket_nivea_train_20260927_022850/20.mp4,588894,69699b4b249d64f2a52cded0d30069a31110c29bcb675bd753fbee4b93157110
demo_envs/pick_to_basket/evaluations/octo_basket_nivea_train_20260927_022850/20260927_043655.h5,800,26c4d449632ea072317c16e9d4857e419b67e1b7751f81a89a87c8e75fe9484e
demo_envs/pick_to_basket/evaluations/octo_basket_nivea_train_20260927_022850/20260927_043655.json,1190,66ae977bf45a45f8e9debced11dd61fa301432293ffcf8a83b762bb030eee608
demo_envs/pick_to_basket/evaluations/octo_basket_nivea_train_20260927_022850/24.mp4,683487,5d0de5fa6274bd9ac5f630313997f4ba347a762738a9e8e00a1ef75711c0ca0c
demo_envs/pick_to_basket/evaluations/octo_basket_nivea_train_20260927_022850/32.mp4,692759,d50dcbaaf30574baeca4db16b6a18a5d2e69ba586d5fb99edf40f3909ce6a7cc
demo_envs/pick_to_basket/evaluations/octo_basket_nivea_train_20260927_022850/36.mp4,649402,b311f4f2ef5387f86aa3946477fdf38e24c6a990e2090a9de7c7fccb29440f92
demo_envs/pick_to_basket/evaluations/octo_basket_nivea_train_20260927_022850/4.mp4,654333,0cd3ff27a469a73f642df6249ccfb142b870a20852ce7e6d4aa0b4169d5e0208
demo_envs/pick_to_basket/evaluations/octo_basket_nivea_train_20260927_022850/40.mp4,321916,c72375efc5c061d0372474d24bb2c2ecc82bf56f5da853e901787d514c150f3c
demo_envs/pick_to_basket/evaluations/octo_basket_nivea_train_20260927_022850/44.mp4,593965,b998d0251fa523560a67bc118697a00a1d9e103177b13a7fd124072b9940b331
demo_envs/pick_to_basket/evaluations/octo_basket_nivea_train_20260927_022850/48.mp4,602857,673fd002b5371a370a703500ca14c8c6027fd839b089560bbda8b545d928a1c2
demo_envs/pick_to_basket/evaluations/octo_basket_nivea_train_20260927_022850/52.mp4,700583,fd99998635e3c3787e66264b170688a4d589cadaf0fd3b3d873093f85c1cc5cb
demo_envs/pick_to_basket/evaluations/octo_basket_nivea_train_20260927_022850/56.mp4,432473,fada498104dd1d5078b539faca2be0b61d239cc94fecc06f23902c9119c05f56
demo_envs/pick_to_basket/evaluations/octo_basket_nivea_train_20260927_022850/60.mp4,614605,70777d6d91b229342416b512218c218ac85cf0d0e41f09a09035fabbe5adaa98
demo_envs/pick_to_basket/evaluations/octo_basket_nivea_train_20260927_022850/64.mp4,562702,3d090161b4bba5c5c34fae82d4deebfe86de0dee5da40f4ffb2693ad9b19506c
demo_envs/pick_to_basket/evaluations/octo_basket_nivea_train_20260927_022850/72.mp4,684421,2d1d9d4ef14bf1c0b021e4c054ef32336f62d4218d405a2d8b9eea31cfb47b02
demo_envs/pick_to_basket/evaluations/octo_basket_nivea_train_20260927_022850/8.mp4,574185,eda612a2b726c1069187f812c76ab0498a2da48fcb7890f65ee75ddb1eb7ddeb
demo_envs/pick_to_basket/evaluations/octo_basket_nivea_train_20260927_022850/80.mp4,612696,915f1005bda16d56e9d8b77552611b7864ea175694675c7c989ff97eb558e231
demo_envs/pick_to_basket/evaluations/octo_basket_nivea_train_20260927_022850/84.mp4,710571,e5c8244caeb581e9de845c76806337208d41f7f6dc8aa6bc809c3996a8616466
demo_envs/pick_to_basket/evaluations/octo_basket_nivea_train_20260927_022850/88.mp4,579997,a3140e695d49ea63c69c8365555410dd33e774e61adcda3d52f1f8f51aefc04a
demo_envs/pick_to_basket/evaluations/octo_basket_nivea_train_20260927_022850/92.mp4,603299,49a938cc37ededd7d4dede100ad27494298fb707b42e639e69e4f2666ecfd38c
demo_envs/pick_to_basket/evaluations/octo_basket_nivea_train_20260927_022850/96.mp4,336492,542922e70e70fb6ca08e0de81646852c07d108ea9b0ba0b43c1b6758ba3447f8
demo_envs/pick_to_basket/evaluations/octo_basket_stars_robo_20260927_191613/0.mp4,712259,9748d29966523dc642d60946f07f516009e1de43f825455ea3c6f570e1e41fd0
demo_envs/pick_to_basket/evaluations/octo_basket_stars_robo_20260927_191613/104.mp4,572271,176b491a498d12d2727b278c2853af4492a7ce768a9b5ffb0ba4a226a30c76f9
demo_envs/pick_to_basket/evaluations/octo_basket_stars_robo_20260927_191613/108.mp4,593733,74a89ef8c45d4feac1dffa90758c413c84273aa9098bf88268eb882c9eec7578
demo_envs/pick_to_basket/evaluations/octo_basket_stars_robo_20260927_191613/116.mp4,169446,2a7b232bf92b34faa9b183d89ae0032c4c9cbad7ef4d9422d19fc6f8fdfa1e05
demo_envs/pick_to_basket/evaluations/octo_basket_stars_robo_20260927_191613/120.mp4,615675,aa76917e6a395f2e94c31c725895f2d6cc646e836ffc1c2b6ac604da9235292e
demo_envs/pick_to_basket/evaluations/octo_basket_stars_robo_20260927_191613/124.mp4,636256,c40fbca9de3ef256c57f669f1a904abe4642fa901f850c54569af6f56d63dcdf
demo_envs/pick_to_basket/evaluations/octo_basket_stars_robo_20260927_191613/128.mp4,174106,d097e36e9c036a9fbb70717bd719dac046f9a05e1d88d4286ccd4d6a42d00ac8
demo_envs/pick_to_basket/evaluations/octo_basket_stars_robo_20260927_191613/132.mp4,505752,92a8901c7cb92717018e542fd70ee1a13286b8ec20e7d8e7c8989bb7839ca690
demo_envs/pick_to_basket/evaluations/octo_basket_stars_robo_20260927_191613/136.mp4,597675,c27f2a4e3fe7586dfd9d7049c3817f49d29f231eaa16602b9db2b94a76ae11af
demo_envs/pick_to_basket/evaluations/octo_basket_stars_robo_20260927_191613/140.mp4,628835,f5e6db472fee7deef90d2bb0b1109760181d3b107e4c4a41c0035298a00d1bd6
demo_envs/pick_to_basket/evaluations/octo_basket_stars_robo_20260927_191613/144.mp4,519312,c574a171c334bd52a1509ef743343f22e2da58230013341dd74a8bf41f3be7ca
demo_envs/pick_to_basket/evaluations/octo_basket_stars_robo_20260927_191613/152.mp4,692992,01704fcdba35b5a4d9bf245aa22337f7bb7fb5609d5964a5808de2fa3383bf3e
demo_envs/pick_to_basket/evaluations/octo_basket_stars_robo_20260927_191613/156.mp4,585700,47cbd1b9c43341fc5ef02cc605149fa9fb2064919f543865a7b426277f81c8d8
demo_envs/pick_to_basket/evaluations/octo_basket_stars_robo_20260927_191613/16.mp4,654385,9f831a034072ebc8c5717bcf2e0e87933f7864635a26c66ef7f41bc36cc6ce0b
demo_envs/pick_to_basket/evaluations/octo_basket_stars_robo_20260927_191613/160.mp4,588932,cdf69714a0b75b7756065b8b20a2107312abce3e6fa8cadc872722c5d2983c80
demo_envs/pick_to_basket/evaluations/octo_basket_stars_robo_20260927_191613/168.mp4,685424,d2c48cd3e55b3e3139489765c214b53ea6a957be08fbab0fb9503f9318fec420
demo_envs/pick_to_basket/evaluations/octo_basket_stars_robo_20260927_191613/20.mp4,618356,8d9072ed36b50de025df090a987c2f0e4c8e4dc6e7263beb638616f0aa6e31ee
demo_envs/pick_to_basket/evaluations/octo_basket_stars_robo_20260927_191613/20260927_213136.h5,800,26c4d449632ea072317c16e9d4857e419b67e1b7751f81a89a87c8e75fe9484e
demo_envs/pick_to_basket/evaluations/octo_basket_stars_robo_20260927_191613/20260927_213136.json,1191,a05f3f0d06035a5b6a84a26ccb8b95e29cedc4e7e57c733bca52e3f4b7c98667
demo_envs/pick_to_basket/evaluations/octo_basket_stars_robo_20260927_191613/28.mp4,509778,f302843362a3129de49ae69edcfc60e8ba7540ee3145b47764c90d6b79d308ba
demo_envs/pick_to_basket/evaluations/octo_basket_stars_robo_20260927_191613/36.mp4,595581,5d7f13be4b1c515b06cfca7028a70099febc08a1b60e7604d5bdc287d177941a
demo_envs/pick_to_basket/evaluations/octo_basket_stars_robo_20260927_191613/4.mp4,625491,2ce81c27c776b35fd6dcb611f64e60e34eb258a1c7d759a5d508242793faaa88
demo_envs/pick_to_basket/evaluations/octo_basket_stars_robo_20260927_191613/40.mp4,327050,0af46663169898022ecaa399603e7501a8ec412cdd4f68e0a65b1158651b30b2
demo_envs/pick_to_basket/evaluations/octo_basket_stars_robo_20260927_191613/48.mp4,770194,89ae2525c59caf070344a438304be413b15231803df9b75af0b77f5e48414c34
demo_envs/pick_to_basket/evaluations/octo_basket_stars_robo_20260927_191613/60.mp4,628660,310f29724591faf6339184a4d444f6c1dc229f03549e5241fad492d582f7c863
demo_envs/pick_to_basket/evaluations/octo_basket_stars_robo_20260927_191613/68.mp4,187012,b832eaddfa1a83c15d5ad94d665f0bf8336beed0689b3f8ea0058e8158ef51eb
demo_envs/pick_to_basket/evaluations/octo_basket_stars_robo_20260927_191613/76.mp4,727550,74b4510f083ccc0960a67625e899bba8005916cc41100452525f56c56d63b7d3
demo_envs/pick_to_basket/evaluations/octo_basket_stars_robo_20260927_191613/8.mp4,558445,d922267548c23e5770129e6c1a8bd5275440cc3624bd8e551e822b74ed3f5136
demo_envs/pick_to_basket/evaluations/octo_basket_stars_robo_20260927_191613/84.mp4,733102,e84ee881161fe49b01495e23da868910468a6a2274ff3197e61e856071064db6
demo_envs/pick_to_basket/evaluations/octo_basket_stars_robo_20260927_191613/88.mp4,596959,1f4089f299d6fb530f43a23e607ce7116c2e3fc2f78a3a563ef5333ee1d054e3
demo_envs/pick_to_basket/evaluations/octo_basket_stars_robo_20260927_191613/92.mp4,611401,d44a42e1cb15f5ddd48628f25fc49c8fffeed1529d22b88243835f31f29bfd17
demo_envs/pick_to_basket/evaluations/octo_basket_stars_robo_20260927_191613/96.mp4,350880,65f7e6a0820919ca42a32dfc304476d12b9b98d64639b848421224577d28d572
demo_envs/pick_to_basket/evaluations/octo_basket_stars_train_20260927_022850/0.mp4,631469,3deeef6f8673f23c2903b78939a758502ee23d4e4509b4ae4c798523f0d58fe4
demo_envs/pick_to_basket/evaluations/octo_basket_stars_train_20260927_022850/104.mp4,586075,a889a2cf034b8396cb07b1e497f1497f509e379f11ec17ce8387b7ed74908e9d
demo_envs/pick_to_basket/evaluations/octo_basket_stars_train_20260927_022850/108.mp4,605552,de114f3ff0944b18193dccc95f523bf6cea4514c40685e242117c2f669b50441
demo_envs/pick_to_basket/evaluations/octo_basket_stars_train_20260927_022850/116.mp4,172297,4ebd01625055d543f3993b2f32599b2965d83b967e3d5773204f076f5e933a50
demo_envs/pick_to_basket/evaluations/octo_basket_stars_train_20260927_022850/120.mp4,592782,66ba2258232d7d5cf2b931ee0ec95fb030bb89912889462d58a909c3c4e4840d
demo_envs/pick_to_basket/evaluations/octo_basket_stars_train_20260927_022850/124.mp4,649766,66abfbff879bb8894b6306a2aa73aa8a6c9aa45771d7f2ea239f6cfdfe350861
demo_envs/pick_to_basket/evaluations/octo_basket_stars_train_20260927_022850/128.mp4,180209,371d7862a10bb66016e9dc53131eefc3e2f72d5cd380cd0f736acc6ad56febcd
demo_envs/pick_to_basket/evaluations/octo_basket_stars_train_20260927_022850/132.mp4,501410,ba558323add2bfaaf145072c73da05a996c611e3c97ed228c0802ac115d61529
demo_envs/pick_to_basket/evaluations/octo_basket_stars_train_20260927_022850/136.mp4,616223,e5196813643715afff573dc1fd90c267b3568b8b51a7ab544b885a276f72f0a6
demo_envs/pick_to_basket/evaluations/octo_basket_stars_train_20260927_022850/140.mp4,548041,5ac5afb434d7aba97f501e4cbf379fa064a633c9c877467b081dafe70ab23621
demo_envs/pick_to_basket/evaluations/octo_basket_stars_train_20260927_022850/144.mp4,519684,377f462524dbc810ac99cbeff0c95d7bfa2c961279db535191e335e779067d1f
demo_envs/pick_to_basket/evaluations/octo_basket_stars_train_20260927_022850/152.mp4,584467,8a6adf45db5f622eff752851cc7c30e7b3158d005fbcb641333c7caa7d443ae7
demo_envs/pick_to_basket/evaluations/octo_basket_stars_train_20260927_022850/156.mp4,562492,5e4802fbf6c0b44ea65af19e569bd82c65644f74b953f8794780e8e497d8f5e5
demo_envs/pick_to_basket/evaluations/octo_basket_stars_train_20260927_022850/16.mp4,658666,64cc31449a8a411c24450a5f4accea17e3dd7940f394bce957e927a664b16a16
demo_envs/pick_to_basket/evaluations/octo_basket_stars_train_20260927_022850/160.mp4,582765,aacebff1b4c579315a348404cdd358369624f049cfa8f93ade4605eeecd6a2d8
demo_envs/pick_to_basket/evaluations/octo_basket_stars_train_20260927_022850/168.mp4,651913,69a4f5faaf64b8d8d8a1d17b8599514cad4036b31ac1f628a2c0decb2fc20eff
demo_envs/pick_to_basket/evaluations/octo_basket_stars_train_20260927_022850/20.mp4,536408,f9c1b90c9e93918aa998715247bd4f340fea09da6980f26fa44fba1f5dfdae4d
demo_envs/pick_to_basket/evaluations/octo_basket_stars_train_20260927_022850/20260927_050511.h5,800,26c4d449632ea072317c16e9d4857e419b67e1b7751f81a89a87c8e75fe9484e
demo_envs/pick_to_basket/evaluations/octo_basket_stars_train_20260927_022850/20260927_050511.json,1191,a05f3f0d06035a5b6a84a26ccb8b95e29cedc4e7e57c733bca52e3f4b7c98667
demo_envs/pick_to_basket/evaluations/octo_basket_stars_train_20260927_022850/28.mp4,393275,c766fd1a4d020d5a57d1139331c13a060d999a2a3bb57ce4eed3b39ea80d0f51
demo_envs/pick_to_basket/evaluations/octo_basket_stars_train_20260927_022850/36.mp4,641548,7689875efeecfda9deb8a1336ab0f0b325cbb52e5cf3bd48702909fcb2672377
demo_envs/pick_to_basket/evaluations/octo_basket_stars_train_20260927_022850/4.mp4,717750,c4e266dd919189baa0e56f98df089082caccc6e0bbce3364947d42b8fb8a4e90
demo_envs/pick_to_basket/evaluations/octo_basket_stars_train_20260927_022850/40.mp4,349352,f45127b28b432632c2aca66a43a2a049b82a01d467c279ef1714f412f8d6dcdd
demo_envs/pick_to_basket/evaluations/octo_basket_stars_train_20260927_022850/48.mp4,600233,e2f77fbad65bf8108a4a6b9a2f973a878925aa9fad58ce8277cd692fecad4584
demo_envs/pick_to_basket/evaluations/octo_basket_stars_train_20260927_022850/60.mp4,613085,951d5a281210520f19e1a6cbb8afc9babe283c92a10c74926e2fff7ef3a000ba
demo_envs/pick_to_basket/evaluations/octo_basket_stars_train_20260927_022850/68.mp4,184457,395274e0e62f5523ca646712f90f3fd80944c7323c0b9eac57120bfaca753dcb
demo_envs/pick_to_basket/evaluations/octo_basket_stars_train_20260927_022850/76.mp4,661103,bd9774b53c78ac098d6db06c1f32739590313154ac555f305f9d7e0184f74c5a
demo_envs/pick_to_basket/evaluations/octo_basket_stars_train_20260927_022850/8.mp4,608269,2be060ce8bd32196940cb3ecf66c42bfc52b1435160e54390d5edf9408e53953
demo_envs/pick_to_basket/evaluations/octo_basket_stars_train_20260927_022850/84.mp4,709723,803628a393be13dedeb74de5f4196a451cb860660ecfc4f1528998e858ec80f1
demo_envs/pick_to_basket/evaluations/octo_basket_stars_train_20260927_022850/88.mp4,576646,56e75cc3645166915a1b1cb958987e3d9e24331dbd105b151cbc3e0c8539ca74
demo_envs/pick_to_basket/evaluations/octo_basket_stars_train_20260927_022850/92.mp4,591877,10dbd015b48ff504f11b4a948ecd1219a9f1917163838b5ce3b0cd212c37f8f6
demo_envs/pick_to_basket/evaluations/octo_basket_stars_train_20260927_022850/96.mp4,344918,6b1bad0a993d660f37131c814751909e86d07932d90e91dc83dd5953a361a828
demo_envs/test_unseen_items_move_from_board_to_board_fanta/evaluations/octo_board_fanta_ood_20260927_191613/20260927_224614.h5,800,26c4d449632ea072317c16e9d4857e419b67e1b7751f81a89a87c8e75fe9484e
demo_envs/test_unseen_items_move_from_board_to_board_fanta/evaluations/octo_board_fanta_ood_20260927_191613/20260927_224614.json,1195,82d142cb6a928a185b79fb564a49db0333ad5ab56bc17826bac6f7d9a136a369
demo_envs/test_unseen_items_move_from_board_to_board_fanta/evaluations/octo_board_fanta_ood_20260927_191613/42000.mp4,809178,ca030a6a7f80869bdc45f43bccfb6210679de2475ee14b9676f3c22dbd9355cb
demo_envs/test_unseen_items_move_from_board_to_board_fanta/evaluations/octo_board_fanta_ood_20260927_191613/42001.mp4,709775,6c64ded79f008430c69319b808f6f77137ab0887ca6f382f661c58b2b1c0e4df
demo_envs/test_unseen_items_move_from_board_to_board_fanta/evaluations/octo_board_fanta_ood_20260927_191613/42002.mp4,167363,4162e83af4ae8623269fe0cbd0f098070bf3790bdf3d7127a412962d11869ea5
demo_envs/test_unseen_items_move_from_board_to_board_fanta/evaluations/octo_board_fanta_ood_20260927_191613/42003.mp4,625718,14013680617efdcc5bf002d09f13c709a18a1a4412039e414dca94bdbd460cbe
demo_envs/test_unseen_items_move_from_board_to_board_fanta/evaluations/octo_board_fanta_ood_20260927_191613/42004.mp4,685702,c2e1fe4bd26195ab86fe435e838aae7d547e0fbdbe392c02e4cebcdaa54d0a1e
demo_envs/test_unseen_items_move_from_board_to_board_fanta/evaluations/octo_board_fanta_ood_20260927_191613/42005.mp4,236314,39245b1dcafda9229f82e4cb839c1ad2744d53b49309c13e619a1dd3a02c30aa
demo_envs/test_unseen_items_move_from_board_to_board_fanta/evaluations/octo_board_fanta_ood_20260927_191613/42006.mp4,337098,104c1e5426ee245f45d11b06ecb8ef30ac9284fdc2d2fd639cc35742fce0a8ff
demo_envs/test_unseen_items_move_from_board_to_board_fanta/evaluations/octo_board_fanta_ood_20260927_191613/42007.mp4,785987,b091005873c1b5defd1313dd778a8c846f7763910771dcad86f0bda20d305d4f
demo_envs/test_unseen_items_move_from_board_to_board_fanta/evaluations/octo_board_fanta_ood_20260927_191613/42008.mp4,869010,ff8f1952a4668fae6c22afafb78b88855b050a10cf112e657137faca20a71844
demo_envs/test_unseen_items_move_from_board_to_board_fanta/evaluations/octo_board_fanta_ood_20260927_191613/42009.mp4,645538,d8573ac586d33556be6ff7185d8ea156099d7f9ce513fc643e2e92e7e0ec8de4
demo_envs/test_unseen_items_move_from_board_to_board_fanta/evaluations/octo_board_fanta_ood_20260927_191613/42010.mp4,762049,34204d42fbba2c2e275631c6492ac16c783eefeeea1f20d084636bcb05971640
demo_envs/test_unseen_items_move_from_board_to_board_fanta/evaluations/octo_board_fanta_ood_20260927_191613/42011.mp4,797499,dbbc7e2c5693bafa99b12472e6ab0aba391e342762f01c4baa329098542e3161
demo_envs/test_unseen_items_move_from_board_to_board_fanta/evaluations/octo_board_fanta_ood_20260927_191613/42012.mp4,718208,5adaf57d7efbca75b4de05e35524716f744999a4b06fa9a53f58bdf0919818f6
demo_envs/test_unseen_items_move_from_board_to_board_fanta/evaluations/octo_board_fanta_ood_20260927_191613/42013.mp4,214859,16aa9cac4939b6625f81390af4b3e7f0794d782b1c0d59fcf1699cb6c73e02ac
demo_envs/test_unseen_items_move_from_board_to_board_fanta/evaluations/octo_board_fanta_ood_20260927_191613/42014.mp4,782359,3d0fb2b541b0c0d2dd53c804de1121d214f29bb1f50822d9a048c62baa6b65df
demo_envs/test_unseen_items_move_from_board_to_board_fanta/evaluations/octo_board_fanta_ood_20260927_191613/42015.mp4,930268,9762122947eaadd828957dd3373e1453dc98c0e8d9801b8dd4ceab3e34dad137
demo_envs/test_unseen_items_move_from_board_to_board_fanta/evaluations/octo_board_fanta_ood_20260927_191613/42016.mp4,186884,36187b0e704bc72b01dabb707c1b3a4aa8b2aa904862ad4a38a5df778db40360
demo_envs/test_unseen_items_move_from_board_to_board_fanta/evaluations/octo_board_fanta_ood_20260927_191613/42017.mp4,745923,6f97b5b63a3ef4c782d3682707c2f19ae92a70c2210703143be8fe460989497f
demo_envs/test_unseen_items_move_from_board_to_board_fanta/evaluations/octo_board_fanta_ood_20260927_191613/42018.mp4,750267,14f0f1d3ea211ab5561610c9e00afeb34c56eedc5fcc61c18481cdf2f4ad8710
demo_envs/test_unseen_items_move_from_board_to_board_fanta/evaluations/octo_board_fanta_ood_20260927_191613/42019.mp4,855249,35b358a1beae66b396535b3f9346d4f5673e45ef5a0e6caf86be8706688af6e1
demo_envs/test_unseen_items_move_from_board_to_board_fanta/evaluations/octo_board_fanta_ood_20260927_191613/42020.mp4,214888,571126159936f55266c0d48a012e2840e2a07f72a9cdfd8c776c3da8725e492f
demo_envs/test_unseen_items_move_from_board_to_board_fanta/evaluations/octo_board_fanta_ood_20260927_191613/42021.mp4,661102,69151b93a40adeeff9d4f5d5835c10de54f7b3cb65d5ab275d78c6e586c0f9dc
demo_envs/test_unseen_items_move_from_board_to_board_fanta/evaluations/octo_board_fanta_ood_20260927_191613/42022.mp4,741114,7f9c97ce6622913b0b5a7b7645e6bc3486ef5e8226b2e676840386b3a77290c4
demo_envs/test_unseen_items_move_from_board_to_board_fanta/evaluations/octo_board_fanta_ood_20260927_191613/42023.mp4,771205,a6fc1d7fee1a9533ca0af66609990af85df920b57dad36405c9840c4f818286f
demo_envs/test_unseen_items_move_from_board_to_board_fanta/evaluations/octo_board_fanta_ood_20260927_191613/42024.mp4,791261,2fa7a8a8eb681653a433604a564bcb54167408730bef9bd2b766f719042c0310
demo_envs/test_unseen_items_move_from_board_to_board_fanta/evaluations/octo_board_fanta_ood_20260927_191613/42025.mp4,741577,baf551a7a1fa91523861b4d05627176e1c44dc2c2f635f809c9f46d496125a2d
demo_envs/test_unseen_items_move_from_board_to_board_fanta/evaluations/octo_board_fanta_ood_20260927_191613/42026.mp4,740436,0679fbc45751dde0c2efab32a277ebc11a7fd4dfaef2605e5da1d67a70d4380a
demo_envs/test_unseen_items_move_from_board_to_board_fanta/evaluations/octo_board_fanta_ood_20260927_191613/42027.mp4,687620,c1d7e9e0973be0573be683a9ed5f9cc811357eddd0ff53e30542464aa9c493f6
demo_envs/test_unseen_items_move_from_board_to_board_fanta/evaluations/octo_board_fanta_ood_20260927_191613/42028.mp4,223108,361f724a364540e829282e2669aca6110d127b28cef10418bcd0eed7d24f409f
demo_envs/test_unseen_items_move_from_board_to_board_fanta/evaluations/octo_board_fanta_ood_20260927_191613/42029.mp4,735767,5bf8374b00efd253289ee1452748ca0bdb98078581d90733f103ff950510e4b7
demo_envs/test_unseen_items_move_from_board_to_board_nivea/evaluations/octo_board_nivea_ood_20260927_191613/20260927_225937.h5,800,26c4d449632ea072317c16e9d4857e419b67e1b7751f81a89a87c8e75fe9484e
demo_envs/test_unseen_items_move_from_board_to_board_nivea/evaluations/octo_board_nivea_ood_20260927_191613/20260927_225937.json,1195,8099eceac56b2532b7ee776e7e264b3df915bc545a880068680e792ac41b3055
demo_envs/test_unseen_items_move_from_board_to_board_nivea/evaluations/octo_board_nivea_ood_20260927_191613/42000.mp4,738425,f9075c15177c189a0d5c919dd0b56782e41aefceb25b591fa8954fe1b53d2b07
demo_envs/test_unseen_items_move_from_board_to_board_nivea/evaluations/octo_board_nivea_ood_20260927_191613/42001.mp4,700267,1083526d4fa7a43d5cf18384bf2338f533eb8c90f42e52537bb998fd4e462f9c
demo_envs/test_unseen_items_move_from_board_to_board_nivea/evaluations/octo_board_nivea_ood_20260927_191613/42002.mp4,184461,be21e7ced18a177e02ae251f6fe5a5144c70eb8f170e3d73c6f07447c803835f
demo_envs/test_unseen_items_move_from_board_to_board_nivea/evaluations/octo_board_nivea_ood_20260927_191613/42003.mp4,779457,3c07a60fc4060ec30521c97c0eaeb76d62a71dbd111a0b586d2ee6b389cc468e
demo_envs/test_unseen_items_move_from_board_to_board_nivea/evaluations/octo_board_nivea_ood_20260927_191613/42004.mp4,713375,59704335d6e2c0e141abced71ee5483203af3e4d4f6969386f575d05fd30d8fe
demo_envs/test_unseen_items_move_from_board_to_board_nivea/evaluations/octo_board_nivea_ood_20260927_191613/42005.mp4,837634,3cde3813c656b9b31fb41def6ceb0219e6437abcf8f2a35ac4dfc9bb5f887158
demo_envs/test_unseen_items_move_from_board_to_board_nivea/evaluations/octo_board_nivea_ood_20260927_191613/42006.mp4,739905,36344b911086fd1ea15ab4eec906115cc903cd8eeaa4cc013fc941ac486d5a73
demo_envs/test_unseen_items_move_from_board_to_board_nivea/evaluations/octo_board_nivea_ood_20260927_191613/42007.mp4,864998,1e784a01fafc3029706e60ac7cadd982ebd986812aac5af45621bb1676c53ef1
demo_envs/test_unseen_items_move_from_board_to_board_nivea/evaluations/octo_board_nivea_ood_20260927_191613/42008.mp4,772057,30333c47019195df5683dd8806c6d777f54e06d286c528c0b5c93b3772fba8fe
demo_envs/test_unseen_items_move_from_board_to_board_nivea/evaluations/octo_board_nivea_ood_20260927_191613/42009.mp4,785223,9aba3752830753d9c0525f575c14775bf01e1f34f01904cc1b1ed9bce3f68bdd
demo_envs/test_unseen_items_move_from_board_to_board_nivea/evaluations/octo_board_nivea_ood_20260927_191613/42010.mp4,561864,bbf0921e58889c0f09dd0a77585048c23a0f5bbce434976067b99f439f59524c
demo_envs/test_unseen_items_move_from_board_to_board_nivea/evaluations/octo_board_nivea_ood_20260927_191613/42011.mp4,840841,a95243fb18905346753ee7c71e8ce37e127bf9878f3c9b8995773ae1ff3fbf62
demo_envs/test_unseen_items_move_from_board_to_board_nivea/evaluations/octo_board_nivea_ood_20260927_191613/42012.mp4,727745,99961ab6e64a696107344f96cdf077649bc76a9e510d99971b980fad42e280c4
demo_envs/test_unseen_items_move_from_board_to_board_nivea/evaluations/octo_board_nivea_ood_20260927_191613/42013.mp4,740620,8e649c532a14d08797f0cc45689df68e73d063a6ddf296da5ddf3a2c8ae0cf67
demo_envs/test_unseen_items_move_from_board_to_board_nivea/evaluations/octo_board_nivea_ood_20260927_191613/42014.mp4,853537,52b586be135d099efe8788f32136f8d66568eea79df6cea3ac5b8e07f93dc94d
demo_envs/test_unseen_items_move_from_board_to_board_nivea/evaluations/octo_board_nivea_ood_20260927_191613/42015.mp4,909561,59477c747a9a96d9041b6ee036fe2965c747262a756473aeacdc9ce3b702da48
demo_envs/test_unseen_items_move_from_board_to_board_nivea/evaluations/octo_board_nivea_ood_20260927_191613/42016.mp4,706246,690c627fa44e613d927fad340356add1081d5777cc863f6d70a32a3ee910e914
demo_envs/test_unseen_items_move_from_board_to_board_nivea/evaluations/octo_board_nivea_ood_20260927_191613/42017.mp4,603700,8299d72bda50a9f76cdad5011183e55934ee79d319009c004b8620829397b836
demo_envs/test_unseen_items_move_from_board_to_board_nivea/evaluations/octo_board_nivea_ood_20260927_191613/42018.mp4,785357,6a06c6eab2c6abb2d33180836168be7af39aa3a5720ca150868a507b5f136cb7
demo_envs/test_unseen_items_move_from_board_to_board_nivea/evaluations/octo_board_nivea_ood_20260927_191613/42019.mp4,308982,33ad59cae49f4e60876ab0cf712d53b160e6372e70dcfe17396eaf62a4e19e20
demo_envs/test_unseen_items_move_from_board_to_board_nivea/evaluations/octo_board_nivea_ood_20260927_191613/42020.mp4,937332,41cba29899d341f3a4b1498cdd251268827a62bb2649fb27dd4b1d1f6594393d
demo_envs/test_unseen_items_move_from_board_to_board_nivea/evaluations/octo_board_nivea_ood_20260927_191613/42021.mp4,762163,57212592885739be274bbcd78754599c920b7cf4bfb9d35f27d35bf2d472344e
demo_envs/test_unseen_items_move_from_board_to_board_nivea/evaluations/octo_board_nivea_ood_20260927_191613/42022.mp4,864673,55f5e156b8ebddda6f4d1e54eb0d6c9ea0f589e11b1603f61bf05f6ef24f39f4
demo_envs/test_unseen_items_move_from_board_to_board_nivea/evaluations/octo_board_nivea_ood_20260927_191613/42023.mp4,778850,369cf32a111a7a75951dade2527e5e75ff315bdea08678e359922d75e4719f25
demo_envs/test_unseen_items_move_from_board_to_board_nivea/evaluations/octo_board_nivea_ood_20260927_191613/42024.mp4,892465,c19a47e2f86c801350e09456b7ccbba8cd7e7420035f12d53c6379a66bb72496
demo_envs/test_unseen_items_move_from_board_to_board_nivea/evaluations/octo_board_nivea_ood_20260927_191613/42025.mp4,277196,583792711f96f5ed0e27275a015a70c799447f2b6ac03dd440a4d709eb70471f
demo_envs/test_unseen_items_move_from_board_to_board_nivea/evaluations/octo_board_nivea_ood_20260927_191613/42026.mp4,773193,2a07204271a1c3c4ec78bcfe944f1cbb9a7703941c515a12e178bc4b53dd97bd
demo_envs/test_unseen_items_move_from_board_to_board_nivea/evaluations/octo_board_nivea_ood_20260927_191613/42027.mp4,707661,7f32fc2d4f739183fbdaf3068ffac8cf0d887a0da9f871bf6115c7de736c2113
demo_envs/test_unseen_items_move_from_board_to_board_nivea/evaluations/octo_board_nivea_ood_20260927_191613/42028.mp4,740604,42f3a15b4fa04967acdebea94b71da26a4c33676eaaa82f6a3e1b199ad997ee6
demo_envs/test_unseen_items_move_from_board_to_board_nivea/evaluations/octo_board_nivea_ood_20260927_191613/42029.mp4,801630,dd380bb4b16c31a3c3c9dbe74968d7bbb5a782c479fb0fa7e9a6f6a4a2e39259
demo_envs/test_unseen_items_pick_from_floor/evaluations/octo_floor_duff_ood_20260927_191613/20260927_232251.h5,800,26c4d449632ea072317c16e9d4857e419b67e1b7751f81a89a87c8e75fe9484e
demo_envs/test_unseen_items_pick_from_floor/evaluations/octo_floor_duff_ood_20260927_191613/20260927_232251.json,1170,93e0c8a1e1ff2d11ad0a2fafcfeed4a1554b2f5fef1be8a42e7c9cfffe10fea7
demo_envs/test_unseen_items_pick_from_floor/evaluations/octo_floor_duff_ood_20260927_191613/42000.mp4,692347,45f5193c067008e1d4233a441631a22aa358a85c644e574b2ba6b8c45da5d2ce
demo_envs/test_unseen_items_pick_from_floor/evaluations/octo_floor_duff_ood_20260927_191613/42001.mp4,745148,8ec085fbf43527338abb5e32b4a93e4fe46a5c55cce0a1611831764aebf5e3c4
demo_envs/test_unseen_items_pick_from_floor/evaluations/octo_floor_duff_ood_20260927_191613/42002.mp4,584830,3ec9d20fafda916eb46e1494f148e30ad74094f76f5855cfdc1e3dbe6cd3b7c7
demo_envs/test_unseen_items_pick_from_floor/evaluations/octo_floor_duff_ood_20260927_191613/42003.mp4,669347,2c09e011d0f10b2c9a6005c16b037efba7ef58625794a8eef9523d1ec3b94720
demo_envs/test_unseen_items_pick_from_floor/evaluations/octo_floor_duff_ood_20260927_191613/42004.mp4,627445,4fb36a22fb4e62157c8fd33156f67998f442ba44ff189aef06d47b16bbac10a7
demo_envs/test_unseen_items_pick_from_floor/evaluations/octo_floor_duff_ood_20260927_191613/42005.mp4,781797,8f17b9628188e971cb55c982362c21454cac6fe8bad449bf43791f52d9a5b4c3
demo_envs/test_unseen_items_pick_from_floor/evaluations/octo_floor_duff_ood_20260927_191613/42006.mp4,696483,c7c7e6921e37702e011a94e114cf3d81775231919852ca5260bf8508aa25c498
demo_envs/test_unseen_items_pick_from_floor/evaluations/octo_floor_duff_ood_20260927_191613/42007.mp4,705505,3bfd1241e46b206fd6a1d130ef042789aeeeb3ae0b45f704428d54742d5e2d80
demo_envs/test_unseen_items_pick_from_floor/evaluations/octo_floor_duff_ood_20260927_191613/42008.mp4,663913,cd45955540c8d1c56e1bc741813016e5e46363ed64df21ad4a2a02d4d61ddf54
demo_envs/test_unseen_items_pick_from_floor/evaluations/octo_floor_duff_ood_20260927_191613/42009.mp4,666852,9093e5a3fedb40f24c3365c4ed1952e205afae8881da63f585b7c9036cc40dc8
demo_envs/test_unseen_items_pick_from_floor/evaluations/octo_floor_duff_ood_20260927_191613/42010.mp4,665971,60ef74ee8fc0f08c08ed584bca00284bfdf1cbfaa5c6ec6207d1732e8a50c114
demo_envs/test_unseen_items_pick_from_floor/evaluations/octo_floor_duff_ood_20260927_191613/42011.mp4,820645,0e23831081d106a11b03022baa11e93e7c25f3177f121281244d68d7ada4711b
demo_envs/test_unseen_items_pick_from_floor/evaluations/octo_floor_duff_ood_20260927_191613/42012.mp4,699410,17ca862adb7c6024551ad4beea978f72f0264f1fbe5898f40e3021bc538325a9
demo_envs/test_unseen_items_pick_from_floor/evaluations/octo_floor_duff_ood_20260927_191613/42013.mp4,241131,d6a905b98bcfc9f3e73287ad8c03c0da08a88288f8fcaedaf0f0a7b0b68301b2
demo_envs/test_unseen_items_pick_from_floor/evaluations/octo_floor_duff_ood_20260927_191613/42014.mp4,777597,87efcaf8dd7ecbbc78d11924214adc4b4d376618703f1f4dc3c8a62184f8c914
demo_envs/test_unseen_items_pick_from_floor/evaluations/octo_floor_duff_ood_20260927_191613/42015.mp4,976139,1e6a13d0769b8c9d5abd64568063c9a324efb34778f6e8cd106992c81456bb4c
demo_envs/test_unseen_items_pick_from_floor/evaluations/octo_floor_duff_ood_20260927_191613/42016.mp4,355013,a38fdcdff4f8438948f1b1be5faa6beda66a453f5de5ffa09c1d39d40f646000
demo_envs/test_unseen_items_pick_from_floor/evaluations/octo_floor_duff_ood_20260927_191613/42017.mp4,273843,c0c6b9a1534240a6a9c0d9b8a1a0f4f6ffb62e04594be1ac45a54151aa46c29a
demo_envs/test_unseen_items_pick_from_floor/evaluations/octo_floor_duff_ood_20260927_191613/42018.mp4,502047,0d2649a4be31800daba8789d0b276ff4be4786fd9a291099b22d5e0eef8d6d64
demo_envs/test_unseen_items_pick_from_floor/evaluations/octo_floor_duff_ood_20260927_191613/42019.mp4,725932,30c6830b5215631a84f65cb33e786b346945d4f274143c3c33f497e2eb716124
demo_envs/test_unseen_items_pick_from_floor/evaluations/octo_floor_duff_ood_20260927_191613/42020.mp4,317477,17ab49b4a3c6195bcdf817338433768863d6195165e0c936210fd691ee9b95b2
demo_envs/test_unseen_items_pick_from_floor/evaluations/octo_floor_duff_ood_20260927_191613/42021.mp4,585546,746558f148ed5ac8f22388b0e21b67c274e1f57f4162b070e23db16bdaccd779
demo_envs/test_unseen_items_pick_from_floor/evaluations/octo_floor_duff_ood_20260927_191613/42022.mp4,671567,c7bb4171eb2c714189141e712305322a25dc3ef6a9b3487f8c41dc48da9cb4e3
demo_envs/test_unseen_items_pick_from_floor/evaluations/octo_floor_duff_ood_20260927_191613/42023.mp4,662333,c16d1ebcf76b3afffdcfb06c13cb64aa7ed20267432d93a09618a87bcd357b6f
demo_envs/test_unseen_items_pick_from_floor/evaluations/octo_floor_duff_ood_20260927_191613/42024.mp4,825949,bb1ee70be06feab4f0ddf33f86a35f096fd6437b13c32e336a7fd98c2420d673
demo_envs/test_unseen_items_pick_from_floor/evaluations/octo_floor_duff_ood_20260927_191613/42025.mp4,697303,6b0db2629368ce7048ea6830b3fe92a91ba28904d05b54db14ea10bab583cef0
demo_envs/test_unseen_items_pick_from_floor/evaluations/octo_floor_duff_ood_20260927_191613/42026.mp4,868959,c818ac3573dda8f9105cb5add27232f919e5f83339ad895b904b807cb12a4558
demo_envs/test_unseen_items_pick_from_floor/evaluations/octo_floor_duff_ood_20260927_191613/42027.mp4,653959,5c00d94882c54b3fb8f998971842b99824a6226420e46bd3edd6c4223076b2cb
demo_envs/test_unseen_items_pick_from_floor/evaluations/octo_floor_duff_ood_20260927_191613/42028.mp4,396907,28030351e78c99d69e2697a12d0cb05e81bfb7153d101d21accde599ddb944f2
demo_envs/test_unseen_items_pick_from_floor/evaluations/octo_floor_duff_ood_20260927_191613/42029.mp4,725121,4f50f4ce62bfb6131eda6590578b1bd466d9442644f1101c12e60adf2341071b
demo_envs/test_unseen_items_pick_from_floor/evaluations/octo_floor_fanta_ood_20260927_191613/20260927_225047.h5,800,26c4d449632ea072317c16e9d4857e419b67e1b7751f81a89a87c8e75fe9484e
demo_envs/test_unseen_items_pick_from_floor/evaluations/octo_floor_fanta_ood_20260927_191613/20260927_225047.json,1171,102b3bd0e79ec26e9b61089ee7f5941bbb0db57f875df796b556be1dcb037f5c
demo_envs/test_unseen_items_pick_from_floor/evaluations/octo_floor_fanta_ood_20260927_191613/42000.mp4,677540,00c92854c984fc76037ae24730017fa93cda6bb59a7154870a0ffe2c4af2f401
demo_envs/test_unseen_items_pick_from_floor/evaluations/octo_floor_fanta_ood_20260927_191613/42001.mp4,742710,fc05574288e130eab2c06bffaeb069981698686432c711ef5816242a053672ab
demo_envs/test_unseen_items_pick_from_floor/evaluations/octo_floor_fanta_ood_20260927_191613/42002.mp4,693365,8ca2d9b99f4db6934fb5ddcdcc3a64629d7a72d6deebaeabbeb8c871eef51368
demo_envs/test_unseen_items_pick_from_floor/evaluations/octo_floor_fanta_ood_20260927_191613/42003.mp4,658614,5d66dc6b8728aa70d58b3a75600a22c7c4d06ad19101178448840880ec13258c
demo_envs/test_unseen_items_pick_from_floor/evaluations/octo_floor_fanta_ood_20260927_191613/42004.mp4,721586,b5155f8258fd0f1bd43819427a6c994d4906a9491110a5ec9065daa98d844466
demo_envs/test_unseen_items_pick_from_floor/evaluations/octo_floor_fanta_ood_20260927_191613/42005.mp4,829515,3a3fb448baef1d3839447474117bde681eff743eef126ed798a576a65e5c5ed9
demo_envs/test_unseen_items_pick_from_floor/evaluations/octo_floor_fanta_ood_20260927_191613/42006.mp4,741458,9b8a9f91a13869f791630f90229d574f294f3cddaf82f411454cf183e5dbf3ff
demo_envs/test_unseen_items_pick_from_floor/evaluations/octo_floor_fanta_ood_20260927_191613/42007.mp4,786678,3d3f9d2fd7652bf890916ffad7fa3747a32e337ff3ef2b48a4d9e4fe2e4ba096
demo_envs/test_unseen_items_pick_from_floor/evaluations/octo_floor_fanta_ood_20260927_191613/42008.mp4,713375,29257d8bccd9cde04fdcc0a95df4f7c42034915bf578f5be4c3da2cb7a2889a1
demo_envs/test_unseen_items_pick_from_floor/evaluations/octo_floor_fanta_ood_20260927_191613/42009.mp4,721253,46b8d1d6af21888d6b97240d684824f6fce51309f0cd8bcb32b4ce9f5434967d
demo_envs/test_unseen_items_pick_from_floor/evaluations/octo_floor_fanta_ood_20260927_191613/42010.mp4,741719,f7c8a44c58c7a5940f2f7a56f114d640c1c31d4a28fa7e434e3402a73c4149fc
demo_envs/test_unseen_items_pick_from_floor/evaluations/octo_floor_fanta_ood_20260927_191613/42011.mp4,760354,01ccb53ace839effe41cea0a3bcc9f26de5ea8d6d35fb5be24946f0105b46187
demo_envs/test_unseen_items_pick_from_floor/evaluations/octo_floor_fanta_ood_20260927_191613/42012.mp4,769535,c52803fd4d0ccf80d92e262fe425c929785f4ee9494aedb5adb283f89128faec
demo_envs/test_unseen_items_pick_from_floor/evaluations/octo_floor_fanta_ood_20260927_191613/42013.mp4,200822,3a1940c7d38721fb37aad436d3a9fc913d3d3281b37e697e5bb259ea490f165f
demo_envs/test_unseen_items_pick_from_floor/evaluations/octo_floor_fanta_ood_20260927_191613/42014.mp4,763859,59e983f4bde1a16b71ef3ad85734e0b79eb6b0836fc1487f867d1c7e58fcdd01
demo_envs/test_unseen_items_pick_from_floor/evaluations/octo_floor_fanta_ood_20260927_191613/42015.mp4,1026215,83da49e6af68420a10fdddc83d0fdb265bcfa176d66dd2dbeb7402f7eb4d5832
demo_envs/test_unseen_items_pick_from_floor/evaluations/octo_floor_fanta_ood_20260927_191613/42016.mp4,335685,7096c7b119eea01c8cc91a430b9dacab0ad833db907e2d1bf1c40f7a89f75ac0
demo_envs/test_unseen_items_pick_from_floor/evaluations/octo_floor_fanta_ood_20260927_191613/42017.mp4,285941,d24c8393c5ff6f1c663fd21c9926bee4c1857b872046eb281184a1bbe4bcef1d
demo_envs/test_unseen_items_pick_from_floor/evaluations/octo_floor_fanta_ood_20260927_191613/42018.mp4,428909,d82030064a0e8f49fb8ad72bdeccb69a8d6c7f5ba42c525e126dfece306d6610
demo_envs/test_unseen_items_pick_from_floor/evaluations/octo_floor_fanta_ood_20260927_191613/42019.mp4,864035,79734c3c3be0cce93c18349678bea98e70361684dc8a2b32a22432d29cdc0211
demo_envs/test_unseen_items_pick_from_floor/evaluations/octo_floor_fanta_ood_20260927_191613/42020.mp4,285259,f4193ebeb30693d879159a2999758cc234f448c0f76f178cf7c758edc0200191
demo_envs/test_unseen_items_pick_from_floor/evaluations/octo_floor_fanta_ood_20260927_191613/42021.mp4,746133,81623a31493718c8feeebca0a67d384f2889e8a87dac15f256315a5cf4dcdd4e
demo_envs/test_unseen_items_pick_from_floor/evaluations/octo_floor_fanta_ood_20260927_191613/42022.mp4,749583,fc348713d69ae51efdcc899c4b2e6cbcb039f013749a217928d51955e2716138
demo_envs/test_unseen_items_pick_from_floor/evaluations/octo_floor_fanta_ood_20260927_191613/42023.mp4,736320,eb4db3da1986a058ab5bef1ad6694c46d13dd1bd72b830e3291b06f8c98e4b69
demo_envs/test_unseen_items_pick_from_floor/evaluations/octo_floor_fanta_ood_20260927_191613/42024.mp4,875601,ad707dcc1db60dae8a6e3efc9836ea8f33d468bccd4f569955f860008aed2139
demo_envs/test_unseen_items_pick_from_floor/evaluations/octo_floor_fanta_ood_20260927_191613/42025.mp4,804605,dfde8e5703e41cc41fe93471a28b9b78fa0fc758a2a191e415b88beb61f60c29
demo_envs/test_unseen_items_pick_from_floor/evaluations/octo_floor_fanta_ood_20260927_191613/42026.mp4,792805,17c6a8c5c4c757814b46a6a9304fc7012269389a8ed3bafd7a366fc17b9919b3
demo_envs/test_unseen_items_pick_from_floor/evaluations/octo_floor_fanta_ood_20260927_191613/42027.mp4,751103,ebb097246bab6187f7ca4146a2daeec7cb00060d64a4a6ad9c1fdd1e65625f2f
demo_envs/test_unseen_items_pick_from_floor/evaluations/octo_floor_fanta_ood_20260927_191613/42028.mp4,339215,139a992962a7b5b4b509fdfd0a9f0704a5c0bc8b9b254980bad9b4ce6128648a
demo_envs/test_unseen_items_pick_from_floor/evaluations/octo_floor_fanta_ood_20260927_191613/42029.mp4,796830,e9cf616cf49c556487b10cab972105bd5026c64dbb654b6b5bd67dd8b27468b8
demo_envs/test_unseen_items_pick_to_basket/evaluations/octo_basket_fanta_uns_20260927_191613/20260927_222026.h5,800,26c4d449632ea072317c16e9d4857e419b67e1b7751f81a89a87c8e75fe9484e
demo_envs/test_unseen_items_pick_to_basket/evaluations/octo_basket_fanta_uns_20260927_191613/20260927_222026.json,1169,3624c02fb50a8e7c4e15a1f707f073d84718b974efc67e5b51a5b2634c4b89a0
demo_envs/test_unseen_items_pick_to_basket/evaluations/octo_basket_fanta_uns_20260927_191613/42000.mp4,635722,29e9987de91c73f8151f3ceac6f7505b36cebc61726e5eccf9a2ed4bd933b9a2
demo_envs/test_unseen_items_pick_to_basket/evaluations/octo_basket_fanta_uns_20260927_191613/42001.mp4,661267,d0a89cd71d8ddb5d58c0081221fe66e34f890f2fe52fe6f821625738f02c1443
demo_envs/test_unseen_items_pick_to_basket/evaluations/octo_basket_fanta_uns_20260927_191613/42002.mp4,337397,9d193dc794762f17c2f4bbd9ddd338e0adc493245df75fe45d759158daa89390
demo_envs/test_unseen_items_pick_to_basket/evaluations/octo_basket_fanta_uns_20260927_191613/42003.mp4,493982,3c49eccdd2078e4cd856c76a0954aaf48ef6a5750608ad57411d90b4076dca01
demo_envs/test_unseen_items_pick_to_basket/evaluations/octo_basket_fanta_uns_20260927_191613/42004.mp4,613389,ac6ad9be65f4dc32b3e3d391f3d63d4e366dab9c6f41009371b2cac30afb2283
demo_envs/test_unseen_items_pick_to_basket/evaluations/octo_basket_fanta_uns_20260927_191613/42005.mp4,667076,8791823ab67df4cbd4e0157e93337acf47994bbb073d9e414944645c24c0464b
demo_envs/test_unseen_items_pick_to_basket/evaluations/octo_basket_fanta_uns_20260927_191613/42006.mp4,175271,50cea74e7c77035e5f10e638881b66e84833491ceeeac493ae2c48847b522b84
demo_envs/test_unseen_items_pick_to_basket/evaluations/octo_basket_fanta_uns_20260927_191613/42007.mp4,708569,09fc92dc96b60d4f088d356cd66dd58c64bedcd4655ff26377584037d42f7290
demo_envs/test_unseen_items_pick_to_basket/evaluations/octo_basket_fanta_uns_20260927_191613/42008.mp4,713601,6405cb7bed059e85f6e907c6f677eee5eaa62139ed08d01f1c67bb800016cb6d
demo_envs/test_unseen_items_pick_to_basket/evaluations/octo_basket_fanta_uns_20260927_191613/42009.mp4,608561,592acafb488e30d6b0471d936cc7f039e631ecc92952f20b114e02bcd3d37e5b
demo_envs/test_unseen_items_pick_to_basket/evaluations/octo_basket_fanta_uns_20260927_191613/42010.mp4,649011,b4e5308cfcb2ed3b9b2dc117311072f3d8ae6a99ff9451de19b3cfaffcb7582d
demo_envs/test_unseen_items_pick_to_basket/evaluations/octo_basket_fanta_uns_20260927_191613/42011.mp4,365815,df2c0a309f964aeb9c93ad71a46f8dbf78020758469ec6e40e4a8e283b22029c
demo_envs/test_unseen_items_pick_to_basket/evaluations/octo_basket_fanta_uns_20260927_191613/42012.mp4,688456,808ed94de68c98eb1e431a0944501df7b55c21173aef8d19dfdb2799984409bd
demo_envs/test_unseen_items_pick_to_basket/evaluations/octo_basket_fanta_uns_20260927_191613/42013.mp4,643066,bddb6b023ec08a3bf91bff614ad78ae344a0eacd3d74129437a1879aaeb5365a
demo_envs/test_unseen_items_pick_to_basket/evaluations/octo_basket_fanta_uns_20260927_191613/42014.mp4,594307,1ba6fa8fabd3b1c202c580ed8bf2f4c874e107a9de1e191ca94e182f1d353746
demo_envs/test_unseen_items_pick_to_basket/evaluations/octo_basket_fanta_uns_20260927_191613/42015.mp4,198746,4ee6d0ce1ee135e2668918d0cf796eb20eb01a990a689f50f29606e11ba0c391
demo_envs/test_unseen_items_pick_to_basket/evaluations/octo_basket_fanta_uns_20260927_191613/42016.mp4,566943,a7aa95e7ae620d79ba59dd2d9a84b3541c5323021bc27556bb8d1ab3dc70ca16
demo_envs/test_unseen_items_pick_to_basket/evaluations/octo_basket_fanta_uns_20260927_191613/42017.mp4,520942,43bbee5e509fd2b09fd4c1bd7bf5750797f54ac02a57bbeedd201cb13eb0a809
demo_envs/test_unseen_items_pick_to_basket/evaluations/octo_basket_fanta_uns_20260927_191613/42018.mp4,189554,83b4d5148b36924c647859479bab9ebe8776f2f4acc827dfca23d79dce82832e
demo_envs/test_unseen_items_pick_to_basket/evaluations/octo_basket_fanta_uns_20260927_191613/42019.mp4,651312,a2c9b61e77fdde132787c9734e9446f2cb85680ed963d0a65bdd3f127f031eb2
demo_envs/test_unseen_items_pick_to_basket/evaluations/octo_basket_fanta_uns_20260927_191613/42020.mp4,703860,c3843bd2729681f900ec89b3602e1198e1b17f60866ce138e93ab7ca5142049c
demo_envs/test_unseen_items_pick_to_basket/evaluations/octo_basket_fanta_uns_20260927_191613/42021.mp4,173395,8d28e0d1911e177e44b6e0cf7ad0fa30eb7b756132a4cdefabb3146fc6887512
demo_envs/test_unseen_items_pick_to_basket/evaluations/octo_basket_fanta_uns_20260927_191613/42022.mp4,731370,3fc61defb1b7e70724de16b176ef26eff9f54d485433f8d2d34efe8684699f7a
demo_envs/test_unseen_items_pick_to_basket/evaluations/octo_basket_fanta_uns_20260927_191613/42023.mp4,658339,74a77de883833c7faa61406f786b51172a2a3a8f852b7881200be2a025978184
demo_envs/test_unseen_items_pick_to_basket/evaluations/octo_basket_fanta_uns_20260927_191613/42024.mp4,666940,d0176e72bf605f30c124951298f9fd09d566408aa8559f1a92ef069b086efc41
demo_envs/test_unseen_items_pick_to_basket/evaluations/octo_basket_fanta_uns_20260927_191613/42025.mp4,680696,2d7569bf87695064270b28bf6a988a1639586cef8042287ec744c64611e0b9d6
demo_envs/test_unseen_items_pick_to_basket/evaluations/octo_basket_fanta_uns_20260927_191613/42026.mp4,664187,154566f20cef51f028b45f8b831202654e060a8c50f9f1e52e94b596f9cf156e
demo_envs/test_unseen_items_pick_to_basket/evaluations/octo_basket_fanta_uns_20260927_191613/42027.mp4,633663,befc63f5d014562c1409b5c166ee7817a1a4b8ff0fa3459d07a3f7c1bd392901
demo_envs/test_unseen_items_pick_to_basket/evaluations/octo_basket_fanta_uns_20260927_191613/42028.mp4,583224,0d302b9afb8dc2999bf003ff15cefacc3beef93ac75fb5f7edbabd8b04a61ef6
demo_envs/test_unseen_items_pick_to_basket/evaluations/octo_basket_fanta_uns_20260927_191613/42029.mp4,656690,32b6acb3e07eb57c183713b88f63ddeeffe3fe42a35e7dcd891af34c86813e23
demo_envs/test_unseen_items_pick_to_basket/evaluations/octo_basket_nestle_ood_20260927_191613/20260927_233204.h5,800,26c4d449632ea072317c16e9d4857e419b67e1b7751f81a89a87c8e75fe9484e
demo_envs/test_unseen_items_pick_to_basket/evaluations/octo_basket_nestle_ood_20260927_191613/20260927_233204.json,1170,04eac1d76dd3e2960d5967143ce2baf78d5c27c7214530d26eed1f292dc88c1c
demo_envs/test_unseen_items_pick_to_basket/evaluations/octo_basket_nestle_ood_20260927_191613/42000.mp4,713521,e6efb1e62feca2920512df0e926583e9b43be224c2caada525da32a56837205d
demo_envs/test_unseen_items_pick_to_basket/evaluations/octo_basket_nestle_ood_20260927_191613/42001.mp4,741291,c58ed51ed0d2f126f4d30b461a66bd7125812182155c046ba5e21d00b3b29d14
demo_envs/test_unseen_items_pick_to_basket/evaluations/octo_basket_nestle_ood_20260927_191613/42002.mp4,346726,86050a6b0bccf5cdb71027b6d9659d99656fe56838101142e3707f23efee024f
demo_envs/test_unseen_items_pick_to_basket/evaluations/octo_basket_nestle_ood_20260927_191613/42003.mp4,505292,108395d92ed723f790d724817dd1316d7e77aeef7945e515cde60f7c5d2c4dc9
demo_envs/test_unseen_items_pick_to_basket/evaluations/octo_basket_nestle_ood_20260927_191613/42004.mp4,653433,ccd6d2dcf5516e136369deddc9835dcdacfb180098b83b60abf4591fbb98b9c7
demo_envs/test_unseen_items_pick_to_basket/evaluations/octo_basket_nestle_ood_20260927_191613/42005.mp4,772810,c4388665db0f0417e109c15fd7d8c3c710bbfea2887d4dda6bc5effc4fd3378f
demo_envs/test_unseen_items_pick_to_basket/evaluations/octo_basket_nestle_ood_20260927_191613/42006.mp4,230792,c2fef18956364f0486f9e087d4196c21d303949a437a82d8170c9f9442617dca
demo_envs/test_unseen_items_pick_to_basket/evaluations/octo_basket_nestle_ood_20260927_191613/42007.mp4,825300,125e823a3316da736b456c4a0b2405031968a429f57c21adb263037b7e1bb3bb
demo_envs/test_unseen_items_pick_to_basket/evaluations/octo_basket_nestle_ood_20260927_191613/42008.mp4,594247,0b24a60050a1731c3c72af61698f791479511fc4a977cfd9a36aa7b0c49512fe
demo_envs/test_unseen_items_pick_to_basket/evaluations/octo_basket_nestle_ood_20260927_191613/42009.mp4,666863,0479ef9218625b9884dc0d406ff09ba035564793277d95d86f9f2fc0d1bca1ec
demo_envs/test_unseen_items_pick_to_basket/evaluations/octo_basket_nestle_ood_20260927_191613/42010.mp4,584473,c8f768f28caeee86e4604ac11c4cb08ea949f4a0d2bc0aeec7d00105577e182c
demo_envs/test_unseen_items_pick_to_basket/evaluations/octo_basket_nestle_ood_20260927_191613/42011.mp4,378442,c26c329306913ae524683beeb6923d965c86cd5c104029ef742b55788b05b898
demo_envs/test_unseen_items_pick_to_basket/evaluations/octo_basket_nestle_ood_20260927_191613/42012.mp4,701764,9bd00cf7fbf436affd004c5be7ee155f13e509dfbe4b1d9fe02f2f1d2b49256c
demo_envs/test_unseen_items_pick_to_basket/evaluations/octo_basket_nestle_ood_20260927_191613/42013.mp4,720683,225f5cbdc73394950e32c4a97e49e8b67bc0a660892683984f0c23d400fbae62
demo_envs/test_unseen_items_pick_to_basket/evaluations/octo_basket_nestle_ood_20260927_191613/42014.mp4,638986,18def4eddbb5fef4479c7bd7b4ed8ad34f4cbb9cb8aa08bd6f7e4b02ed1f0c34
demo_envs/test_unseen_items_pick_to_basket/evaluations/octo_basket_nestle_ood_20260927_191613/42015.mp4,271442,a6790f4c722d798e787d710d339df048319173e6ecafe81b6767d8844d0fba51
demo_envs/test_unseen_items_pick_to_basket/evaluations/octo_basket_nestle_ood_20260927_191613/42016.mp4,626805,0523f0eba595c767533e71c08b835a9f4580addc197154d00b85cb56754d8e6f
demo_envs/test_unseen_items_pick_to_basket/evaluations/octo_basket_nestle_ood_20260927_191613/42017.mp4,534033,bfee29a7fd98a19b48e50a3a6d1361e33e7c70a4525cc03ad078e54f870daea9
demo_envs/test_unseen_items_pick_to_basket/evaluations/octo_basket_nestle_ood_20260927_191613/42018.mp4,237346,952949b9251ca311fbf2d79d2fdeec8a39ba5dd103e6822eb7a84d0f0502de5d
demo_envs/test_unseen_items_pick_to_basket/evaluations/octo_basket_nestle_ood_20260927_191613/42019.mp4,699181,fafd5f24378c2fb0c7d922f1c75e47887c79222d9c348f4da08b67d5ba8d6862
demo_envs/test_unseen_items_pick_to_basket/evaluations/octo_basket_nestle_ood_20260927_191613/42020.mp4,748628,e6d4675a626d6be30b14d61a59e66da95dc151094b28dd8e2cc32b0a50b82157
demo_envs/test_unseen_items_pick_to_basket/evaluations/octo_basket_nestle_ood_20260927_191613/42021.mp4,172668,af664d5619ac7a4d5852d79a0920258959d4c1765293b5d24f70403015783667
demo_envs/test_unseen_items_pick_to_basket/evaluations/octo_basket_nestle_ood_20260927_191613/42022.mp4,708819,8ca038e0bef02cce7eb436d95925b7ba07a6be673f93d8a2f24cabb1d34a5855
demo_envs/test_unseen_items_pick_to_basket/evaluations/octo_basket_nestle_ood_20260927_191613/42023.mp4,707667,647bd507338add9f51da191f46cdd3b08a49019378a4ea6c4030758f37453cd8
demo_envs/test_unseen_items_pick_to_basket/evaluations/octo_basket_nestle_ood_20260927_191613/42024.mp4,701347,05e17994267a9e4be5ce34fec13018f9f8af511e93ddd2f1f0054957bc945f4a
demo_envs/test_unseen_items_pick_to_basket/evaluations/octo_basket_nestle_ood_20260927_191613/42025.mp4,646420,45388b1e984c0572414006945eedcc4220c692294a6826cda9e4acd9d248a809
demo_envs/test_unseen_items_pick_to_basket/evaluations/octo_basket_nestle_ood_20260927_191613/42026.mp4,737543,bc9f6d8181e382b6237ff8d87f4e722bdecb48150369b811913b53a8d487f843
demo_envs/test_unseen_items_pick_to_basket/evaluations/octo_basket_nestle_ood_20260927_191613/42027.mp4,648117,515f125f17d3fef34fff58458d337ad7de77bc02e7d38705cd6776e37d43e9ca
demo_envs/test_unseen_items_pick_to_basket/evaluations/octo_basket_nestle_ood_20260927_191613/42028.mp4,721109,6f0831956fa89055c1c54d8ee740d74df866b869fa4a2a198072e1610beacb4c
demo_envs/test_unseen_items_pick_to_basket/evaluations/octo_basket_nestle_ood_20260927_191613/42029.mp4,685036,0652da6d720d563440176e119937df60a85fbeab0b1cf02a6b2b5db607379189
demo_envs/test_unseen_items_pick_to_basket/evaluations/octo_basket_nivea_uns_20260927_191613/20260927_225128.h5,800,26c4d449632ea072317c16e9d4857e419b67e1b7751f81a89a87c8e75fe9484e
demo_envs/test_unseen_items_pick_to_basket/evaluations/octo_basket_nivea_uns_20260927_191613/20260927_225128.json,1169,cfc007ea9cafa73e8d5de9bf4e1299f830cccf264a9d71c193d2522bb152b95d
demo_envs/test_unseen_items_pick_to_basket/evaluations/octo_basket_nivea_uns_20260927_191613/42000.mp4,611967,564fe292f2810123515bdb0eb0d85f627f753efcf83427c2a55566d19507d139
demo_envs/test_unseen_items_pick_to_basket/evaluations/octo_basket_nivea_uns_20260927_191613/42001.mp4,620390,7863ac08eb2d2fbf6decef741a2054ddac9bb7e72d49d6bd6557df7f6f91fefb
demo_envs/test_unseen_items_pick_to_basket/evaluations/octo_basket_nivea_uns_20260927_191613/42002.mp4,302147,1797ebb48a0559892a560f5dd56675a4259f7ce084fc1696c337e303f915ebdd
demo_envs/test_unseen_items_pick_to_basket/evaluations/octo_basket_nivea_uns_20260927_191613/42003.mp4,463789,ee2cd1753553c554a32a31214513cd3a6145113253b9498ba116e80e06b8fa0a
demo_envs/test_unseen_items_pick_to_basket/evaluations/octo_basket_nivea_uns_20260927_191613/42004.mp4,627015,9565ddd9c666883604dddd2753e0679b5fbdb5947a1695e0025aecd3dda18cf7
demo_envs/test_unseen_items_pick_to_basket/evaluations/octo_basket_nivea_uns_20260927_191613/42005.mp4,681641,cb2b09b2c073e1673e0c1cf7b8cc28245f3dcb222a653c7b5cfe1930eaafbaf3
demo_envs/test_unseen_items_pick_to_basket/evaluations/octo_basket_nivea_uns_20260927_191613/42006.mp4,167238,6c7cd8bf0543de83f616c554ccc0aa25a25fbd67a73d2ab55ea12ba0ef1f4310
demo_envs/test_unseen_items_pick_to_basket/evaluations/octo_basket_nivea_uns_20260927_191613/42007.mp4,751930,4f78364578def2e1ec1a6d138da629ae6e750499c93fa5de8251b5904315244a
demo_envs/test_unseen_items_pick_to_basket/evaluations/octo_basket_nivea_uns_20260927_191613/42008.mp4,668214,a211d8f55c685512f6208c9d7eb9b3377242996ae08eba3f6c397f276b95b315
demo_envs/test_unseen_items_pick_to_basket/evaluations/octo_basket_nivea_uns_20260927_191613/42009.mp4,606446,6fbb8561ca0566b6953a8330a5d534820a4a0e79641ff7e5b81eacb33c2aac0e
demo_envs/test_unseen_items_pick_to_basket/evaluations/octo_basket_nivea_uns_20260927_191613/42010.mp4,577256,19294419976475ab0c09ad62edf31894fb0d81ce55a11c02bcadb1e13a5b043c
demo_envs/test_unseen_items_pick_to_basket/evaluations/octo_basket_nivea_uns_20260927_191613/42011.mp4,394738,0ba7f180d8aa3cad1270c4acadbe680b619baf709e4b8e202d2de4554c043932
demo_envs/test_unseen_items_pick_to_basket/evaluations/octo_basket_nivea_uns_20260927_191613/42012.mp4,682442,46090431efc77bb101b602ae98585e563011a4217adace52b11dc77484612fe7
demo_envs/test_unseen_items_pick_to_basket/evaluations/octo_basket_nivea_uns_20260927_191613/42013.mp4,663810,703c0acfd7ec53937b883f1e1e9ba807979732483f8ee34303824bf574c5913e
demo_envs/test_unseen_items_pick_to_basket/evaluations/octo_basket_nivea_uns_20260927_191613/42014.mp4,573688,a97b23fd131f5e49c829633ccce82ba4852921904f7e117b427f63e259151ef0
demo_envs/test_unseen_items_pick_to_basket/evaluations/octo_basket_nivea_uns_20260927_191613/42015.mp4,196892,9d1cc435efba0bf57a488a98a7b59c1021cac8a06b708196db4114eea7cb59ef
demo_envs/test_unseen_items_pick_to_basket/evaluations/octo_basket_nivea_uns_20260927_191613/42016.mp4,577019,cf440f78c13bbc9a12241e401244847ede3a8dfccbc47f7f06970b6f5b6b441d
demo_envs/test_unseen_items_pick_to_basket/evaluations/octo_basket_nivea_uns_20260927_191613/42017.mp4,510289,8febd98f19649002f80bd35ea1efdc15ca8091e084694f796c64f6af2a0c8178
demo_envs/test_unseen_items_pick_to_basket/evaluations/octo_basket_nivea_uns_20260927_191613/42018.mp4,198223,712a85b553afb14637acde7ec005a2fe468d2e68f8df1f666d0b02420a355d51
demo_envs/test_unseen_items_pick_to_basket/evaluations/octo_basket_nivea_uns_20260927_191613/42019.mp4,643441,3ed757bfd33e57276e74a7a59621e9e41cac44d0239f4282f92b774f639d4fd8
demo_envs/test_unseen_items_pick_to_basket/evaluations/octo_basket_nivea_uns_20260927_191613/42020.mp4,659959,462b49d6702fd0140803b899c544c1ae49d7c0180ae860a2b085f55fc84f2e00
demo_envs/test_unseen_items_pick_to_basket/evaluations/octo_basket_nivea_uns_20260927_191613/42021.mp4,170716,da99366669873c92b573e5a14aafa4d4ba34f6bc8e161c4e2337831ed26478ae
demo_envs/test_unseen_items_pick_to_basket/evaluations/octo_basket_nivea_uns_20260927_191613/42022.mp4,634920,4d55b99f104a10747ef07fdcf651019e66311d4ed63a25a1a04b09e766c16d7e
demo_envs/test_unseen_items_pick_to_basket/evaluations/octo_basket_nivea_uns_20260927_191613/42023.mp4,655148,4f479ca07ddbb6db412156c1d53491e19bd1c88345cf828c8888ee67cc69471d
demo_envs/test_unseen_items_pick_to_basket/evaluations/octo_basket_nivea_uns_20260927_191613/42024.mp4,685153,adc339d54e249dfc8fc59ed8e82e611a7919a1fcb5a010a52bd9982bec342d1a
demo_envs/test_unseen_items_pick_to_basket/evaluations/octo_basket_nivea_uns_20260927_191613/42025.mp4,667992,8a03dfaf485adb932ad73fcf3ab27b6f5026fbcacdcd267b2b9a7f4473ccf32f
demo_envs/test_unseen_items_pick_to_basket/evaluations/octo_basket_nivea_uns_20260927_191613/42026.mp4,602651,52eb657c7c252c02d123a6f0a41c26cba5c081aed6a63df9102beb9653505b66
demo_envs/test_unseen_items_pick_to_basket/evaluations/octo_basket_nivea_uns_20260927_191613/42027.mp4,631888,2358810c10689fb55193e4c8c6d5c83f6c1dbe365c7c97b5af1095fb839b3448
demo_envs/test_unseen_items_pick_to_basket/evaluations/octo_basket_nivea_uns_20260927_191613/42028.mp4,542773,6b7e0dce0b5316efcdf90c93437425099e4077f4160130d3b6b757fceb027de7
demo_envs/test_unseen_items_pick_to_basket/evaluations/octo_basket_nivea_uns_20260927_191613/42029.mp4,582517,75d81f5df32ab6cb3b6dd02911b5d1ca3949b7873f73ac325c16b6435f671588
demo_envs/test_unseen_items_pick_to_basket/evaluations/octo_basket_slam_ood_20260927_191613/20260927_233736.h5,800,26c4d449632ea072317c16e9d4857e419b67e1b7751f81a89a87c8e75fe9484e
demo_envs/test_unseen_items_pick_to_basket/evaluations/octo_basket_slam_ood_20260927_191613/20260927_233736.json,1168,d88bcd3c7b81674aad5368339a6634bfb0cbcaec3acee21ff52cf8799854a0e2
demo_envs/test_unseen_items_pick_to_basket/evaluations/octo_basket_slam_ood_20260927_191613/42000.mp4,716811,a0396e136e63dc65d15fc2031b57f9066cd35529171422874c7277ee3063043f
demo_envs/test_unseen_items_pick_to_basket/evaluations/octo_basket_slam_ood_20260927_191613/42001.mp4,685016,30ce73c243a334e91b51a42369960a71e573163c252d5756625272935e7a3e38
demo_envs/test_unseen_items_pick_to_basket/evaluations/octo_basket_slam_ood_20260927_191613/42002.mp4,339978,48f2009e8529ed2f0350acfd13aa1797f4d97e7fbbb8eaa22f55da52e1ade817
demo_envs/test_unseen_items_pick_to_basket/evaluations/octo_basket_slam_ood_20260927_191613/42003.mp4,524145,2d5c7c15e8c4d2840cfb8b85e854c7d8a6037d73f53bd471da5364d1ea45f5d6
demo_envs/test_unseen_items_pick_to_basket/evaluations/octo_basket_slam_ood_20260927_191613/42004.mp4,680772,344bb1f80bc6f78627f8220305cd685390f354095cc8d289c2405ab6eed641b6
demo_envs/test_unseen_items_pick_to_basket/evaluations/octo_basket_slam_ood_20260927_191613/42005.mp4,666026,4c88b4d47a555cdfc7ff47847294afe4cf8a3eb982236a1a3dd5d31da2e36316
demo_envs/test_unseen_items_pick_to_basket/evaluations/octo_basket_slam_ood_20260927_191613/42006.mp4,212128,5862652768ea9ed0391bf42c396144bde3b081cb042ca96f8da7f9ae9e1c7bc7
demo_envs/test_unseen_items_pick_to_basket/evaluations/octo_basket_slam_ood_20260927_191613/42007.mp4,748425,83e2547e59e6ac1d334a4dcfad182c0a50c31205f5f4b9ee13b78f2ad083bfab
demo_envs/test_unseen_items_pick_to_basket/evaluations/octo_basket_slam_ood_20260927_191613/42008.mp4,615332,339250779eda2d862b6ba45a6b494042787071191d2b242bbf60dd1869142178
demo_envs/test_unseen_items_pick_to_basket/evaluations/octo_basket_slam_ood_20260927_191613/42009.mp4,601099,7b40ed9ef95d57a2d6de47a260bef1b8714009058c4bf7bce12c5d507c3b08c8
demo_envs/test_unseen_items_pick_to_basket/evaluations/octo_basket_slam_ood_20260927_191613/42010.mp4,597051,a8a48e9ccfe93112a80dbccb65cd51c9d5425aa46584f1d7b2ed35ca0eb21cc3
demo_envs/test_unseen_items_pick_to_basket/evaluations/octo_basket_slam_ood_20260927_191613/42011.mp4,392239,a4300ccd4c655e268324e0bc5d7ad0ae91d90b56dec45efce2489f4dd65e0918
demo_envs/test_unseen_items_pick_to_basket/evaluations/octo_basket_slam_ood_20260927_191613/42012.mp4,753832,d3b4a44f002d81fdf4e90b37665f7bd0948b6759f26b82dae75ae8683eac1c2d
demo_envs/test_unseen_items_pick_to_basket/evaluations/octo_basket_slam_ood_20260927_191613/42013.mp4,768861,ddab5b1826c23a80a3db9503061ffae4bf0621ac9e0b020d1be1a4029d0847cb
demo_envs/test_unseen_items_pick_to_basket/evaluations/octo_basket_slam_ood_20260927_191613/42014.mp4,636677,cf9701e534f89e55a61506495e5c7563df47839b612c069cd1f61a966ef9c505
demo_envs/test_unseen_items_pick_to_basket/evaluations/octo_basket_slam_ood_20260927_191613/42015.mp4,205794,e76e917c849437f55888c642280cb92a01c32065765267f611d9617738629a7d
demo_envs/test_unseen_items_pick_to_basket/evaluations/octo_basket_slam_ood_20260927_191613/42016.mp4,557077,047bb8341c52b6732228d06a143c2842574dc942b48376d644bd53265c26ef7d
demo_envs/test_unseen_items_pick_to_basket/evaluations/octo_basket_slam_ood_20260927_191613/42017.mp4,525674,9d5f86759666242442eb39e1fd1b777744adb63c9f237f379496ab8822927ce6
demo_envs/test_unseen_items_pick_to_basket/evaluations/octo_basket_slam_ood_20260927_191613/42018.mp4,246217,c45e59e819c096d800f644f26ccde90094b145f3177b8e441dc330f07dfe0f87
demo_envs/test_unseen_items_pick_to_basket/evaluations/octo_basket_slam_ood_20260927_191613/42019.mp4,674326,611c7a0fe4ef220a7100df4c054415a4fdceaafeda08cefdeb7d4acdd9d05528
demo_envs/test_unseen_items_pick_to_basket/evaluations/octo_basket_slam_ood_20260927_191613/42020.mp4,814583,6415a5ce9ddcf264c273358d681290742475c7d12c070d37fa4a9f99e9c06f97
demo_envs/test_unseen_items_pick_to_basket/evaluations/octo_basket_slam_ood_20260927_191613/42021.mp4,258060,600e1fb4d2a18c11c2519b3c9feefe93587873eff31eec04286d986fcc8915b3
demo_envs/test_unseen_items_pick_to_basket/evaluations/octo_basket_slam_ood_20260927_191613/42022.mp4,735191,cb2ab141a323d7b92c8644b33191a075752776372dff8a49dcabb8a97f1bfe88
demo_envs/test_unseen_items_pick_to_basket/evaluations/octo_basket_slam_ood_20260927_191613/42023.mp4,680514,617de18ce59618009bccb7cc665ab92ec3a005f19726a081ce1a31aac699ed81
demo_envs/test_unseen_items_pick_to_basket/evaluations/octo_basket_slam_ood_20260927_191613/42024.mp4,788961,476075cf046918ea8846d55ea24252793d88270b87a68e47b54622d1b8a32e19
demo_envs/test_unseen_items_pick_to_basket/evaluations/octo_basket_slam_ood_20260927_191613/42025.mp4,664772,9c11acd33658f6d6855ae469288e38700a0dfd30b8c1b794276353c5db0f47a8
demo_envs/test_unseen_items_pick_to_basket/evaluations/octo_basket_slam_ood_20260927_191613/42026.mp4,755441,32303e6fa359a7e8f6eced8475459d6e91e1cc46284620c08808134bbe9255d6
demo_envs/test_unseen_items_pick_to_basket/evaluations/octo_basket_slam_ood_20260927_191613/42027.mp4,676754,1a723a04568b4f613b422134fc568700f95e794a5b6740bb0e23d584a65cd537
demo_envs/test_unseen_items_pick_to_basket/evaluations/octo_basket_slam_ood_20260927_191613/42028.mp4,722630,762905fb01a47e8bc616ae0c77ea256f70e87076aa4c1d6270bf61c80fa41e7e
demo_envs/test_unseen_items_pick_to_basket/evaluations/octo_basket_slam_ood_20260927_191613/42029.mp4,662233,f6f3bc1dabf9fd8ef2bad895a7fb0df9979790954d8339f4170ad005226e4882
demo_envs/test_unseen_items_pick_to_basket/evaluations/octo_basket_stars_uns_20260927_191613/20260927_222809.h5,800,26c4d449632ea072317c16e9d4857e419b67e1b7751f81a89a87c8e75fe9484e
demo_envs/test_unseen_items_pick_to_basket/evaluations/octo_basket_stars_uns_20260927_191613/20260927_222809.json,1169,45c4a4ce8e8fe8a8920bc037e66ecae93d96c522424caac521cabe11fbdff0b7
demo_envs/test_unseen_items_pick_to_basket/evaluations/octo_basket_stars_uns_20260927_191613/42000.mp4,600721,16c4e8188fa27a829934f5c8dbca35ed7267bca627fbbda8a437bc257a422b1b
demo_envs/test_unseen_items_pick_to_basket/evaluations/octo_basket_stars_uns_20260927_191613/42001.mp4,588527,86c69a67637d85c3adf9a538916f7d6e65543a2e2e5b10a48d564acfacc1e4d0
demo_envs/test_unseen_items_pick_to_basket/evaluations/octo_basket_stars_uns_20260927_191613/42002.mp4,293392,5428024c5bbceee3c6c10ea15e3cb849f7cf66d0640a9b0091e647bdf09c3734
demo_envs/test_unseen_items_pick_to_basket/evaluations/octo_basket_stars_uns_20260927_191613/42003.mp4,486254,0cfbb635c16bb31e2424bd1d07e5163b4c7d0e294e244f1b7d3a2267edfe9ca9
demo_envs/test_unseen_items_pick_to_basket/evaluations/octo_basket_stars_uns_20260927_191613/42004.mp4,623583,39ee186aec74c637fedcb9ae4b8bc3793ab851bd51ab46c5864c2d7b6ec252a4
demo_envs/test_unseen_items_pick_to_basket/evaluations/octo_basket_stars_uns_20260927_191613/42005.mp4,627244,9ea9f41c0d0b18fa9705d76bdf957987922a64028863ae5c5dc5ac6ac2f5e6b2
demo_envs/test_unseen_items_pick_to_basket/evaluations/octo_basket_stars_uns_20260927_191613/42006.mp4,185096,4f633347f650c37a9df052d5226115a88a095d166753f9ee0bf8cd291dce4d8d
demo_envs/test_unseen_items_pick_to_basket/evaluations/octo_basket_stars_uns_20260927_191613/42007.mp4,706053,aa6d022a53e1f843f3f000a305dc3b61570d6e9e5b4420f47229b437d9651087
demo_envs/test_unseen_items_pick_to_basket/evaluations/octo_basket_stars_uns_20260927_191613/42008.mp4,633362,3330b62334719c4089ae41d88c196bd3616ddd662b6f1dc7f09f7eed560e6385
demo_envs/test_unseen_items_pick_to_basket/evaluations/octo_basket_stars_uns_20260927_191613/42009.mp4,571445,c18499dfc42e2ab6fef2b408e5b711012ff669f6c2744b9131b0e739ca08618e
demo_envs/test_unseen_items_pick_to_basket/evaluations/octo_basket_stars_uns_20260927_191613/42010.mp4,598412,c62a1efe5280504a0a5e7d4224459ff337fa8788d0fbad469d61f17c820714c0
demo_envs/test_unseen_items_pick_to_basket/evaluations/octo_basket_stars_uns_20260927_191613/42011.mp4,363353,81b741a4a7fb18f098002e5fc44f1bb348f0aaffd5cf1c41506e57fd0d854b9b
demo_envs/test_unseen_items_pick_to_basket/evaluations/octo_basket_stars_uns_20260927_191613/42012.mp4,722099,c3ac677fe6345b4ce41e45c71dd539b6d4aaba33cacf734c2d69818059604bb9
demo_envs/test_unseen_items_pick_to_basket/evaluations/octo_basket_stars_uns_20260927_191613/42013.mp4,629278,e7056559ddab77b81d565bc937443cafbe26c7fa73a8b840fea818cd941b89a3
demo_envs/test_unseen_items_pick_to_basket/evaluations/octo_basket_stars_uns_20260927_191613/42014.mp4,634916,479fdb50ee85fc91dba28c70a285836cfa356b7d7a8fe9de53a9dd69d6775587
demo_envs/test_unseen_items_pick_to_basket/evaluations/octo_basket_stars_uns_20260927_191613/42015.mp4,189565,d831310e0d69aca38ab575c9de38d6309d6f7cc52da1d10492f08ef975a22f1e
demo_envs/test_unseen_items_pick_to_basket/evaluations/octo_basket_stars_uns_20260927_191613/42016.mp4,573932,9f2651deedb075bca392d30984a1c41d1037956b3c394ead2a8deb0dcbfd3dfe
demo_envs/test_unseen_items_pick_to_basket/evaluations/octo_basket_stars_uns_20260927_191613/42017.mp4,518807,25d6669f137e1c9583be6982b8e99c1180cafd2d9401e09068cf4cc2d1967f67
demo_envs/test_unseen_items_pick_to_basket/evaluations/octo_basket_stars_uns_20260927_191613/42018.mp4,189254,37e1b2c4b972196e7a92879b686007e7c3815955af50c885013dc41d34321f2d
demo_envs/test_unseen_items_pick_to_basket/evaluations/octo_basket_stars_uns_20260927_191613/42019.mp4,658352,69c929522864b8dd2e322b969761952cace5cc2bc54f800218cbaf57f06f6bed
demo_envs/test_unseen_items_pick_to_basket/evaluations/octo_basket_stars_uns_20260927_191613/42020.mp4,663603,69b563e5b2ed174e4d041709688e38558013caa51909e57b81b73722093baa65
demo_envs/test_unseen_items_pick_to_basket/evaluations/octo_basket_stars_uns_20260927_191613/42021.mp4,167224,f1fad0ac979cb3e5d407909af8c1a633806fb5ae6a075e12f04af3c4eb16183e
demo_envs/test_unseen_items_pick_to_basket/evaluations/octo_basket_stars_uns_20260927_191613/42022.mp4,662199,7d229672d8665c21ae0d87f65b97a9817c0d7a12db922ad2df43f52710b9dfd0
demo_envs/test_unseen_items_pick_to_basket/evaluations/octo_basket_stars_uns_20260927_191613/42023.mp4,645547,7255878db71acfb0300fbb21b46435fe2f7e3fa8af888d3f07841c28d753d92f
demo_envs/test_unseen_items_pick_to_basket/evaluations/octo_basket_stars_uns_20260927_191613/42024.mp4,652858,5066e30549bc96909307c3cc2ba2daf1b66a19cf520dbd941e5c9f4d8f68a3a6
demo_envs/test_unseen_items_pick_to_basket/evaluations/octo_basket_stars_uns_20260927_191613/42025.mp4,698123,f0eb6ac96e99b40a76bf04cbfc6a26e1987adcf99549098fdd34fa9adc3ff8aa
demo_envs/test_unseen_items_pick_to_basket/evaluations/octo_basket_stars_uns_20260927_191613/42026.mp4,628845,4a010fd30ae30c5a11e7b34937f7b66e29ad9176bbabe7103e3cf440ff87b31b
demo_envs/test_unseen_items_pick_to_basket/evaluations/octo_basket_stars_uns_20260927_191613/42027.mp4,693416,d9876cb9831e31e628a3b77f8934752a3d640710582197747b0ee644640b36c5
demo_envs/test_unseen_items_pick_to_basket/evaluations/octo_basket_stars_uns_20260927_191613/42028.mp4,610023,7b12703a02dedc792ef438117b0a281dd99fe97625665116aa54e1c90a65e2cb
demo_envs/test_unseen_items_pick_to_basket/evaluations/octo_basket_stars_uns_20260927_191613/42029.mp4,604505,bf455636d546d63d1018ad21cd3e0f5d8611daff97588f3cfe238696768cd404
demo_envs/test_unseen_scenes_move_from_board_to_board_duff/evaluations/octo_board_duff_uns_20260927_191613/20260927_191631.h5,800,26c4d449632ea072317c16e9d4857e419b67e1b7751f81a89a87c8e75fe9484e
demo_envs/test_unseen_scenes_move_from_board_to_board_duff/evaluations/octo_board_duff_uns_20260927_191613/20260927_191631.json,1194,aba21bb72261d7456fb5246558a94b8db3411639245238104fa638d83949f2c2
demo_envs/test_unseen_scenes_move_from_board_to_board_duff/evaluations/octo_board_duff_uns_20260927_191613/42000.mp4,663310,80e12f879806cb4dd90616da102ff589e8463e8814a42601764be84d62244de2
demo_envs/test_unseen_scenes_move_from_board_to_board_duff/evaluations/octo_board_duff_uns_20260927_191613/42001.mp4,678767,ebe54798d3837e2fdfe0be61704dfdccf1b30e8d35552f4d0101e8cae14d4081
demo_envs/test_unseen_scenes_move_from_board_to_board_duff/evaluations/octo_board_duff_uns_20260927_191613/42002.mp4,674500,fc65e92c60469cb0b90c00eed18b4a20a8ea805ec5cdd6e05470a31c28dca97f
demo_envs/test_unseen_scenes_move_from_board_to_board_duff/evaluations/octo_board_duff_uns_20260927_191613/42003.mp4,320784,062b0213167fded4d5d9999c4f697270a4291597b826f6ddae728096578c921f
demo_envs/test_unseen_scenes_move_from_board_to_board_duff/evaluations/octo_board_duff_uns_20260927_191613/42004.mp4,728383,f6887a6ee07b0e884d033665ebb32a478eb37f65ad7d1be6758eabeac67a7ad5
demo_envs/test_unseen_scenes_move_from_board_to_board_duff/evaluations/octo_board_duff_uns_20260927_191613/42005.mp4,764931,5e82a7953d58b12bbd2fb7b4f40ac07d738654ee992d2ff100725b4167a75002
demo_envs/test_unseen_scenes_move_from_board_to_board_duff/evaluations/octo_board_duff_uns_20260927_191613/42006.mp4,651988,8990c57f5ed47dcecb93b5acc2197634276ae7cfd166013c6a12ac442f18b4dc
demo_envs/test_unseen_scenes_move_from_board_to_board_duff/evaluations/octo_board_duff_uns_20260927_191613/42007.mp4,353179,efd35b07afa10bbb76dab7636982741b86255da3749976815c0e3674cf2fc2da
demo_envs/test_unseen_scenes_move_from_board_to_board_duff/evaluations/octo_board_duff_uns_20260927_191613/42008.mp4,625266,8cb40e6f2c50f3dfdc7ae2fd9811b14d8e860317ca9de2b388e451bc003f0e2c
demo_envs/test_unseen_scenes_move_from_board_to_board_duff/evaluations/octo_board_duff_uns_20260927_191613/42009.mp4,533574,745509ce210a4115505a5cea4c8667c83cda461908d51b7ec8131b182addaa69
demo_envs/test_unseen_scenes_move_from_board_to_board_duff/evaluations/octo_board_duff_uns_20260927_191613/42010.mp4,647452,5411badaf4a68500e483c98388a2a46a282edabd66229826aa54b44af52858c6
demo_envs/test_unseen_scenes_move_from_board_to_board_duff/evaluations/octo_board_duff_uns_20260927_191613/42011.mp4,771213,9bbc6c89d9de9badf79c30e42354cc8564ca2d2055baaad554196e15cddb79c5
demo_envs/test_unseen_scenes_move_from_board_to_board_duff/evaluations/octo_board_duff_uns_20260927_191613/42012.mp4,390240,f23547f8544e817d128a111a6e2ecd1acc9ac15c3f2dfc7df8946053583880a8
demo_envs/test_unseen_scenes_move_from_board_to_board_duff/evaluations/octo_board_duff_uns_20260927_191613/42013.mp4,746540,2979096bc549a6653fbf964c213a3eb8648994bacd302e8c340b6bb0225b8bc6
demo_envs/test_unseen_scenes_move_from_board_to_board_duff/evaluations/octo_board_duff_uns_20260927_191613/42014.mp4,559345,80e772148b0d1ae880624b85f6a73a65504cb82ab62542bb1b13f2500e311156
demo_envs/test_unseen_scenes_move_from_board_to_board_duff/evaluations/octo_board_duff_uns_20260927_191613/42015.mp4,946496,a1af57f292346310fb83699e2fb0d308022c24720fa6cdf07838bdd1615a5154
demo_envs/test_unseen_scenes_move_from_board_to_board_duff/evaluations/octo_board_duff_uns_20260927_191613/42016.mp4,229229,e2a9fdedc4ebf4379112913c00ac66119a3630cb33ee3a5f290b780f054e2d5c
demo_envs/test_unseen_scenes_move_from_board_to_board_duff/evaluations/octo_board_duff_uns_20260927_191613/42017.mp4,550104,ed0ea7ba3ff6670fe70338efca6a6cafd473230ef3d9d2c443787ffac307d8c8
demo_envs/test_unseen_scenes_move_from_board_to_board_duff/evaluations/octo_board_duff_uns_20260927_191613/42018.mp4,829496,d82ad434fcbd0496e9ed5d39a7372e08ee06c1c4313dac660b6c2656b31f6121
demo_envs/test_unseen_scenes_move_from_board_to_board_duff/evaluations/octo_board_duff_uns_20260927_191613/42019.mp4,679249,ab64f42ca8276272f6aae152740b430fad3bdfe17630a1fa3bb14ae1b74142db
demo_envs/test_unseen_scenes_move_from_board_to_board_duff/evaluations/octo_board_duff_uns_20260927_191613/42020.mp4,890215,59c3da0435dbfedd93e5d09cc3c81ab84b7affedf8d561a5092f5dbaeb0d1998
demo_envs/test_unseen_scenes_move_from_board_to_board_duff/evaluations/octo_board_duff_uns_20260927_191613/42021.mp4,776225,4accffec58b19551eddde3762ae567d2db281a4528dfc4da8e9b403833188878
demo_envs/test_unseen_scenes_move_from_board_to_board_duff/evaluations/octo_board_duff_uns_20260927_191613/42022.mp4,828119,1abdbc38dcfe711c9fc23d2c80a5dd51c037391f1127e3911763d04b044538da
demo_envs/test_unseen_scenes_move_from_board_to_board_duff/evaluations/octo_board_duff_uns_20260927_191613/42023.mp4,857072,30d1d32fac4ebe7144596f7fd0152f989e3992ea10987105e5521b1a364abc83
demo_envs/test_unseen_scenes_move_from_board_to_board_duff/evaluations/octo_board_duff_uns_20260927_191613/42024.mp4,725176,dba48573974735bcb582889d4b37bc5864b504cdd562f5e2939ab4bb5cb1b688
demo_envs/test_unseen_scenes_move_from_board_to_board_duff/evaluations/octo_board_duff_uns_20260927_191613/42025.mp4,683900,9e093e55162560fc48421bcbfd21053a0aacd69e659dd0b54c52ae4bd8513cd0
demo_envs/test_unseen_scenes_move_from_board_to_board_duff/evaluations/octo_board_duff_uns_20260927_191613/42026.mp4,807793,a25ae747b631f1da8f659e6a74749e4938a5914cec7bd89c83442b55635f4de6
demo_envs/test_unseen_scenes_move_from_board_to_board_duff/evaluations/octo_board_duff_uns_20260927_191613/42027.mp4,594096,2296dc5ce55f28555994b54b9a76d2e6fc3fc34519822eb7778de3162da5db10
demo_envs/test_unseen_scenes_move_from_board_to_board_duff/evaluations/octo_board_duff_uns_20260927_191613/42028.mp4,679320,0249a22adbe4eef48db13cf4967bddda0d669f50ba0309105f352923169a0ae6
demo_envs/test_unseen_scenes_move_from_board_to_board_duff/evaluations/octo_board_duff_uns_20260927_191613/42029.mp4,688759,e3236bff84731fe94c834d65577b025656b0ca815ae2c874144139b1180b249f
demo_envs/test_unseen_scenes_move_from_board_to_board_nestle/evaluations/octo_board_nestle_uns_20260927_191613/20260927_201528.h5,800,26c4d449632ea072317c16e9d4857e419b67e1b7751f81a89a87c8e75fe9484e
demo_envs/test_unseen_scenes_move_from_board_to_board_nestle/evaluations/octo_board_nestle_uns_20260927_191613/20260927_201528.json,1197,f4483b50a0a6c055d63e8bc4178d8bb13727e7c2a64f6cb43d34b77a3ae4ace5
demo_envs/test_unseen_scenes_move_from_board_to_board_nestle/evaluations/octo_board_nestle_uns_20260927_191613/42000.mp4,730771,aacd0e22a0bbdfa62757b992708763b5f73e23b85fded62699b0f1087d9b8404
demo_envs/test_unseen_scenes_move_from_board_to_board_nestle/evaluations/octo_board_nestle_uns_20260927_191613/42001.mp4,711191,84f6ec57e66cf89558ba1ff4e797fbdf74a66e473e03eb549845e7431431d68d
demo_envs/test_unseen_scenes_move_from_board_to_board_nestle/evaluations/octo_board_nestle_uns_20260927_191613/42002.mp4,594871,f1c6c8be317e97eb05b3c131f888d706f4ba6e84f870a79bf689b850fefddf0b
demo_envs/test_unseen_scenes_move_from_board_to_board_nestle/evaluations/octo_board_nestle_uns_20260927_191613/42003.mp4,242138,7e41447ea8dba3f9280622899385c09d0fd444d157432b4f0d4b1ff3404c9936
demo_envs/test_unseen_scenes_move_from_board_to_board_nestle/evaluations/octo_board_nestle_uns_20260927_191613/42004.mp4,832063,428dc5d128a9f2c3560ee3abe319bd61b83e9542493290e4346b6facd6fdd0de
demo_envs/test_unseen_scenes_move_from_board_to_board_nestle/evaluations/octo_board_nestle_uns_20260927_191613/42005.mp4,300210,cbfc21652db23bf3631ff879515edff817123cf4fccabd7a9d240dfe3f2a94ee
demo_envs/test_unseen_scenes_move_from_board_to_board_nestle/evaluations/octo_board_nestle_uns_20260927_191613/42006.mp4,670554,c84d6b265c6d3c8fb38ba200c446789e72f8fd55186df36c4323165aa84873ff
demo_envs/test_unseen_scenes_move_from_board_to_board_nestle/evaluations/octo_board_nestle_uns_20260927_191613/42007.mp4,847539,2793c859aa3358c11ed92218607628d135c9bfdb4dff777d41406a4b0c3ec815
demo_envs/test_unseen_scenes_move_from_board_to_board_nestle/evaluations/octo_board_nestle_uns_20260927_191613/42008.mp4,865868,988bea661bff405f3d29e13b9dd5d6d252835e7956b03823953356af4e3ad8a9
demo_envs/test_unseen_scenes_move_from_board_to_board_nestle/evaluations/octo_board_nestle_uns_20260927_191613/42009.mp4,476422,37921f76bdf4c63642dd5bace5f67511743499cb22f76f8d4ae9e3a4715f6abd
demo_envs/test_unseen_scenes_move_from_board_to_board_nestle/evaluations/octo_board_nestle_uns_20260927_191613/42010.mp4,623747,a4d4acf29da0116141f37ed28efe848bc1272ee2c344172b3fbd4fd3bc4d12b1
demo_envs/test_unseen_scenes_move_from_board_to_board_nestle/evaluations/octo_board_nestle_uns_20260927_191613/42011.mp4,823937,6c78ab597db07328225d6d88892c1e72da35f1f114875eeefdaaaf716b8593ac
demo_envs/test_unseen_scenes_move_from_board_to_board_nestle/evaluations/octo_board_nestle_uns_20260927_191613/42012.mp4,672732,3078777bf292f4017f230bfd4c181c161d859da2683119dce0f50524552c969b
demo_envs/test_unseen_scenes_move_from_board_to_board_nestle/evaluations/octo_board_nestle_uns_20260927_191613/42013.mp4,704498,157f7eb75a1d12004f27305c4225adeb7527a205bc51c4fdd8df2eb55ae0b021
demo_envs/test_unseen_scenes_move_from_board_to_board_nestle/evaluations/octo_board_nestle_uns_20260927_191613/42014.mp4,777802,5428ab02c672ef40cba05054fade5ce27b758693f730ce9d49a4609635d4f69d
demo_envs/test_unseen_scenes_move_from_board_to_board_nestle/evaluations/octo_board_nestle_uns_20260927_191613/42015.mp4,888859,232538bd0820654bf192b5fe20b39c4f69f6651a1ca1f7492f32894e54fa10b7
demo_envs/test_unseen_scenes_move_from_board_to_board_nestle/evaluations/octo_board_nestle_uns_20260927_191613/42016.mp4,578808,9b51f713f28709816a4c172fe6b51e8c7c14cbed54fa41ad3555cd9132114246
demo_envs/test_unseen_scenes_move_from_board_to_board_nestle/evaluations/octo_board_nestle_uns_20260927_191613/42017.mp4,262667,4d3e5353d1072d0e7ee78cb0d2221e89205640cf7770c129915f4d55e09bcff2
demo_envs/test_unseen_scenes_move_from_board_to_board_nestle/evaluations/octo_board_nestle_uns_20260927_191613/42018.mp4,796353,e7b128ae67a28a14c4e6632b471c92d5e2706a587f0de1bbaab17bb20b969a99
demo_envs/test_unseen_scenes_move_from_board_to_board_nestle/evaluations/octo_board_nestle_uns_20260927_191613/42019.mp4,828107,18e233abffebe4e5f8f24f22cb938d2889a76f7a4168afd6dada80ff9a273516
demo_envs/test_unseen_scenes_move_from_board_to_board_nestle/evaluations/octo_board_nestle_uns_20260927_191613/42020.mp4,641432,63a09b3b2c6105390fd780a354976589391378eca7b8fa758b46742c32e0b470
demo_envs/test_unseen_scenes_move_from_board_to_board_nestle/evaluations/octo_board_nestle_uns_20260927_191613/42021.mp4,603050,f1491173c5ccb2a01413dc2ca31673de807ee05c8692c6e90bd8cb5807ec4175
demo_envs/test_unseen_scenes_move_from_board_to_board_nestle/evaluations/octo_board_nestle_uns_20260927_191613/42022.mp4,779269,172beb058052efd4bed99474833bb8028a7f5cfad7223fc6c431ed13c0997928
demo_envs/test_unseen_scenes_move_from_board_to_board_nestle/evaluations/octo_board_nestle_uns_20260927_191613/42023.mp4,574352,77158c09263a223da357389c76d727022a22507d409c3b96cd1a51ce0b39aacd
demo_envs/test_unseen_scenes_move_from_board_to_board_nestle/evaluations/octo_board_nestle_uns_20260927_191613/42024.mp4,629085,995b936ec287e7d8c8c7b724ebaece918ccdbb7be45ef27a90055399d9b3ea62
demo_envs/test_unseen_scenes_move_from_board_to_board_nestle/evaluations/octo_board_nestle_uns_20260927_191613/42025.mp4,210872,3ad41fd80ba26fa74b7c946f8b501bc2d0524c35820f4bf4ad98345f0149bc22
demo_envs/test_unseen_scenes_move_from_board_to_board_nestle/evaluations/octo_board_nestle_uns_20260927_191613/42026.mp4,654343,26978dd409c9df53eaf65c1f155d8023677a5f5ea8a16339ea132e4393b20cfe
demo_envs/test_unseen_scenes_move_from_board_to_board_nestle/evaluations/octo_board_nestle_uns_20260927_191613/42027.mp4,195589,9ffab95e1c2e6cb927fcc86c9b8d4744fc9383b8c96ddbde53a3911598c24f6e
demo_envs/test_unseen_scenes_move_from_board_to_board_nestle/evaluations/octo_board_nestle_uns_20260927_191613/42028.mp4,757866,4225819a0f7f49bd6b95e83462e640d42aa469b579a4e679a86e86c3cce569f8
demo_envs/test_unseen_scenes_move_from_board_to_board_nestle/evaluations/octo_board_nestle_uns_20260927_191613/42029.mp4,641267,a7f1586b8beaffa740ee88ce0c2982693a5145a3c4f386d10aa79dc177b455b8
demo_envs/test_unseen_scenes_move_from_board_to_board_vanish/evaluations/octo_board_vanish_uns_20260927_191613/20260927_220111.h5,800,26c4d449632ea072317c16e9d4857e419b67e1b7751f81a89a87c8e75fe9484e
demo_envs/test_unseen_scenes_move_from_board_to_board_vanish/evaluations/octo_board_vanish_uns_20260927_191613/20260927_220111.json,1197,93955e81bee7da98fb45ca26fb50f53e19c8f9175f4b254946188fe1b084c682
demo_envs/test_unseen_scenes_move_from_board_to_board_vanish/evaluations/octo_board_vanish_uns_20260927_191613/42000.mp4,582016,241c23272483cf8e58fcb68bf2ccdd1c94fa00399a519f7cc6feb0862fe6548a
demo_envs/test_unseen_scenes_move_from_board_to_board_vanish/evaluations/octo_board_vanish_uns_20260927_191613/42001.mp4,811494,f83c608a487d6fcd58f83713839cd957fa1532b16e74843263ac73676826981d
demo_envs/test_unseen_scenes_move_from_board_to_board_vanish/evaluations/octo_board_vanish_uns_20260927_191613/42002.mp4,726760,04e38369f1b78252054902fadc5670a0e53286893c92708be4b94459426a4a24
demo_envs/test_unseen_scenes_move_from_board_to_board_vanish/evaluations/octo_board_vanish_uns_20260927_191613/42003.mp4,247212,e281604739800ab96a9eca1619aa2398b682b0aff4117b2cb78fe4d61ddf9f28
demo_envs/test_unseen_scenes_move_from_board_to_board_vanish/evaluations/octo_board_vanish_uns_20260927_191613/42004.mp4,736220,daeedf05f5c5432c7d082873c1407a9d504ce5c5feca0d63570554650d927ff8
demo_envs/test_unseen_scenes_move_from_board_to_board_vanish/evaluations/octo_board_vanish_uns_20260927_191613/42005.mp4,322018,ff64c78ac72ad94cfaad3ce9ad9a2c4b7b567d32909a5005cb63c2565ac9521c
demo_envs/test_unseen_scenes_move_from_board_to_board_vanish/evaluations/octo_board_vanish_uns_20260927_191613/42006.mp4,664171,aaa14b5e5df5104aabd4682d50544cd7d0ebb2adeb3a6d62358ca26c751fa1b7
demo_envs/test_unseen_scenes_move_from_board_to_board_vanish/evaluations/octo_board_vanish_uns_20260927_191613/42007.mp4,809785,5d737f8971aa5622939b5fbcac0d869f57aef27a3bbfce70213bf616a135a356
demo_envs/test_unseen_scenes_move_from_board_to_board_vanish/evaluations/octo_board_vanish_uns_20260927_191613/42008.mp4,760222,fee63430e92040922e91e7bdbe1f7551efb2e2eb62c3a44213402a6fe5246c64
demo_envs/test_unseen_scenes_move_from_board_to_board_vanish/evaluations/octo_board_vanish_uns_20260927_191613/42009.mp4,595241,b81d7fc060459cb7be475d72b57e763173f11e109e9ce137f100b51a7d153c44
demo_envs/test_unseen_scenes_move_from_board_to_board_vanish/evaluations/octo_board_vanish_uns_20260927_191613/42010.mp4,320973,5ac1be72dd1f9c69f8b336b62d87fb1eb9955c96e7afe48c2d164a219aed9302
demo_envs/test_unseen_scenes_move_from_board_to_board_vanish/evaluations/octo_board_vanish_uns_20260927_191613/42011.mp4,839208,8a2245833e66557b744f55f6815d9cc88b7273c1af31de6e9cc8e9d4e0a33401
demo_envs/test_unseen_scenes_move_from_board_to_board_vanish/evaluations/octo_board_vanish_uns_20260927_191613/42012.mp4,307462,98ac4b7470e2e35bc65013263c8e4f7a4ee5b13da47551c7aeb4d4337b70fe78
demo_envs/test_unseen_scenes_move_from_board_to_board_vanish/evaluations/octo_board_vanish_uns_20260927_191613/42013.mp4,765600,edaf8807e1a43f9ce6d5dc4be8e4d94e89ccc15576d9a0c476df06ad368415b8
demo_envs/test_unseen_scenes_move_from_board_to_board_vanish/evaluations/octo_board_vanish_uns_20260927_191613/42014.mp4,640408,e96fab1289bf8f2453f9f3d424563b7c0b202291174012604a893eacd4cdf09b
demo_envs/test_unseen_scenes_move_from_board_to_board_vanish/evaluations/octo_board_vanish_uns_20260927_191613/42015.mp4,412818,77cc63b85587ca18ee5b8b296e15899ad0e2168f64c0a27a45981cc2f60d766e
demo_envs/test_unseen_scenes_move_from_board_to_board_vanish/evaluations/octo_board_vanish_uns_20260927_191613/42016.mp4,579347,380eb1fe5d116d95635454a7ac2b5495fbeb0bfc10f0b1e085e2a70fdb47d3c3
demo_envs/test_unseen_scenes_move_from_board_to_board_vanish/evaluations/octo_board_vanish_uns_20260927_191613/42017.mp4,580557,d4015f425586e727218677d7c4bf2cb18fca9f4a6000dcd3ceaac7d85b01cd27
demo_envs/test_unseen_scenes_move_from_board_to_board_vanish/evaluations/octo_board_vanish_uns_20260927_191613/42018.mp4,750717,c65abeb71c7f36854d19e4759d4828d7efee876491b260922a4f7f18d4d7c8b4
demo_envs/test_unseen_scenes_move_from_board_to_board_vanish/evaluations/octo_board_vanish_uns_20260927_191613/42019.mp4,768775,de566e831ab215123faac25fd5e65b78aac634eb4d153b7c1d614594ab2ec099
demo_envs/test_unseen_scenes_move_from_board_to_board_vanish/evaluations/octo_board_vanish_uns_20260927_191613/42020.mp4,744502,ee9a8e9ac46dfeacf9cbe3e253ffaa1db8e9f96939d698c5d9b847320229db1f
demo_envs/test_unseen_scenes_move_from_board_to_board_vanish/evaluations/octo_board_vanish_uns_20260927_191613/42021.mp4,880019,12cd50d38dbb1e5b07a12842284113973510942a597e0127786f3fe2a6ec589a
demo_envs/test_unseen_scenes_move_from_board_to_board_vanish/evaluations/octo_board_vanish_uns_20260927_191613/42022.mp4,790973,8222d8364a792a6ff3b316e2a12b83161ed76f6958b64c6c07a509d4e21e3ab9
demo_envs/test_unseen_scenes_move_from_board_to_board_vanish/evaluations/octo_board_vanish_uns_20260927_191613/42023.mp4,831535,0bfe31db23af8def793b498b9b4197a6c3fa73d18ef46784ca2a4244c7209d0f
demo_envs/test_unseen_scenes_move_from_board_to_board_vanish/evaluations/octo_board_vanish_uns_20260927_191613/42024.mp4,655638,6339c9db4f9a1dafa1329076ea9d20f870c4e91d3b14d53e2472f423caf687c7
demo_envs/test_unseen_scenes_move_from_board_to_board_vanish/evaluations/octo_board_vanish_uns_20260927_191613/42025.mp4,210508,c39d2e1f168d82d7f50b7d9bc31391c0180b7502ad8cd70167e6de1203c7258f
demo_envs/test_unseen_scenes_move_from_board_to_board_vanish/evaluations/octo_board_vanish_uns_20260927_191613/42026.mp4,627064,504e03ac4c7db5109953704c0fb96a5bc0096f326d3dcf6947a146d595517f04
demo_envs/test_unseen_scenes_move_from_board_to_board_vanish/evaluations/octo_board_vanish_uns_20260927_191613/42027.mp4,204828,aafc27a2e884458d500a6270e54752d294ff978e2ee25678c5b6849fa7b39a20
demo_envs/test_unseen_scenes_move_from_board_to_board_vanish/evaluations/octo_board_vanish_uns_20260927_191613/42028.mp4,307304,cd8c93b96420031f2f8b634375b496e718f239da9023d2f60f38d765c427128f
demo_envs/test_unseen_scenes_move_from_board_to_board_vanish/evaluations/octo_board_vanish_uns_20260927_191613/42029.mp4,629114,02259d48d2fd14a0d01642942bf9cdc6cb9e5adfdf0736c433708536b415ea83
demo_envs/test_unseen_scenes_pick_from_floor/evaluations/octo_floor_beans_uns_20260927_191613/20260927_213344.h5,800,26c4d449632ea072317c16e9d4857e419b67e1b7751f81a89a87c8e75fe9484e
demo_envs/test_unseen_scenes_pick_from_floor/evaluations/octo_floor_beans_uns_20260927_191613/20260927_213344.json,1174,9842ac84149eb508d81646a27160c796647cb5a2ed89a2fa828e48ade7d650bb
demo_envs/test_unseen_scenes_pick_from_floor/evaluations/octo_floor_beans_uns_20260927_191613/42000.mp4,776833,5be761c1f415ab967ebff2a9699ac28e9f56de8d45d89f6a0f4f8cdedb411a80
demo_envs/test_unseen_scenes_pick_from_floor/evaluations/octo_floor_beans_uns_20260927_191613/42001.mp4,791609,c507940b75d38bd8244b15526e9065983bcf5da4fb552d56ce9ca7e795e7a38b
demo_envs/test_unseen_scenes_pick_from_floor/evaluations/octo_floor_beans_uns_20260927_191613/42002.mp4,305203,124f7265650b39f9cd1af8940c810f5ee3a4ebfc7a333a26ee4d567c9ecbb40d
demo_envs/test_unseen_scenes_pick_from_floor/evaluations/octo_floor_beans_uns_20260927_191613/42003.mp4,748091,158239eceecf1e6f69af73ccec784b28d64bd085f8752f456198821d2bb45cc3
demo_envs/test_unseen_scenes_pick_from_floor/evaluations/octo_floor_beans_uns_20260927_191613/42004.mp4,155586,a6f7f15b3e72a0363054b5e8b883149df3bd4668ae515d772ee3b0ad85a114d2
demo_envs/test_unseen_scenes_pick_from_floor/evaluations/octo_floor_beans_uns_20260927_191613/42005.mp4,818485,c112c7e8644db36ebd3e01e61007bd6a195b000722a1b2b648d7ca5454d32832
demo_envs/test_unseen_scenes_pick_from_floor/evaluations/octo_floor_beans_uns_20260927_191613/42006.mp4,631616,e0035fefe2f4b8e3d819b8077b8b3042900a554cf7c42296cf83070fadff41a9
demo_envs/test_unseen_scenes_pick_from_floor/evaluations/octo_floor_beans_uns_20260927_191613/42007.mp4,853789,8547589434ead5a4986efa978c07b700d1c73d05d80b17a1e99c43dfbf4e75a7
demo_envs/test_unseen_scenes_pick_from_floor/evaluations/octo_floor_beans_uns_20260927_191613/42008.mp4,671576,ee34d78f4a9732d02945e9376e0ad16794f9704bd1033a952602f3914ef46a0e
demo_envs/test_unseen_scenes_pick_from_floor/evaluations/octo_floor_beans_uns_20260927_191613/42009.mp4,706999,d0b1b3f3d2d358e4bd31c044e9eb2fe6e0db19b0dfffff46bcb2768fe0be9659
demo_envs/test_unseen_scenes_pick_from_floor/evaluations/octo_floor_beans_uns_20260927_191613/42010.mp4,630741,3d7496f4689ba971e71574c396770e7045ea5222932a0e425d721ae60c4af478
demo_envs/test_unseen_scenes_pick_from_floor/evaluations/octo_floor_beans_uns_20260927_191613/42011.mp4,713586,027167f0c18af6eab4fcbfa6ce2360aa5d99857b4477e4239accec476c9624b6
demo_envs/test_unseen_scenes_pick_from_floor/evaluations/octo_floor_beans_uns_20260927_191613/42012.mp4,672999,fb92d9a538d9ae34bebb31bed1ed26fe04976214866257726aff967754d1d103
demo_envs/test_unseen_scenes_pick_from_floor/evaluations/octo_floor_beans_uns_20260927_191613/42013.mp4,602473,1c9ad969b6215da6ad0cf15f20806bb2988ac8f3088c883fe58122a4851dbc99
demo_envs/test_unseen_scenes_pick_from_floor/evaluations/octo_floor_beans_uns_20260927_191613/42014.mp4,688673,8b4d3493fed631a844c95d6ad24a66c1a271cfcdeba34735f62db914868be2fd
demo_envs/test_unseen_scenes_pick_from_floor/evaluations/octo_floor_beans_uns_20260927_191613/42015.mp4,830966,c16a61129b4bbf6e07e2ce9d4a0208761657aa03a1388770a75c18acf3fd66d4
demo_envs/test_unseen_scenes_pick_from_floor/evaluations/octo_floor_beans_uns_20260927_191613/42016.mp4,653415,978b08d7bb011f45c20d40146372084cfca371adc0d1bf9a73ef9d5720f762f0
demo_envs/test_unseen_scenes_pick_from_floor/evaluations/octo_floor_beans_uns_20260927_191613/42017.mp4,658348,9e930e087834bd0cc5bd1d6945053b3f640cf1269eb3ee0842946fcd677a41d8
demo_envs/test_unseen_scenes_pick_from_floor/evaluations/octo_floor_beans_uns_20260927_191613/42018.mp4,755535,0d16d4f4d4f5eeee8ee8971be8c0dd6deca468082b8efb6a3eb490ae083d882a
demo_envs/test_unseen_scenes_pick_from_floor/evaluations/octo_floor_beans_uns_20260927_191613/42019.mp4,535541,752d25c1fac540a7bc5e4d0ac822d0533edaabc9e55f9feefdd8bd9b57fb0761
demo_envs/test_unseen_scenes_pick_from_floor/evaluations/octo_floor_beans_uns_20260927_191613/42020.mp4,728514,c25f6fd4c492cfdc8645716a3ac706dfa1773f84ffeea741f89b93245374d231
demo_envs/test_unseen_scenes_pick_from_floor/evaluations/octo_floor_beans_uns_20260927_191613/42021.mp4,653632,ac27bf9427d968f4d04ae8f9ff182e4fde618569041749c8cd963a88bff92d8b
demo_envs/test_unseen_scenes_pick_from_floor/evaluations/octo_floor_beans_uns_20260927_191613/42022.mp4,687544,161b77e1a82a6e81f81afb86706b055de0536bbfc0f1ebff6ae30c98b134f232
demo_envs/test_unseen_scenes_pick_from_floor/evaluations/octo_floor_beans_uns_20260927_191613/42023.mp4,726972,1fd3bd1cf3a9f3f3043eaac647197e40c47a3f87d70274700ee4e2c41e2ac672
demo_envs/test_unseen_scenes_pick_from_floor/evaluations/octo_floor_beans_uns_20260927_191613/42024.mp4,885952,a4e5e2cadf6995fcd2247e6a3170f5061e298f8dd32ef45c16ff6ae389e20fec
demo_envs/test_unseen_scenes_pick_from_floor/evaluations/octo_floor_beans_uns_20260927_191613/42025.mp4,444445,a913e9d527a94bab8fa2cb291686e65c23343fdb66a9e98b4f3f6ade85178478
demo_envs/test_unseen_scenes_pick_from_floor/evaluations/octo_floor_beans_uns_20260927_191613/42026.mp4,529532,9da6f41a67c5d10f039eb8043c504a690d738c6b3fd6dac88704eeaabf3ca2f9
demo_envs/test_unseen_scenes_pick_from_floor/evaluations/octo_floor_beans_uns_20260927_191613/42027.mp4,530044,d204bac5b301423287a7ed468d478e0138d8e71b0e515ff0bdfcdf01c8f2675d
demo_envs/test_unseen_scenes_pick_from_floor/evaluations/octo_floor_beans_uns_20260927_191613/42028.mp4,835142,b239b9f82a21fc4ad956b14ffed84b6bc26cb772817e7855b6db3d14b256aed0
demo_envs/test_unseen_scenes_pick_from_floor/evaluations/octo_floor_beans_uns_20260927_191613/42029.mp4,622986,5b115f8f96d89ec7694a3bc6a5021a4045970b7189997b3125a8996e7da662ee
demo_envs/test_unseen_scenes_pick_from_floor/evaluations/octo_floor_slam_uns_20260927_191613/20260927_220621.h5,800,26c4d449632ea072317c16e9d4857e419b67e1b7751f81a89a87c8e75fe9484e
demo_envs/test_unseen_scenes_pick_from_floor/evaluations/octo_floor_slam_uns_20260927_191613/20260927_220621.json,1173,c5ddbff9d45b3298a022c71cc7659b7556fb7d914260460d8f71bfedba7fac36
demo_envs/test_unseen_scenes_pick_from_floor/evaluations/octo_floor_slam_uns_20260927_191613/42000.mp4,734172,bd3fffb02d01971c8fa4b8c440b50b1fc5c8335e390663a5653db14a3931180e
demo_envs/test_unseen_scenes_pick_from_floor/evaluations/octo_floor_slam_uns_20260927_191613/42001.mp4,779849,026ce2b57ce33c57a10901f5b48b1d2e5e0176026803ad34cad3d4f64957ecac
demo_envs/test_unseen_scenes_pick_from_floor/evaluations/octo_floor_slam_uns_20260927_191613/42002.mp4,356482,5c44818a3458c88323bfef5f7ff56c8f73f473c883c95e9d7c29ba0f6624da26
demo_envs/test_unseen_scenes_pick_from_floor/evaluations/octo_floor_slam_uns_20260927_191613/42003.mp4,750732,ba31ae21ba09027ff3df48a2711f9473792a2150cafa5af2c2020e6255e7d0bd
demo_envs/test_unseen_scenes_pick_from_floor/evaluations/octo_floor_slam_uns_20260927_191613/42004.mp4,155090,d4c6d83bfd3ecc6923f4dfd2cecb22861a596e08eefdf741c0e28ad8cce6fa63
demo_envs/test_unseen_scenes_pick_from_floor/evaluations/octo_floor_slam_uns_20260927_191613/42005.mp4,811413,52a08bae36eb40becd17f0f61cbb51300249416714f6034ec6d2051dda5c57f0
demo_envs/test_unseen_scenes_pick_from_floor/evaluations/octo_floor_slam_uns_20260927_191613/42006.mp4,722995,51526e005cabd9a30a77a4b4fdfc392206ba4c4651059051faa13c68fdd854fc
demo_envs/test_unseen_scenes_pick_from_floor/evaluations/octo_floor_slam_uns_20260927_191613/42007.mp4,707304,73ffb82a89e97070b59e2a9ac57db9a1da68ef629fbe7e6938ed969199e96bd9
demo_envs/test_unseen_scenes_pick_from_floor/evaluations/octo_floor_slam_uns_20260927_191613/42008.mp4,762775,0db463f88c0b3e3e5bf3d77fab747f3bdf262933e09716de844be5f1661ef963
demo_envs/test_unseen_scenes_pick_from_floor/evaluations/octo_floor_slam_uns_20260927_191613/42009.mp4,809189,7eda3f7e3a5ab9b2180bf9aee7440651ce68fd65e98406cd86f6b0f8a40b32f6
demo_envs/test_unseen_scenes_pick_from_floor/evaluations/octo_floor_slam_uns_20260927_191613/42010.mp4,710173,cafae3d09d8eacf48bf0f07e45605f974e1941814e4b3fb2dae2635e8e96e453
demo_envs/test_unseen_scenes_pick_from_floor/evaluations/octo_floor_slam_uns_20260927_191613/42011.mp4,802547,bfa3f7cdd18bc9251fdc655a3e5478f39616551c8bccfe6f166fcb9a9d1a8e3b
demo_envs/test_unseen_scenes_pick_from_floor/evaluations/octo_floor_slam_uns_20260927_191613/42012.mp4,738328,01c5e7190369904eebb20ae47aad8d1f088a5d7316ba5c6f7ca6c7342938ef12
demo_envs/test_unseen_scenes_pick_from_floor/evaluations/octo_floor_slam_uns_20260927_191613/42013.mp4,656349,cf3f24a1b285f248ab3b717c7d8c23e3e4395e75d902d527508a8b4c073c4f40
demo_envs/test_unseen_scenes_pick_from_floor/evaluations/octo_floor_slam_uns_20260927_191613/42014.mp4,762708,fe00691a68944936097d28927fe5ad3e871336795d8bde63b75ac1f9cba308ba
demo_envs/test_unseen_scenes_pick_from_floor/evaluations/octo_floor_slam_uns_20260927_191613/42015.mp4,867108,f1370670a7e542ab2908a89d72b5894946675caad06afcd5a62dea21fd185c41
demo_envs/test_unseen_scenes_pick_from_floor/evaluations/octo_floor_slam_uns_20260927_191613/42016.mp4,726582,bf6d37a38787b09e4ffca8158e02b6a0bc14b82d3741f67b8bd5cbb8f11a69f1
demo_envs/test_unseen_scenes_pick_from_floor/evaluations/octo_floor_slam_uns_20260927_191613/42017.mp4,647440,887f28fa148f0761f2667fccb24e5cc075057d620cfb9b6fd0ea3ab2378c4795
demo_envs/test_unseen_scenes_pick_from_floor/evaluations/octo_floor_slam_uns_20260927_191613/42018.mp4,745008,f0af7b10b4c301245b099d7a6fbab15177fa6a1610523f83f0f083c973e90dfb
demo_envs/test_unseen_scenes_pick_from_floor/evaluations/octo_floor_slam_uns_20260927_191613/42019.mp4,560346,5226556543bfe75b670f573b908d97e0011927dbfdf7c4c9645449977bb21cc2
demo_envs/test_unseen_scenes_pick_from_floor/evaluations/octo_floor_slam_uns_20260927_191613/42020.mp4,731924,233cd18d989789e8f54b870fa4c4f5aacb015c878494b8d29e9ef6bc54bfe92c
demo_envs/test_unseen_scenes_pick_from_floor/evaluations/octo_floor_slam_uns_20260927_191613/42021.mp4,842750,1e2f1788200749955d892a7ee8d3f977265bbeaa07d2137f1fbb3263c8df4a8c
demo_envs/test_unseen_scenes_pick_from_floor/evaluations/octo_floor_slam_uns_20260927_191613/42022.mp4,759584,ebab175554cbe2f1c02c28c0727896b90f030baa4750011b636c46df272106c8
demo_envs/test_unseen_scenes_pick_from_floor/evaluations/octo_floor_slam_uns_20260927_191613/42023.mp4,824350,aa10b72532f1b324bc421a329d930ae10d425be6bfb4aa1034eadf5bdd80ecf0
demo_envs/test_unseen_scenes_pick_from_floor/evaluations/octo_floor_slam_uns_20260927_191613/42024.mp4,901840,78c648a3f756f81869c63003d3529927121c1b22f92abfae7f11d5ad2a448ee7
demo_envs/test_unseen_scenes_pick_from_floor/evaluations/octo_floor_slam_uns_20260927_191613/42025.mp4,408831,1a5eca7a7b049b9c6f133158bf730e3431b66cffe46aaa3e96063264f127a948
demo_envs/test_unseen_scenes_pick_from_floor/evaluations/octo_floor_slam_uns_20260927_191613/42026.mp4,476026,65101b90b21a5225135b84a90114544a4eb2b1bbb8522ccfe2ce926c2397c490
demo_envs/test_unseen_scenes_pick_from_floor/evaluations/octo_floor_slam_uns_20260927_191613/42027.mp4,579497,177c6899095a51cc5db8151ce77d1defed06c213161971ecb3e5553d28a9bb71
demo_envs/test_unseen_scenes_pick_from_floor/evaluations/octo_floor_slam_uns_20260927_191613/42028.mp4,794267,2328702eb9929c5d7bd89ec0f6544e2359107fe95f34f15eeb6d9d6a51e9ad1e
demo_envs/test_unseen_scenes_pick_from_floor/evaluations/octo_floor_slam_uns_20260927_191613/42029.mp4,606834,433db705d6d381212724c804f2e78514cdd05101d61e1f537854cbcd0b83a23e
