config,task,video_episode_id,success,video_path,source_log
1,board_duff_train,8,0,demo_envs/move_from_board_to_board_duff/evaluations/octo_board_duff_train_20260926_191655/8.mp4,logs/octo_atomic_full_20260927_021655.log
1,board_duff_train,20,0,demo_envs/move_from_board_to_board_duff/evaluations/octo_board_duff_train_20260926_191655/20.mp4,logs/octo_atomic_full_20260927_021655.log
1,board_duff_train,24,0,demo_envs/move_from_board_to_board_duff/evaluations/octo_board_duff_train_20260926_191655/24.mp4,logs/octo_atomic_full_20260927_021655.log
1,board_duff_train,32,0,demo_envs/move_from_board_to_board_duff/evaluations/octo_board_duff_train_20260926_191655/32.mp4,logs/octo_atomic_full_20260927_021655.log
1,board_duff_train,44,0,demo_envs/move_from_board_to_board_duff/evaluations/octo_board_duff_train_20260926_191655/44.mp4,logs/octo_atomic_full_20260927_021655.log
1,board_duff_train,48,0,demo_envs/move_from_board_to_board_duff/evaluations/octo_board_duff_train_20260926_191655/48.mp4,logs/octo_atomic_full_20260927_021655.log
1,board_duff_train,56,0,demo_envs/move_from_board_to_board_duff/evaluations/octo_board_duff_train_20260926_191655/56.mp4,logs/octo_atomic_full_20260927_021655.log
1,board_duff_train,72,0,demo_envs/move_from_board_to_board_duff/evaluations/octo_board_duff_train_20260926_191655/72.mp4,logs/octo_atomic_full_20260927_021655.log
1,board_duff_train,88,0,demo_envs/move_from_board_to_board_duff/evaluations/octo_board_duff_train_20260926_191655/88.mp4,logs/octo_atomic_full_20260927_021655.log
1,board_duff_train,92,0,demo_envs/move_from_board_to_board_duff/evaluations/octo_board_duff_train_20260926_191655/92.mp4,logs/octo_atomic_full_20260927_021655.log
1,board_duff_train,96,0,demo_envs/move_from_board_to_board_duff/evaluations/octo_board_duff_train_20260926_191655/96.mp4,logs/octo_atomic_full_20260927_021655.log
1,board_duff_train,100,0,demo_envs/move_from_board_to_board_duff/evaluations/octo_board_duff_train_20260926_191655/100.mp4,logs/octo_atomic_full_20260927_021655.log
1,board_duff_train,112,0,demo_envs/move_from_board_to_board_duff/evaluations/octo_board_duff_train_20260926_191655/112.mp4,logs/octo_atomic_full_20260927_021655.log
1,board_duff_train,120,0,demo_envs/move_from_board_to_board_duff/evaluations/octo_board_duff_train_20260926_191655/120.mp4,logs/octo_atomic_full_20260927_021655.log
1,board_duff_train,128,0,demo_envs/move_from_board_to_board_duff/evaluations/octo_board_duff_train_20260926_191655/128.mp4,logs/octo_atomic_full_20260927_021655.log
1,board_duff_train,132,0,demo_envs/move_from_board_to_board_duff/evaluations/octo_board_duff_train_20260926_191655/132.mp4,logs/octo_atomic_full_20260927_021655.log
1,board_duff_train,140,0,demo_envs/move_from_board_to_board_duff/evaluations/octo_board_duff_train_20260926_191655/140.mp4,logs/octo_atomic_full_20260927_021655.log
1,board_duff_train,148,0,demo_envs/move_from_board_to_board_duff/evaluations/octo_board_duff_train_20260926_191655/148.mp4,logs/octo_atomic_full_20260927_021655.log
1,board_duff_train,152,0,demo_envs/move_from_board_to_board_duff/evaluations/octo_board_duff_train_20260926_191655/152.mp4,logs/octo_atomic_full_20260927_021655.log
1,board_duff_train,156,0,demo_envs/move_from_board_to_board_duff/evaluations/octo_board_duff_train_20260926_191655/156.mp4,logs/octo_atomic_full_20260927_021655.log
1,board_duff_train,160,0,demo_envs/move_from_board_to_board_duff/evaluations/octo_board_duff_train_20260926_191655/160.mp4,logs/octo_atomic_full_20260927_021655.log
1,board_duff_train,164,0,demo_envs/move_from_board_to_board_duff/evaluations/octo_board_duff_train_20260926_191655/164.mp4,logs/octo_atomic_full_20260927_021655.log
1,board_duff_train,168,0,demo_envs/move_from_board_to_board_duff/evaluations/octo_board_duff_train_20260926_191655/168.mp4,logs/octo_atomic_full_20260927_021655.log
1,board_duff_train,176,0,demo_envs/move_from_board_to_board_duff/evaluations/octo_board_duff_train_20260926_191655/176.mp4,logs/octo_atomic_full_20260927_021655.log
1,board_duff_train,184,0,demo_envs/move_from_board_to_board_duff/evaluations/octo_board_duff_train_20260926_191655/184.mp4,logs/octo_atomic_full_20260927_021655.log
1,board_duff_train,188,0,demo_envs/move_from_board_to_board_duff/evaluations/octo_board_duff_train_20260926_191655/188.mp4,logs/octo_atomic_full_20260927_021655.log
1,board_duff_train,192,0,demo_envs/move_from_board_to_board_duff/evaluations/octo_board_duff_train_20260926_191655/192.mp4,logs/octo_atomic_full_20260927_021655.log
1,board_duff_train,196,0,demo_envs/move_from_board_to_board_duff/evaluations/octo_board_duff_train_20260926_191655/196.mp4,logs/octo_atomic_full_20260927_021655.log
1,board_duff_train,204,0,demo_envs/move_from_board_to_board_duff/evaluations/octo_board_duff_train_20260926_191655/204.mp4,logs/octo_atomic_full_20260927_021655.log
1,board_duff_train,216,0,demo_envs/move_from_board_to_board_duff/evaluations/octo_board_duff_train_20260926_191655/216.mp4,logs/octo_atomic_full_20260927_021655.log
2,board_nestle_train,0,0,demo_envs/move_from_board_to_board_nestle/evaluations/octo_board_nestle_train_20260926_191655/0.mp4,logs/octo_atomic_full_20260927_021655.log
2,board_nestle_train,12,0,demo_envs/move_from_board_to_board_nestle/evaluations/octo_board_nestle_train_20260926_191655/12.mp4,logs/octo_atomic_full_20260927_021655.log
2,board_nestle_train,20,0,demo_envs/move_from_board_to_board_nestle/evaluations/octo_board_nestle_train_20260926_191655/20.mp4,logs/octo_atomic_full_20260927_021655.log
2,board_nestle_train,24,0,demo_envs/move_from_board_to_board_nestle/evaluations/octo_board_nestle_train_20260926_191655/24.mp4,logs/octo_atomic_full_20260927_021655.log
2,board_nestle_train,28,0,demo_envs/move_from_board_to_board_nestle/evaluations/octo_board_nestle_train_20260926_191655/28.mp4,logs/octo_atomic_full_20260927_021655.log
2,board_nestle_train,44,0,demo_envs/move_from_board_to_board_nestle/evaluations/octo_board_nestle_train_20260926_191655/44.mp4,logs/octo_atomic_full_20260927_021655.log
2,board_nestle_train,60,0,demo_envs/move_from_board_to_board_nestle/evaluations/octo_board_nestle_train_20260926_191655/60.mp4,logs/octo_atomic_full_20260927_021655.log
2,board_nestle_train,68,0,demo_envs/move_from_board_to_board_nestle/evaluations/octo_board_nestle_train_20260926_191655/68.mp4,logs/octo_atomic_full_20260927_021655.log
2,board_nestle_train,80,0,demo_envs/move_from_board_to_board_nestle/evaluations/octo_board_nestle_train_20260926_191655/80.mp4,logs/octo_atomic_full_20260927_021655.log
2,board_nestle_train,112,0,demo_envs/move_from_board_to_board_nestle/evaluations/octo_board_nestle_train_20260926_191655/112.mp4,logs/octo_atomic_full_20260927_021655.log
2,board_nestle_train,124,0,demo_envs/move_from_board_to_board_nestle/evaluations/octo_board_nestle_train_20260926_191655/124.mp4,logs/octo_atomic_full_20260927_021655.log
2,board_nestle_train,128,0,demo_envs/move_from_board_to_board_nestle/evaluations/octo_board_nestle_train_20260926_191655/128.mp4,logs/octo_atomic_full_20260927_021655.log
2,board_nestle_train,132,0,demo_envs/move_from_board_to_board_nestle/evaluations/octo_board_nestle_train_20260926_191655/132.mp4,logs/octo_atomic_full_20260927_021655.log
2,board_nestle_train,144,0,demo_envs/move_from_board_to_board_nestle/evaluations/octo_board_nestle_train_20260926_191655/144.mp4,logs/octo_atomic_full_20260927_021655.log
2,board_nestle_train,148,0,demo_envs/move_from_board_to_board_nestle/evaluations/octo_board_nestle_train_20260926_191655/148.mp4,logs/octo_atomic_full_20260927_021655.log
2,board_nestle_train,156,0,demo_envs/move_from_board_to_board_nestle/evaluations/octo_board_nestle_train_20260926_191655/156.mp4,logs/octo_atomic_full_20260927_021655.log
2,board_nestle_train,160,0,demo_envs/move_from_board_to_board_nestle/evaluations/octo_board_nestle_train_20260926_191655/160.mp4,logs/octo_atomic_full_20260927_021655.log
2,board_nestle_train,176,0,demo_envs/move_from_board_to_board_nestle/evaluations/octo_board_nestle_train_20260926_191655/176.mp4,logs/octo_atomic_full_20260927_021655.log
2,board_nestle_train,184,0,demo_envs/move_from_board_to_board_nestle/evaluations/octo_board_nestle_train_20260926_191655/184.mp4,logs/octo_atomic_full_20260927_021655.log
2,board_nestle_train,188,0,demo_envs/move_from_board_to_board_nestle/evaluations/octo_board_nestle_train_20260926_191655/188.mp4,logs/octo_atomic_full_20260927_021655.log
2,board_nestle_train,192,0,demo_envs/move_from_board_to_board_nestle/evaluations/octo_board_nestle_train_20260926_191655/192.mp4,logs/octo_atomic_full_20260927_021655.log
2,board_nestle_train,212,0,demo_envs/move_from_board_to_board_nestle/evaluations/octo_board_nestle_train_20260926_191655/212.mp4,logs/octo_atomic_full_20260927_021655.log
2,board_nestle_train,220,0,demo_envs/move_from_board_to_board_nestle/evaluations/octo_board_nestle_train_20260926_191655/220.mp4,logs/octo_atomic_full_20260927_021655.log
2,board_nestle_train,244,0,demo_envs/move_from_board_to_board_nestle/evaluations/octo_board_nestle_train_20260926_191655/244.mp4,logs/octo_atomic_full_20260927_021655.log
2,board_nestle_train,256,0,demo_envs/move_from_board_to_board_nestle/evaluations/octo_board_nestle_train_20260926_191655/256.mp4,logs/octo_atomic_full_20260927_021655.log
2,board_nestle_train,276,0,demo_envs/move_from_board_to_board_nestle/evaluations/octo_board_nestle_train_20260926_191655/276.mp4,logs/octo_atomic_full_20260927_021655.log
2,board_nestle_train,288,0,demo_envs/move_from_board_to_board_nestle/evaluations/octo_board_nestle_train_20260926_191655/288.mp4,logs/octo_atomic_full_20260927_021655.log
2,board_nestle_train,296,0,demo_envs/move_from_board_to_board_nestle/evaluations/octo_board_nestle_train_20260926_191655/296.mp4,logs/octo_atomic_full_20260927_021655.log
2,board_nestle_train,304,0,demo_envs/move_from_board_to_board_nestle/evaluations/octo_board_nestle_train_20260926_191655/304.mp4,logs/octo_atomic_full_20260927_021655.log
2,board_nestle_train,308,0,demo_envs/move_from_board_to_board_nestle/evaluations/octo_board_nestle_train_20260926_191655/308.mp4,logs/octo_atomic_full_20260927_021655.log
3,board_vanish_train,8,0,demo_envs/move_from_board_to_board_vanish/evaluations/octo_board_vanish_train_20260926_191655/8.mp4,logs/octo_atomic_full_20260927_021655.log
3,board_vanish_train,24,0,demo_envs/move_from_board_to_board_vanish/evaluations/octo_board_vanish_train_20260926_191655/24.mp4,logs/octo_atomic_full_20260927_021655.log
3,board_vanish_train,28,0,demo_envs/move_from_board_to_board_vanish/evaluations/octo_board_vanish_train_20260926_191655/28.mp4,logs/octo_atomic_full_20260927_021655.log
3,board_vanish_train,68,0,demo_envs/move_from_board_to_board_vanish/evaluations/octo_board_vanish_train_20260926_191655/68.mp4,logs/octo_atomic_full_20260927_021655.log
3,board_vanish_train,84,0,demo_envs/move_from_board_to_board_vanish/evaluations/octo_board_vanish_train_20260926_191655/84.mp4,logs/octo_atomic_full_20260927_021655.log
3,board_vanish_train,108,0,demo_envs/move_from_board_to_board_vanish/evaluations/octo_board_vanish_train_20260926_191655/108.mp4,logs/octo_atomic_full_20260927_021655.log
3,board_vanish_train,128,0,demo_envs/move_from_board_to_board_vanish/evaluations/octo_board_vanish_train_20260926_191655/128.mp4,logs/octo_atomic_full_20260927_021655.log
3,board_vanish_train,132,0,demo_envs/move_from_board_to_board_vanish/evaluations/octo_board_vanish_train_20260926_191655/132.mp4,logs/octo_atomic_full_20260927_021655.log
3,board_vanish_train,176,0,demo_envs/move_from_board_to_board_vanish/evaluations/octo_board_vanish_train_20260926_191655/176.mp4,logs/octo_atomic_full_20260927_021655.log
3,board_vanish_train,184,0,demo_envs/move_from_board_to_board_vanish/evaluations/octo_board_vanish_train_20260926_191655/184.mp4,logs/octo_atomic_full_20260927_021655.log
3,board_vanish_train,188,0,demo_envs/move_from_board_to_board_vanish/evaluations/octo_board_vanish_train_20260926_191655/188.mp4,logs/octo_atomic_full_20260927_021655.log
3,board_vanish_train,192,0,demo_envs/move_from_board_to_board_vanish/evaluations/octo_board_vanish_train_20260926_191655/192.mp4,logs/octo_atomic_full_20260927_021655.log
3,board_vanish_train,204,0,demo_envs/move_from_board_to_board_vanish/evaluations/octo_board_vanish_train_20260926_191655/204.mp4,logs/octo_atomic_full_20260927_021655.log
3,board_vanish_train,220,0,demo_envs/move_from_board_to_board_vanish/evaluations/octo_board_vanish_train_20260926_191655/220.mp4,logs/octo_atomic_full_20260927_021655.log
3,board_vanish_train,272,0,demo_envs/move_from_board_to_board_vanish/evaluations/octo_board_vanish_train_20260926_191655/272.mp4,logs/octo_atomic_full_20260927_021655.log
3,board_vanish_train,288,0,demo_envs/move_from_board_to_board_vanish/evaluations/octo_board_vanish_train_20260926_191655/288.mp4,logs/octo_atomic_full_20260927_021655.log
3,board_vanish_train,296,0,demo_envs/move_from_board_to_board_vanish/evaluations/octo_board_vanish_train_20260926_191655/296.mp4,logs/octo_atomic_full_20260927_021655.log
3,board_vanish_train,300,0,demo_envs/move_from_board_to_board_vanish/evaluations/octo_board_vanish_train_20260926_191655/300.mp4,logs/octo_atomic_full_20260927_021655.log
3,board_vanish_train,304,0,demo_envs/move_from_board_to_board_vanish/evaluations/octo_board_vanish_train_20260926_191655/304.mp4,logs/octo_atomic_full_20260927_021655.log
3,board_vanish_train,336,0,demo_envs/move_from_board_to_board_vanish/evaluations/octo_board_vanish_train_20260926_191655/336.mp4,logs/octo_atomic_full_20260927_021655.log
3,board_vanish_train,348,0,demo_envs/move_from_board_to_board_vanish/evaluations/octo_board_vanish_train_20260926_191655/348.mp4,logs/octo_atomic_full_20260927_021655.log
3,board_vanish_train,352,0,demo_envs/move_from_board_to_board_vanish/evaluations/octo_board_vanish_train_20260926_191655/352.mp4,logs/octo_atomic_full_20260927_021655.log
3,board_vanish_train,380,0,demo_envs/move_from_board_to_board_vanish/evaluations/octo_board_vanish_train_20260926_191655/380.mp4,logs/octo_atomic_full_20260927_021655.log
3,board_vanish_train,408,0,demo_envs/move_from_board_to_board_vanish/evaluations/octo_board_vanish_train_20260926_191655/408.mp4,logs/octo_atomic_full_20260927_021655.log
3,board_vanish_train,412,0,demo_envs/move_from_board_to_board_vanish/evaluations/octo_board_vanish_train_20260926_191655/412.mp4,logs/octo_atomic_full_20260927_021655.log
3,board_vanish_train,420,0,demo_envs/move_from_board_to_board_vanish/evaluations/octo_board_vanish_train_20260926_191655/420.mp4,logs/octo_atomic_full_20260927_021655.log
3,board_vanish_train,428,0,demo_envs/move_from_board_to_board_vanish/evaluations/octo_board_vanish_train_20260926_191655/428.mp4,logs/octo_atomic_full_20260927_021655.log
3,board_vanish_train,448,0,demo_envs/move_from_board_to_board_vanish/evaluations/octo_board_vanish_train_20260926_191655/448.mp4,logs/octo_atomic_full_20260927_021655.log
3,board_vanish_train,452,0,demo_envs/move_from_board_to_board_vanish/evaluations/octo_board_vanish_train_20260926_191655/452.mp4,logs/octo_atomic_full_20260927_021655.log
3,board_vanish_train,460,0,demo_envs/move_from_board_to_board_vanish/evaluations/octo_board_vanish_train_20260926_191655/460.mp4,logs/octo_atomic_full_20260927_021655.log
4,open_fridge_train,0,0,demo_envs/open_fridge/evaluations/octo_open_fridge_train_20260926_191655/0.mp4,logs/octo_atomic_full_20260927_021655.log
4,open_fridge_train,4,0,demo_envs/open_fridge/evaluations/octo_open_fridge_train_20260926_191655/4.mp4,logs/octo_atomic_full_20260927_021655.log
4,open_fridge_train,8,0,demo_envs/open_fridge/evaluations/octo_open_fridge_train_20260926_191655/8.mp4,logs/octo_atomic_full_20260927_021655.log
4,open_fridge_train,12,0,demo_envs/open_fridge/evaluations/octo_open_fridge_train_20260926_191655/12.mp4,logs/octo_atomic_full_20260927_021655.log
4,open_fridge_train,16,0,demo_envs/open_fridge/evaluations/octo_open_fridge_train_20260926_191655/16.mp4,logs/octo_atomic_full_20260927_021655.log
4,open_fridge_train,20,0,demo_envs/open_fridge/evaluations/octo_open_fridge_train_20260926_191655/20.mp4,logs/octo_atomic_full_20260927_021655.log
4,open_fridge_train,24,0,demo_envs/open_fridge/evaluations/octo_open_fridge_train_20260926_191655/24.mp4,logs/octo_atomic_full_20260927_021655.log
4,open_fridge_train,28,0,demo_envs/open_fridge/evaluations/octo_open_fridge_train_20260926_191655/28.mp4,logs/octo_atomic_full_20260927_021655.log
4,open_fridge_train,32,0,demo_envs/open_fridge/evaluations/octo_open_fridge_train_20260926_191655/32.mp4,logs/octo_atomic_full_20260927_021655.log
4,open_fridge_train,36,0,demo_envs/open_fridge/evaluations/octo_open_fridge_train_20260926_191655/36.mp4,logs/octo_atomic_full_20260927_021655.log
4,open_fridge_train,40,0,demo_envs/open_fridge/evaluations/octo_open_fridge_train_20260926_191655/40.mp4,logs/octo_atomic_full_20260927_021655.log
4,open_fridge_train,44,0,demo_envs/open_fridge/evaluations/octo_open_fridge_train_20260926_191655/44.mp4,logs/octo_atomic_full_20260927_021655.log
4,open_fridge_train,48,0,demo_envs/open_fridge/evaluations/octo_open_fridge_train_20260926_191655/48.mp4,logs/octo_atomic_full_20260927_021655.log
4,open_fridge_train,52,0,demo_envs/open_fridge/evaluations/octo_open_fridge_train_20260926_191655/52.mp4,logs/octo_atomic_full_20260927_021655.log
4,open_fridge_train,56,0,demo_envs/open_fridge/evaluations/octo_open_fridge_train_20260926_191655/56.mp4,logs/octo_atomic_full_20260927_021655.log
4,open_fridge_train,60,0,demo_envs/open_fridge/evaluations/octo_open_fridge_train_20260926_191655/60.mp4,logs/octo_atomic_full_20260927_021655.log
4,open_fridge_train,64,0,demo_envs/open_fridge/evaluations/octo_open_fridge_train_20260926_191655/64.mp4,logs/octo_atomic_full_20260927_021655.log
4,open_fridge_train,68,0,demo_envs/open_fridge/evaluations/octo_open_fridge_train_20260926_191655/68.mp4,logs/octo_atomic_full_20260927_021655.log
4,open_fridge_train,72,0,demo_envs/open_fridge/evaluations/octo_open_fridge_train_20260926_191655/72.mp4,logs/octo_atomic_full_20260927_021655.log
4,open_fridge_train,76,0,demo_envs/open_fridge/evaluations/octo_open_fridge_train_20260926_191655/76.mp4,logs/octo_atomic_full_20260927_021655.log
4,open_fridge_train,80,0,demo_envs/open_fridge/evaluations/octo_open_fridge_train_20260926_191655/80.mp4,logs/octo_atomic_full_20260927_021655.log
4,open_fridge_train,84,0,demo_envs/open_fridge/evaluations/octo_open_fridge_train_20260926_191655/84.mp4,logs/octo_atomic_full_20260927_021655.log
4,open_fridge_train,88,0,demo_envs/open_fridge/evaluations/octo_open_fridge_train_20260926_191655/88.mp4,logs/octo_atomic_full_20260927_021655.log
4,open_fridge_train,92,0,demo_envs/open_fridge/evaluations/octo_open_fridge_train_20260926_191655/92.mp4,logs/octo_atomic_full_20260927_021655.log
4,open_fridge_train,96,0,demo_envs/open_fridge/evaluations/octo_open_fridge_train_20260926_191655/96.mp4,logs/octo_atomic_full_20260927_021655.log
4,open_fridge_train,100,0,demo_envs/open_fridge/evaluations/octo_open_fridge_train_20260926_191655/100.mp4,logs/octo_atomic_full_20260927_021655.log
4,open_fridge_train,104,0,demo_envs/open_fridge/evaluations/octo_open_fridge_train_20260926_191655/104.mp4,logs/octo_atomic_full_20260927_021655.log
4,open_fridge_train,108,0,demo_envs/open_fridge/evaluations/octo_open_fridge_train_20260926_191655/108.mp4,logs/octo_atomic_full_20260927_021655.log
4,open_fridge_train,112,0,demo_envs/open_fridge/evaluations/octo_open_fridge_train_20260926_191655/112.mp4,logs/octo_atomic_full_20260927_021655.log
4,open_fridge_train,116,0,demo_envs/open_fridge/evaluations/octo_open_fridge_train_20260926_191655/116.mp4,logs/octo_atomic_full_20260927_021655.log
5,close_fridge_train,0,0,demo_envs/close_fridge/evaluations/octo_close_fridge_train_20260926_191655/0.mp4,logs/octo_atomic_full_20260927_021655.log
5,close_fridge_train,4,0,demo_envs/close_fridge/evaluations/octo_close_fridge_train_20260926_191655/4.mp4,logs/octo_atomic_full_20260927_021655.log
5,close_fridge_train,8,0,demo_envs/close_fridge/evaluations/octo_close_fridge_train_20260926_191655/8.mp4,logs/octo_atomic_full_20260927_021655.log
5,close_fridge_train,12,0,demo_envs/close_fridge/evaluations/octo_close_fridge_train_20260926_191655/12.mp4,logs/octo_atomic_full_20260927_021655.log
5,close_fridge_train,16,0,demo_envs/close_fridge/evaluations/octo_close_fridge_train_20260926_191655/16.mp4,logs/octo_atomic_full_20260927_021655.log
5,close_fridge_train,20,0,demo_envs/close_fridge/evaluations/octo_close_fridge_train_20260926_191655/20.mp4,logs/octo_atomic_full_20260927_021655.log
5,close_fridge_train,24,0,demo_envs/close_fridge/evaluations/octo_close_fridge_train_20260926_191655/24.mp4,logs/octo_atomic_full_20260927_021655.log
5,close_fridge_train,28,0,demo_envs/close_fridge/evaluations/octo_close_fridge_train_20260926_191655/28.mp4,logs/octo_atomic_full_20260927_021655.log
5,close_fridge_train,32,0,demo_envs/close_fridge/evaluations/octo_close_fridge_train_20260926_191655/32.mp4,logs/octo_atomic_full_20260927_021655.log
5,close_fridge_train,36,0,demo_envs/close_fridge/evaluations/octo_close_fridge_train_20260926_191655/36.mp4,logs/octo_atomic_full_20260927_021655.log
5,close_fridge_train,40,0,demo_envs/close_fridge/evaluations/octo_close_fridge_train_20260926_191655/40.mp4,logs/octo_atomic_full_20260927_021655.log
5,close_fridge_train,44,0,demo_envs/close_fridge/evaluations/octo_close_fridge_train_20260926_191655/44.mp4,logs/octo_atomic_full_20260927_021655.log
5,close_fridge_train,48,0,demo_envs/close_fridge/evaluations/octo_close_fridge_train_20260926_191655/48.mp4,logs/octo_atomic_full_20260927_021655.log
5,close_fridge_train,52,0,demo_envs/close_fridge/evaluations/octo_close_fridge_train_20260926_191655/52.mp4,logs/octo_atomic_full_20260927_021655.log
5,close_fridge_train,56,0,demo_envs/close_fridge/evaluations/octo_close_fridge_train_20260926_191655/56.mp4,logs/octo_atomic_full_20260927_021655.log
5,close_fridge_train,60,0,demo_envs/close_fridge/evaluations/octo_close_fridge_train_20260926_191655/60.mp4,logs/octo_atomic_full_20260927_021655.log
5,close_fridge_train,64,0,demo_envs/close_fridge/evaluations/octo_close_fridge_train_20260926_191655/64.mp4,logs/octo_atomic_full_20260927_021655.log
5,close_fridge_train,68,0,demo_envs/close_fridge/evaluations/octo_close_fridge_train_20260926_191655/68.mp4,logs/octo_atomic_full_20260927_021655.log
5,close_fridge_train,72,0,demo_envs/close_fridge/evaluations/octo_close_fridge_train_20260926_191655/72.mp4,logs/octo_atomic_full_20260927_021655.log
5,close_fridge_train,76,0,demo_envs/close_fridge/evaluations/octo_close_fridge_train_20260926_191655/76.mp4,logs/octo_atomic_full_20260927_021655.log
5,close_fridge_train,80,0,demo_envs/close_fridge/evaluations/octo_close_fridge_train_20260926_191655/80.mp4,logs/octo_atomic_full_20260927_021655.log
5,close_fridge_train,84,0,demo_envs/close_fridge/evaluations/octo_close_fridge_train_20260926_191655/84.mp4,logs/octo_atomic_full_20260927_021655.log
5,close_fridge_train,88,0,demo_envs/close_fridge/evaluations/octo_close_fridge_train_20260926_191655/88.mp4,logs/octo_atomic_full_20260927_021655.log
5,close_fridge_train,92,0,demo_envs/close_fridge/evaluations/octo_close_fridge_train_20260926_191655/92.mp4,logs/octo_atomic_full_20260927_021655.log
5,close_fridge_train,96,0,demo_envs/close_fridge/evaluations/octo_close_fridge_train_20260926_191655/96.mp4,logs/octo_atomic_full_20260927_021655.log
5,close_fridge_train,100,0,demo_envs/close_fridge/evaluations/octo_close_fridge_train_20260926_191655/100.mp4,logs/octo_atomic_full_20260927_021655.log
5,close_fridge_train,104,0,demo_envs/close_fridge/evaluations/octo_close_fridge_train_20260926_191655/104.mp4,logs/octo_atomic_full_20260927_021655.log
5,close_fridge_train,108,0,demo_envs/close_fridge/evaluations/octo_close_fridge_train_20260926_191655/108.mp4,logs/octo_atomic_full_20260927_021655.log
5,close_fridge_train,112,0,demo_envs/close_fridge/evaluations/octo_close_fridge_train_20260926_191655/112.mp4,logs/octo_atomic_full_20260927_021655.log
5,close_fridge_train,116,0,demo_envs/close_fridge/evaluations/octo_close_fridge_train_20260926_191655/116.mp4,logs/octo_atomic_full_20260927_021655.log
6,open_showcase_train,0,0,demo_envs/open_showcase/evaluations/octo_open_showcase_train_20260926_191655/0.mp4,logs/octo_atomic_full_20260927_021655.log
6,open_showcase_train,8,0,demo_envs/open_showcase/evaluations/octo_open_showcase_train_20260926_191655/8.mp4,logs/octo_atomic_full_20260927_021655.log
6,open_showcase_train,12,0,demo_envs/open_showcase/evaluations/octo_open_showcase_train_20260926_191655/12.mp4,logs/octo_atomic_full_20260927_021655.log
6,open_showcase_train,16,0,demo_envs/open_showcase/evaluations/octo_open_showcase_train_20260926_191655/16.mp4,logs/octo_atomic_full_20260927_021655.log
6,open_showcase_train,20,0,demo_envs/open_showcase/evaluations/octo_open_showcase_train_20260926_191655/20.mp4,logs/octo_atomic_full_20260927_021655.log
6,open_showcase_train,28,0,demo_envs/open_showcase/evaluations/octo_open_showcase_train_20260926_191655/28.mp4,logs/octo_atomic_full_20260927_021655.log
6,open_showcase_train,32,0,demo_envs/open_showcase/evaluations/octo_open_showcase_train_20260926_191655/32.mp4,logs/octo_atomic_full_20260927_021655.log
6,open_showcase_train,36,0,demo_envs/open_showcase/evaluations/octo_open_showcase_train_20260926_191655/36.mp4,logs/octo_atomic_full_20260927_021655.log
6,open_showcase_train,44,0,demo_envs/open_showcase/evaluations/octo_open_showcase_train_20260926_191655/44.mp4,logs/octo_atomic_full_20260927_021655.log
6,open_showcase_train,48,0,demo_envs/open_showcase/evaluations/octo_open_showcase_train_20260926_191655/48.mp4,logs/octo_atomic_full_20260927_021655.log
6,open_showcase_train,52,0,demo_envs/open_showcase/evaluations/octo_open_showcase_train_20260926_191655/52.mp4,logs/octo_atomic_full_20260927_021655.log
6,open_showcase_train,56,0,demo_envs/open_showcase/evaluations/octo_open_showcase_train_20260926_191655/56.mp4,logs/octo_atomic_full_20260927_021655.log
6,open_showcase_train,60,0,demo_envs/open_showcase/evaluations/octo_open_showcase_train_20260926_191655/60.mp4,logs/octo_atomic_full_20260927_021655.log
6,open_showcase_train,64,0,demo_envs/open_showcase/evaluations/octo_open_showcase_train_20260926_191655/64.mp4,logs/octo_atomic_full_20260927_021655.log
6,open_showcase_train,68,0,demo_envs/open_showcase/evaluations/octo_open_showcase_train_20260926_191655/68.mp4,logs/octo_atomic_full_20260927_021655.log
6,open_showcase_train,72,0,demo_envs/open_showcase/evaluations/octo_open_showcase_train_20260926_191655/72.mp4,logs/octo_atomic_full_20260927_021655.log
6,open_showcase_train,76,0,demo_envs/open_showcase/evaluations/octo_open_showcase_train_20260926_191655/76.mp4,logs/octo_atomic_full_20260927_021655.log
6,open_showcase_train,80,0,demo_envs/open_showcase/evaluations/octo_open_showcase_train_20260926_191655/80.mp4,logs/octo_atomic_full_20260927_021655.log
6,open_showcase_train,84,0,demo_envs/open_showcase/evaluations/octo_open_showcase_train_20260926_191655/84.mp4,logs/octo_atomic_full_20260927_021655.log
6,open_showcase_train,88,0,demo_envs/open_showcase/evaluations/octo_open_showcase_train_20260926_191655/88.mp4,logs/octo_atomic_full_20260927_021655.log
6,open_showcase_train,96,0,demo_envs/open_showcase/evaluations/octo_open_showcase_train_20260926_191655/96.mp4,logs/octo_atomic_full_20260927_021655.log
6,open_showcase_train,100,0,demo_envs/open_showcase/evaluations/octo_open_showcase_train_20260926_191655/100.mp4,logs/octo_atomic_full_20260927_021655.log
6,open_showcase_train,104,0,demo_envs/open_showcase/evaluations/octo_open_showcase_train_20260926_191655/104.mp4,logs/octo_atomic_full_20260927_021655.log
6,open_showcase_train,108,0,demo_envs/open_showcase/evaluations/octo_open_showcase_train_20260926_191655/108.mp4,logs/octo_atomic_full_20260927_021655.log
6,open_showcase_train,112,0,demo_envs/open_showcase/evaluations/octo_open_showcase_train_20260926_191655/112.mp4,logs/octo_atomic_full_20260927_021655.log
6,open_showcase_train,116,0,demo_envs/open_showcase/evaluations/octo_open_showcase_train_20260926_191655/116.mp4,logs/octo_atomic_full_20260927_021655.log
6,open_showcase_train,120,0,demo_envs/open_showcase/evaluations/octo_open_showcase_train_20260926_191655/120.mp4,logs/octo_atomic_full_20260927_021655.log
6,open_showcase_train,124,0,demo_envs/open_showcase/evaluations/octo_open_showcase_train_20260926_191655/124.mp4,logs/octo_atomic_full_20260927_021655.log
6,open_showcase_train,128,0,demo_envs/open_showcase/evaluations/octo_open_showcase_train_20260926_191655/128.mp4,logs/octo_atomic_full_20260927_021655.log
6,open_showcase_train,136,0,demo_envs/open_showcase/evaluations/octo_open_showcase_train_20260926_191655/136.mp4,logs/octo_atomic_full_20260927_021655.log
7,close_showcase_train,0,0,demo_envs/close_showcase/evaluations/octo_close_showcase_train_20260926_191655/0.mp4,logs/octo_atomic_full_20260927_021655.log
7,close_showcase_train,8,0,demo_envs/close_showcase/evaluations/octo_close_showcase_train_20260926_191655/8.mp4,logs/octo_atomic_full_20260927_021655.log
7,close_showcase_train,12,0,demo_envs/close_showcase/evaluations/octo_close_showcase_train_20260926_191655/12.mp4,logs/octo_atomic_full_20260927_021655.log
7,close_showcase_train,16,0,demo_envs/close_showcase/evaluations/octo_close_showcase_train_20260926_191655/16.mp4,logs/octo_atomic_full_20260927_021655.log
7,close_showcase_train,20,0,demo_envs/close_showcase/evaluations/octo_close_showcase_train_20260926_191655/20.mp4,logs/octo_atomic_full_20260927_021655.log
7,close_showcase_train,28,0,demo_envs/close_showcase/evaluations/octo_close_showcase_train_20260926_191655/28.mp4,logs/octo_atomic_full_20260927_021655.log
7,close_showcase_train,32,0,demo_envs/close_showcase/evaluations/octo_close_showcase_train_20260926_191655/32.mp4,logs/octo_atomic_full_20260927_021655.log
7,close_showcase_train,36,0,demo_envs/close_showcase/evaluations/octo_close_showcase_train_20260926_191655/36.mp4,logs/octo_atomic_full_20260927_021655.log
7,close_showcase_train,44,0,demo_envs/close_showcase/evaluations/octo_close_showcase_train_20260926_191655/44.mp4,logs/octo_atomic_full_20260927_021655.log
7,close_showcase_train,48,0,demo_envs/close_showcase/evaluations/octo_close_showcase_train_20260926_191655/48.mp4,logs/octo_atomic_full_20260927_021655.log
7,close_showcase_train,52,0,demo_envs/close_showcase/evaluations/octo_close_showcase_train_20260926_191655/52.mp4,logs/octo_atomic_full_20260927_021655.log
7,close_showcase_train,56,0,demo_envs/close_showcase/evaluations/octo_close_showcase_train_20260926_191655/56.mp4,logs/octo_atomic_full_20260927_021655.log
7,close_showcase_train,60,0,demo_envs/close_showcase/evaluations/octo_close_showcase_train_20260926_191655/60.mp4,logs/octo_atomic_full_20260927_021655.log
7,close_showcase_train,64,0,demo_envs/close_showcase/evaluations/octo_close_showcase_train_20260926_191655/64.mp4,logs/octo_atomic_full_20260927_021655.log
7,close_showcase_train,68,0,demo_envs/close_showcase/evaluations/octo_close_showcase_train_20260926_191655/68.mp4,logs/octo_atomic_full_20260927_021655.log
7,close_showcase_train,72,0,demo_envs/close_showcase/evaluations/octo_close_showcase_train_20260926_191655/72.mp4,logs/octo_atomic_full_20260927_021655.log
7,close_showcase_train,76,0,demo_envs/close_showcase/evaluations/octo_close_showcase_train_20260926_191655/76.mp4,logs/octo_atomic_full_20260927_021655.log
7,close_showcase_train,80,0,demo_envs/close_showcase/evaluations/octo_close_showcase_train_20260926_191655/80.mp4,logs/octo_atomic_full_20260927_021655.log
7,close_showcase_train,84,0,demo_envs/close_showcase/evaluations/octo_close_showcase_train_20260926_191655/84.mp4,logs/octo_atomic_full_20260927_021655.log
7,close_showcase_train,88,0,demo_envs/close_showcase/evaluations/octo_close_showcase_train_20260926_191655/88.mp4,logs/octo_atomic_full_20260927_021655.log
7,close_showcase_train,96,0,demo_envs/close_showcase/evaluations/octo_close_showcase_train_20260926_191655/96.mp4,logs/octo_atomic_full_20260927_021655.log
7,close_showcase_train,100,0,demo_envs/close_showcase/evaluations/octo_close_showcase_train_20260926_191655/100.mp4,logs/octo_atomic_full_20260927_021655.log
7,close_showcase_train,104,1,demo_envs/close_showcase/evaluations/octo_close_showcase_train_20260926_191655/104.mp4,logs/octo_atomic_full_20260927_021655.log
7,close_showcase_train,108,0,demo_envs/close_showcase/evaluations/octo_close_showcase_train_20260926_191655/108.mp4,logs/octo_atomic_full_20260927_021655.log
7,close_showcase_train,112,0,demo_envs/close_showcase/evaluations/octo_close_showcase_train_20260926_191655/112.mp4,logs/octo_atomic_full_20260927_021655.log
7,close_showcase_train,116,0,demo_envs/close_showcase/evaluations/octo_close_showcase_train_20260926_191655/116.mp4,logs/octo_atomic_full_20260927_021655.log
7,close_showcase_train,124,0,demo_envs/close_showcase/evaluations/octo_close_showcase_train_20260926_191655/124.mp4,logs/octo_atomic_full_20260927_021655.log
7,close_showcase_train,128,0,demo_envs/close_showcase/evaluations/octo_close_showcase_train_20260926_191655/128.mp4,logs/octo_atomic_full_20260927_021655.log
7,close_showcase_train,132,0,demo_envs/close_showcase/evaluations/octo_close_showcase_train_20260926_191655/132.mp4,logs/octo_atomic_full_20260927_021655.log
7,close_showcase_train,136,0,demo_envs/close_showcase/evaluations/octo_close_showcase_train_20260926_191655/136.mp4,logs/octo_atomic_full_20260927_021655.log
8,floor_beans_train,0,0,demo_envs/pick_from_floor/evaluations/octo_floor_beans_train_20260927_022850/0.mp4,logs/octo_atomic_resume_20260927_092850.log
8,floor_beans_train,8,0,demo_envs/pick_from_floor/evaluations/octo_floor_beans_train_20260927_022850/8.mp4,logs/octo_atomic_resume_20260927_092850.log
8,floor_beans_train,20,0,demo_envs/pick_from_floor/evaluations/octo_floor_beans_train_20260927_022850/20.mp4,logs/octo_atomic_resume_20260927_092850.log
8,floor_beans_train,36,0,demo_envs/pick_from_floor/evaluations/octo_floor_beans_train_20260927_022850/36.mp4,logs/octo_atomic_resume_20260927_092850.log
8,floor_beans_train,40,0,demo_envs/pick_from_floor/evaluations/octo_floor_beans_train_20260927_022850/40.mp4,logs/octo_atomic_resume_20260927_092850.log
8,floor_beans_train,48,0,demo_envs/pick_from_floor/evaluations/octo_floor_beans_train_20260927_022850/48.mp4,logs/octo_atomic_resume_20260927_092850.log
8,floor_beans_train,56,0,demo_envs/pick_from_floor/evaluations/octo_floor_beans_train_20260927_022850/56.mp4,logs/octo_atomic_resume_20260927_092850.log
8,floor_beans_train,64,0,demo_envs/pick_from_floor/evaluations/octo_floor_beans_train_20260927_022850/64.mp4,logs/octo_atomic_resume_20260927_092850.log
8,floor_beans_train,80,0,demo_envs/pick_from_floor/evaluations/octo_floor_beans_train_20260927_022850/80.mp4,logs/octo_atomic_resume_20260927_092850.log
8,floor_beans_train,88,0,demo_envs/pick_from_floor/evaluations/octo_floor_beans_train_20260927_022850/88.mp4,logs/octo_atomic_resume_20260927_092850.log
8,floor_beans_train,96,0,demo_envs/pick_from_floor/evaluations/octo_floor_beans_train_20260927_022850/96.mp4,logs/octo_atomic_resume_20260927_092850.log
8,floor_beans_train,100,0,demo_envs/pick_from_floor/evaluations/octo_floor_beans_train_20260927_022850/100.mp4,logs/octo_atomic_resume_20260927_092850.log
8,floor_beans_train,104,0,demo_envs/pick_from_floor/evaluations/octo_floor_beans_train_20260927_022850/104.mp4,logs/octo_atomic_resume_20260927_092850.log
8,floor_beans_train,108,0,demo_envs/pick_from_floor/evaluations/octo_floor_beans_train_20260927_022850/108.mp4,logs/octo_atomic_resume_20260927_092850.log
8,floor_beans_train,116,0,demo_envs/pick_from_floor/evaluations/octo_floor_beans_train_20260927_022850/116.mp4,logs/octo_atomic_resume_20260927_092850.log
8,floor_beans_train,120,0,demo_envs/pick_from_floor/evaluations/octo_floor_beans_train_20260927_022850/120.mp4,logs/octo_atomic_resume_20260927_092850.log
8,floor_beans_train,124,0,demo_envs/pick_from_floor/evaluations/octo_floor_beans_train_20260927_022850/124.mp4,logs/octo_atomic_resume_20260927_092850.log
8,floor_beans_train,128,0,demo_envs/pick_from_floor/evaluations/octo_floor_beans_train_20260927_022850/128.mp4,logs/octo_atomic_resume_20260927_092850.log
8,floor_beans_train,140,0,demo_envs/pick_from_floor/evaluations/octo_floor_beans_train_20260927_022850/140.mp4,logs/octo_atomic_resume_20260927_092850.log
8,floor_beans_train,152,0,demo_envs/pick_from_floor/evaluations/octo_floor_beans_train_20260927_022850/152.mp4,logs/octo_atomic_resume_20260927_092850.log
8,floor_beans_train,160,0,demo_envs/pick_from_floor/evaluations/octo_floor_beans_train_20260927_022850/160.mp4,logs/octo_atomic_resume_20260927_092850.log
8,floor_beans_train,168,0,demo_envs/pick_from_floor/evaluations/octo_floor_beans_train_20260927_022850/168.mp4,logs/octo_atomic_resume_20260927_092850.log
8,floor_beans_train,172,0,demo_envs/pick_from_floor/evaluations/octo_floor_beans_train_20260927_022850/172.mp4,logs/octo_atomic_resume_20260927_092850.log
8,floor_beans_train,196,0,demo_envs/pick_from_floor/evaluations/octo_floor_beans_train_20260927_022850/196.mp4,logs/octo_atomic_resume_20260927_092850.log
8,floor_beans_train,204,0,demo_envs/pick_from_floor/evaluations/octo_floor_beans_train_20260927_022850/204.mp4,logs/octo_atomic_resume_20260927_092850.log
8,floor_beans_train,208,0,demo_envs/pick_from_floor/evaluations/octo_floor_beans_train_20260927_022850/208.mp4,logs/octo_atomic_resume_20260927_092850.log
8,floor_beans_train,216,0,demo_envs/pick_from_floor/evaluations/octo_floor_beans_train_20260927_022850/216.mp4,logs/octo_atomic_resume_20260927_092850.log
8,floor_beans_train,220,0,demo_envs/pick_from_floor/evaluations/octo_floor_beans_train_20260927_022850/220.mp4,logs/octo_atomic_resume_20260927_092850.log
8,floor_beans_train,224,0,demo_envs/pick_from_floor/evaluations/octo_floor_beans_train_20260927_022850/224.mp4,logs/octo_atomic_resume_20260927_092850.log
8,floor_beans_train,236,0,demo_envs/pick_from_floor/evaluations/octo_floor_beans_train_20260927_022850/236.mp4,logs/octo_atomic_resume_20260927_092850.log
9,floor_slam_train,0,0,demo_envs/pick_from_floor/evaluations/octo_floor_slam_train_20260927_022850/0.mp4,logs/octo_atomic_resume_20260927_092850.log
9,floor_slam_train,8,0,demo_envs/pick_from_floor/evaluations/octo_floor_slam_train_20260927_022850/8.mp4,logs/octo_atomic_resume_20260927_092850.log
9,floor_slam_train,12,0,demo_envs/pick_from_floor/evaluations/octo_floor_slam_train_20260927_022850/12.mp4,logs/octo_atomic_resume_20260927_092850.log
9,floor_slam_train,16,0,demo_envs/pick_from_floor/evaluations/octo_floor_slam_train_20260927_022850/16.mp4,logs/octo_atomic_resume_20260927_092850.log
9,floor_slam_train,28,0,demo_envs/pick_from_floor/evaluations/octo_floor_slam_train_20260927_022850/28.mp4,logs/octo_atomic_resume_20260927_092850.log
9,floor_slam_train,36,0,demo_envs/pick_from_floor/evaluations/octo_floor_slam_train_20260927_022850/36.mp4,logs/octo_atomic_resume_20260927_092850.log
9,floor_slam_train,44,0,demo_envs/pick_from_floor/evaluations/octo_floor_slam_train_20260927_022850/44.mp4,logs/octo_atomic_resume_20260927_092850.log
9,floor_slam_train,48,0,demo_envs/pick_from_floor/evaluations/octo_floor_slam_train_20260927_022850/48.mp4,logs/octo_atomic_resume_20260927_092850.log
9,floor_slam_train,52,0,demo_envs/pick_from_floor/evaluations/octo_floor_slam_train_20260927_022850/52.mp4,logs/octo_atomic_resume_20260927_092850.log
9,floor_slam_train,56,0,demo_envs/pick_from_floor/evaluations/octo_floor_slam_train_20260927_022850/56.mp4,logs/octo_atomic_resume_20260927_092850.log
9,floor_slam_train,68,0,demo_envs/pick_from_floor/evaluations/octo_floor_slam_train_20260927_022850/68.mp4,logs/octo_atomic_resume_20260927_092850.log
9,floor_slam_train,76,0,demo_envs/pick_from_floor/evaluations/octo_floor_slam_train_20260927_022850/76.mp4,logs/octo_atomic_resume_20260927_092850.log
9,floor_slam_train,84,0,demo_envs/pick_from_floor/evaluations/octo_floor_slam_train_20260927_022850/84.mp4,logs/octo_atomic_resume_20260927_092850.log
9,floor_slam_train,88,0,demo_envs/pick_from_floor/evaluations/octo_floor_slam_train_20260927_022850/88.mp4,logs/octo_atomic_resume_20260927_092850.log
9,floor_slam_train,96,0,demo_envs/pick_from_floor/evaluations/octo_floor_slam_train_20260927_022850/96.mp4,logs/octo_atomic_resume_20260927_092850.log
9,floor_slam_train,108,0,demo_envs/pick_from_floor/evaluations/octo_floor_slam_train_20260927_022850/108.mp4,logs/octo_atomic_resume_20260927_092850.log
9,floor_slam_train,112,0,demo_envs/pick_from_floor/evaluations/octo_floor_slam_train_20260927_022850/112.mp4,logs/octo_atomic_resume_20260927_092850.log
9,floor_slam_train,116,0,demo_envs/pick_from_floor/evaluations/octo_floor_slam_train_20260927_022850/116.mp4,logs/octo_atomic_resume_20260927_092850.log
9,floor_slam_train,124,0,demo_envs/pick_from_floor/evaluations/octo_floor_slam_train_20260927_022850/124.mp4,logs/octo_atomic_resume_20260927_092850.log
9,floor_slam_train,128,0,demo_envs/pick_from_floor/evaluations/octo_floor_slam_train_20260927_022850/128.mp4,logs/octo_atomic_resume_20260927_092850.log
9,floor_slam_train,132,0,demo_envs/pick_from_floor/evaluations/octo_floor_slam_train_20260927_022850/132.mp4,logs/octo_atomic_resume_20260927_092850.log
9,floor_slam_train,140,0,demo_envs/pick_from_floor/evaluations/octo_floor_slam_train_20260927_022850/140.mp4,logs/octo_atomic_resume_20260927_092850.log
9,floor_slam_train,144,0,demo_envs/pick_from_floor/evaluations/octo_floor_slam_train_20260927_022850/144.mp4,logs/octo_atomic_resume_20260927_092850.log
9,floor_slam_train,148,0,demo_envs/pick_from_floor/evaluations/octo_floor_slam_train_20260927_022850/148.mp4,logs/octo_atomic_resume_20260927_092850.log
9,floor_slam_train,160,0,demo_envs/pick_from_floor/evaluations/octo_floor_slam_train_20260927_022850/160.mp4,logs/octo_atomic_resume_20260927_092850.log
9,floor_slam_train,168,0,demo_envs/pick_from_floor/evaluations/octo_floor_slam_train_20260927_022850/168.mp4,logs/octo_atomic_resume_20260927_092850.log
9,floor_slam_train,172,0,demo_envs/pick_from_floor/evaluations/octo_floor_slam_train_20260927_022850/172.mp4,logs/octo_atomic_resume_20260927_092850.log
9,floor_slam_train,180,0,demo_envs/pick_from_floor/evaluations/octo_floor_slam_train_20260927_022850/180.mp4,logs/octo_atomic_resume_20260927_092850.log
9,floor_slam_train,184,0,demo_envs/pick_from_floor/evaluations/octo_floor_slam_train_20260927_022850/184.mp4,logs/octo_atomic_resume_20260927_092850.log
9,floor_slam_train,188,0,demo_envs/pick_from_floor/evaluations/octo_floor_slam_train_20260927_022850/188.mp4,logs/octo_atomic_resume_20260927_092850.log
10,basket_fanta_train,4,0,demo_envs/pick_to_basket/evaluations/octo_basket_fanta_train_20260927_022850/4.mp4,logs/octo_atomic_resume_20260927_092850.log
10,basket_fanta_train,8,0,demo_envs/pick_to_basket/evaluations/octo_basket_fanta_train_20260927_022850/8.mp4,logs/octo_atomic_resume_20260927_092850.log
10,basket_fanta_train,12,0,demo_envs/pick_to_basket/evaluations/octo_basket_fanta_train_20260927_022850/12.mp4,logs/octo_atomic_resume_20260927_092850.log
10,basket_fanta_train,16,0,demo_envs/pick_to_basket/evaluations/octo_basket_fanta_train_20260927_022850/16.mp4,logs/octo_atomic_resume_20260927_092850.log
10,basket_fanta_train,20,0,demo_envs/pick_to_basket/evaluations/octo_basket_fanta_train_20260927_022850/20.mp4,logs/octo_atomic_resume_20260927_092850.log
10,basket_fanta_train,24,0,demo_envs/pick_to_basket/evaluations/octo_basket_fanta_train_20260927_022850/24.mp4,logs/octo_atomic_resume_20260927_092850.log
10,basket_fanta_train,28,0,demo_envs/pick_to_basket/evaluations/octo_basket_fanta_train_20260927_022850/28.mp4,logs/octo_atomic_resume_20260927_092850.log
10,basket_fanta_train,32,0,demo_envs/pick_to_basket/evaluations/octo_basket_fanta_train_20260927_022850/32.mp4,logs/octo_atomic_resume_20260927_092850.log
10,basket_fanta_train,36,0,demo_envs/pick_to_basket/evaluations/octo_basket_fanta_train_20260927_022850/36.mp4,logs/octo_atomic_resume_20260927_092850.log
10,basket_fanta_train,40,0,demo_envs/pick_to_basket/evaluations/octo_basket_fanta_train_20260927_022850/40.mp4,logs/octo_atomic_resume_20260927_092850.log
10,basket_fanta_train,44,0,demo_envs/pick_to_basket/evaluations/octo_basket_fanta_train_20260927_022850/44.mp4,logs/octo_atomic_resume_20260927_092850.log
10,basket_fanta_train,52,0,demo_envs/pick_to_basket/evaluations/octo_basket_fanta_train_20260927_022850/52.mp4,logs/octo_atomic_resume_20260927_092850.log
10,basket_fanta_train,56,0,demo_envs/pick_to_basket/evaluations/octo_basket_fanta_train_20260927_022850/56.mp4,logs/octo_atomic_resume_20260927_092850.log
10,basket_fanta_train,72,0,demo_envs/pick_to_basket/evaluations/octo_basket_fanta_train_20260927_022850/72.mp4,logs/octo_atomic_resume_20260927_092850.log
10,basket_fanta_train,76,0,demo_envs/pick_to_basket/evaluations/octo_basket_fanta_train_20260927_022850/76.mp4,logs/octo_atomic_resume_20260927_092850.log
10,basket_fanta_train,80,0,demo_envs/pick_to_basket/evaluations/octo_basket_fanta_train_20260927_022850/80.mp4,logs/octo_atomic_resume_20260927_092850.log
10,basket_fanta_train,88,0,demo_envs/pick_to_basket/evaluations/octo_basket_fanta_train_20260927_022850/88.mp4,logs/octo_atomic_resume_20260927_092850.log
10,basket_fanta_train,96,0,demo_envs/pick_to_basket/evaluations/octo_basket_fanta_train_20260927_022850/96.mp4,logs/octo_atomic_resume_20260927_092850.log
10,basket_fanta_train,100,0,demo_envs/pick_to_basket/evaluations/octo_basket_fanta_train_20260927_022850/100.mp4,logs/octo_atomic_resume_20260927_092850.log
10,basket_fanta_train,104,0,demo_envs/pick_to_basket/evaluations/octo_basket_fanta_train_20260927_022850/104.mp4,logs/octo_atomic_resume_20260927_092850.log
10,basket_fanta_train,108,0,demo_envs/pick_to_basket/evaluations/octo_basket_fanta_train_20260927_022850/108.mp4,logs/octo_atomic_resume_20260927_092850.log
10,basket_fanta_train,116,0,demo_envs/pick_to_basket/evaluations/octo_basket_fanta_train_20260927_022850/116.mp4,logs/octo_atomic_resume_20260927_092850.log
10,basket_fanta_train,120,0,demo_envs/pick_to_basket/evaluations/octo_basket_fanta_train_20260927_022850/120.mp4,logs/octo_atomic_resume_20260927_092850.log
10,basket_fanta_train,124,0,demo_envs/pick_to_basket/evaluations/octo_basket_fanta_train_20260927_022850/124.mp4,logs/octo_atomic_resume_20260927_092850.log
10,basket_fanta_train,128,0,demo_envs/pick_to_basket/evaluations/octo_basket_fanta_train_20260927_022850/128.mp4,logs/octo_atomic_resume_20260927_092850.log
10,basket_fanta_train,132,0,demo_envs/pick_to_basket/evaluations/octo_basket_fanta_train_20260927_022850/132.mp4,logs/octo_atomic_resume_20260927_092850.log
10,basket_fanta_train,136,0,demo_envs/pick_to_basket/evaluations/octo_basket_fanta_train_20260927_022850/136.mp4,logs/octo_atomic_resume_20260927_092850.log
10,basket_fanta_train,140,0,demo_envs/pick_to_basket/evaluations/octo_basket_fanta_train_20260927_022850/140.mp4,logs/octo_atomic_resume_20260927_092850.log
10,basket_fanta_train,148,0,demo_envs/pick_to_basket/evaluations/octo_basket_fanta_train_20260927_022850/148.mp4,logs/octo_atomic_resume_20260927_092850.log
10,basket_fanta_train,152,0,demo_envs/pick_to_basket/evaluations/octo_basket_fanta_train_20260927_022850/152.mp4,logs/octo_atomic_resume_20260927_092850.log
11,basket_nivea_train,0,0,demo_envs/pick_to_basket/evaluations/octo_basket_nivea_train_20260927_022850/0.mp4,logs/octo_atomic_resume_20260927_092850.log
11,basket_nivea_train,4,0,demo_envs/pick_to_basket/evaluations/octo_basket_nivea_train_20260927_022850/4.mp4,logs/octo_atomic_resume_20260927_092850.log
11,basket_nivea_train,8,0,demo_envs/pick_to_basket/evaluations/octo_basket_nivea_train_20260927_022850/8.mp4,logs/octo_atomic_resume_20260927_092850.log
11,basket_nivea_train,12,0,demo_envs/pick_to_basket/evaluations/octo_basket_nivea_train_20260927_022850/12.mp4,logs/octo_atomic_resume_20260927_092850.log
11,basket_nivea_train,20,0,demo_envs/pick_to_basket/evaluations/octo_basket_nivea_train_20260927_022850/20.mp4,logs/octo_atomic_resume_20260927_092850.log
11,basket_nivea_train,24,0,demo_envs/pick_to_basket/evaluations/octo_basket_nivea_train_20260927_022850/24.mp4,logs/octo_atomic_resume_20260927_092850.log
11,basket_nivea_train,32,0,demo_envs/pick_to_basket/evaluations/octo_basket_nivea_train_20260927_022850/32.mp4,logs/octo_atomic_resume_20260927_092850.log
11,basket_nivea_train,36,0,demo_envs/pick_to_basket/evaluations/octo_basket_nivea_train_20260927_022850/36.mp4,logs/octo_atomic_resume_20260927_092850.log
11,basket_nivea_train,40,0,demo_envs/pick_to_basket/evaluations/octo_basket_nivea_train_20260927_022850/40.mp4,logs/octo_atomic_resume_20260927_092850.log
11,basket_nivea_train,44,0,demo_envs/pick_to_basket/evaluations/octo_basket_nivea_train_20260927_022850/44.mp4,logs/octo_atomic_resume_20260927_092850.log
11,basket_nivea_train,48,0,demo_envs/pick_to_basket/evaluations/octo_basket_nivea_train_20260927_022850/48.mp4,logs/octo_atomic_resume_20260927_092850.log
11,basket_nivea_train,52,0,demo_envs/pick_to_basket/evaluations/octo_basket_nivea_train_20260927_022850/52.mp4,logs/octo_atomic_resume_20260927_092850.log
11,basket_nivea_train,56,0,demo_envs/pick_to_basket/evaluations/octo_basket_nivea_train_20260927_022850/56.mp4,logs/octo_atomic_resume_20260927_092850.log
11,basket_nivea_train,60,0,demo_envs/pick_to_basket/evaluations/octo_basket_nivea_train_20260927_022850/60.mp4,logs/octo_atomic_resume_20260927_092850.log
11,basket_nivea_train,64,0,demo_envs/pick_to_basket/evaluations/octo_basket_nivea_train_20260927_022850/64.mp4,logs/octo_atomic_resume_20260927_092850.log
11,basket_nivea_train,72,0,demo_envs/pick_to_basket/evaluations/octo_basket_nivea_train_20260927_022850/72.mp4,logs/octo_atomic_resume_20260927_092850.log
11,basket_nivea_train,80,0,demo_envs/pick_to_basket/evaluations/octo_basket_nivea_train_20260927_022850/80.mp4,logs/octo_atomic_resume_20260927_092850.log
11,basket_nivea_train,84,0,demo_envs/pick_to_basket/evaluations/octo_basket_nivea_train_20260927_022850/84.mp4,logs/octo_atomic_resume_20260927_092850.log
11,basket_nivea_train,88,0,demo_envs/pick_to_basket/evaluations/octo_basket_nivea_train_20260927_022850/88.mp4,logs/octo_atomic_resume_20260927_092850.log
11,basket_nivea_train,92,0,demo_envs/pick_to_basket/evaluations/octo_basket_nivea_train_20260927_022850/92.mp4,logs/octo_atomic_resume_20260927_092850.log
11,basket_nivea_train,96,0,demo_envs/pick_to_basket/evaluations/octo_basket_nivea_train_20260927_022850/96.mp4,logs/octo_atomic_resume_20260927_092850.log
11,basket_nivea_train,100,0,demo_envs/pick_to_basket/evaluations/octo_basket_nivea_train_20260927_022850/100.mp4,logs/octo_atomic_resume_20260927_092850.log
11,basket_nivea_train,108,0,demo_envs/pick_to_basket/evaluations/octo_basket_nivea_train_20260927_022850/108.mp4,logs/octo_atomic_resume_20260927_092850.log
11,basket_nivea_train,116,0,demo_envs/pick_to_basket/evaluations/octo_basket_nivea_train_20260927_022850/116.mp4,logs/octo_atomic_resume_20260927_092850.log
11,basket_nivea_train,120,0,demo_envs/pick_to_basket/evaluations/octo_basket_nivea_train_20260927_022850/120.mp4,logs/octo_atomic_resume_20260927_092850.log
11,basket_nivea_train,124,0,demo_envs/pick_to_basket/evaluations/octo_basket_nivea_train_20260927_022850/124.mp4,logs/octo_atomic_resume_20260927_092850.log
11,basket_nivea_train,128,0,demo_envs/pick_to_basket/evaluations/octo_basket_nivea_train_20260927_022850/128.mp4,logs/octo_atomic_resume_20260927_092850.log
11,basket_nivea_train,132,0,demo_envs/pick_to_basket/evaluations/octo_basket_nivea_train_20260927_022850/132.mp4,logs/octo_atomic_resume_20260927_092850.log
11,basket_nivea_train,136,0,demo_envs/pick_to_basket/evaluations/octo_basket_nivea_train_20260927_022850/136.mp4,logs/octo_atomic_resume_20260927_092850.log
11,basket_nivea_train,140,0,demo_envs/pick_to_basket/evaluations/octo_basket_nivea_train_20260927_022850/140.mp4,logs/octo_atomic_resume_20260927_092850.log
12,basket_stars_train,0,0,demo_envs/pick_to_basket/evaluations/octo_basket_stars_train_20260927_022850/0.mp4,logs/octo_atomic_resume_20260927_092850.log
12,basket_stars_train,4,0,demo_envs/pick_to_basket/evaluations/octo_basket_stars_train_20260927_022850/4.mp4,logs/octo_atomic_resume_20260927_092850.log
12,basket_stars_train,8,0,demo_envs/pick_to_basket/evaluations/octo_basket_stars_train_20260927_022850/8.mp4,logs/octo_atomic_resume_20260927_092850.log
12,basket_stars_train,16,0,demo_envs/pick_to_basket/evaluations/octo_basket_stars_train_20260927_022850/16.mp4,logs/octo_atomic_resume_20260927_092850.log
12,basket_stars_train,20,0,demo_envs/pick_to_basket/evaluations/octo_basket_stars_train_20260927_022850/20.mp4,logs/octo_atomic_resume_20260927_092850.log
12,basket_stars_train,28,0,demo_envs/pick_to_basket/evaluations/octo_basket_stars_train_20260927_022850/28.mp4,logs/octo_atomic_resume_20260927_092850.log
12,basket_stars_train,36,0,demo_envs/pick_to_basket/evaluations/octo_basket_stars_train_20260927_022850/36.mp4,logs/octo_atomic_resume_20260927_092850.log
12,basket_stars_train,40,0,demo_envs/pick_to_basket/evaluations/octo_basket_stars_train_20260927_022850/40.mp4,logs/octo_atomic_resume_20260927_092850.log
12,basket_stars_train,48,0,demo_envs/pick_to_basket/evaluations/octo_basket_stars_train_20260927_022850/48.mp4,logs/octo_atomic_resume_20260927_092850.log
12,basket_stars_train,60,0,demo_envs/pick_to_basket/evaluations/octo_basket_stars_train_20260927_022850/60.mp4,logs/octo_atomic_resume_20260927_092850.log
12,basket_stars_train,68,0,demo_envs/pick_to_basket/evaluations/octo_basket_stars_train_20260927_022850/68.mp4,logs/octo_atomic_resume_20260927_092850.log
12,basket_stars_train,76,0,demo_envs/pick_to_basket/evaluations/octo_basket_stars_train_20260927_022850/76.mp4,logs/octo_atomic_resume_20260927_092850.log
12,basket_stars_train,84,0,demo_envs/pick_to_basket/evaluations/octo_basket_stars_train_20260927_022850/84.mp4,logs/octo_atomic_resume_20260927_092850.log
12,basket_stars_train,88,0,demo_envs/pick_to_basket/evaluations/octo_basket_stars_train_20260927_022850/88.mp4,logs/octo_atomic_resume_20260927_092850.log
12,basket_stars_train,92,0,demo_envs/pick_to_basket/evaluations/octo_basket_stars_train_20260927_022850/92.mp4,logs/octo_atomic_resume_20260927_092850.log
12,basket_stars_train,96,0,demo_envs/pick_to_basket/evaluations/octo_basket_stars_train_20260927_022850/96.mp4,logs/octo_atomic_resume_20260927_092850.log
12,basket_stars_train,104,0,demo_envs/pick_to_basket/evaluations/octo_basket_stars_train_20260927_022850/104.mp4,logs/octo_atomic_resume_20260927_092850.log
12,basket_stars_train,108,0,demo_envs/pick_to_basket/evaluations/octo_basket_stars_train_20260927_022850/108.mp4,logs/octo_atomic_resume_20260927_092850.log
12,basket_stars_train,116,0,demo_envs/pick_to_basket/evaluations/octo_basket_stars_train_20260927_022850/116.mp4,logs/octo_atomic_resume_20260927_092850.log
12,basket_stars_train,120,0,demo_envs/pick_to_basket/evaluations/octo_basket_stars_train_20260927_022850/120.mp4,logs/octo_atomic_resume_20260927_092850.log
12,basket_stars_train,124,0,demo_envs/pick_to_basket/evaluations/octo_basket_stars_train_20260927_022850/124.mp4,logs/octo_atomic_resume_20260927_092850.log
12,basket_stars_train,128,0,demo_envs/pick_to_basket/evaluations/octo_basket_stars_train_20260927_022850/128.mp4,logs/octo_atomic_resume_20260927_092850.log
12,basket_stars_train,132,0,demo_envs/pick_to_basket/evaluations/octo_basket_stars_train_20260927_022850/132.mp4,logs/octo_atomic_resume_20260927_092850.log
12,basket_stars_train,136,0,demo_envs/pick_to_basket/evaluations/octo_basket_stars_train_20260927_022850/136.mp4,logs/octo_atomic_resume_20260927_092850.log
12,basket_stars_train,140,0,demo_envs/pick_to_basket/evaluations/octo_basket_stars_train_20260927_022850/140.mp4,logs/octo_atomic_resume_20260927_092850.log
12,basket_stars_train,144,0,demo_envs/pick_to_basket/evaluations/octo_basket_stars_train_20260927_022850/144.mp4,logs/octo_atomic_resume_20260927_092850.log
12,basket_stars_train,152,0,demo_envs/pick_to_basket/evaluations/octo_basket_stars_train_20260927_022850/152.mp4,logs/octo_atomic_resume_20260927_092850.log
12,basket_stars_train,156,0,demo_envs/pick_to_basket/evaluations/octo_basket_stars_train_20260927_022850/156.mp4,logs/octo_atomic_resume_20260927_092850.log
12,basket_stars_train,160,0,demo_envs/pick_to_basket/evaluations/octo_basket_stars_train_20260927_022850/160.mp4,logs/octo_atomic_resume_20260927_092850.log
12,basket_stars_train,168,0,demo_envs/pick_to_basket/evaluations/octo_basket_stars_train_20260927_022850/168.mp4,logs/octo_atomic_resume_20260927_092850.log
13,board_duff_robo,8,0,demo_envs/move_from_board_to_board_duff/evaluations/octo_board_duff_robo_20260927_022850/8.mp4,logs/octo_atomic_resume_20260927_092850.log
13,board_duff_robo,20,0,demo_envs/move_from_board_to_board_duff/evaluations/octo_board_duff_robo_20260927_022850/20.mp4,logs/octo_atomic_resume_20260927_092850.log
13,board_duff_robo,24,0,demo_envs/move_from_board_to_board_duff/evaluations/octo_board_duff_robo_20260927_022850/24.mp4,logs/octo_atomic_resume_20260927_092850.log
13,board_duff_robo,32,0,demo_envs/move_from_board_to_board_duff/evaluations/octo_board_duff_robo_20260927_022850/32.mp4,logs/octo_atomic_resume_20260927_092850.log
13,board_duff_robo,44,0,demo_envs/move_from_board_to_board_duff/evaluations/octo_board_duff_robo_20260927_022850/44.mp4,logs/octo_atomic_resume_20260927_092850.log
13,board_duff_robo,48,0,demo_envs/move_from_board_to_board_duff/evaluations/octo_board_duff_robo_20260927_022850/48.mp4,logs/octo_atomic_resume_20260927_092850.log
13,board_duff_robo,56,0,demo_envs/move_from_board_to_board_duff/evaluations/octo_board_duff_robo_20260927_022850/56.mp4,logs/octo_atomic_resume_20260927_092850.log
13,board_duff_robo,72,0,demo_envs/move_from_board_to_board_duff/evaluations/octo_board_duff_robo_20260927_022850/72.mp4,logs/octo_atomic_resume_20260927_092850.log
13,board_duff_robo,88,0,demo_envs/move_from_board_to_board_duff/evaluations/octo_board_duff_robo_20260927_022850/88.mp4,logs/octo_atomic_resume_20260927_092850.log
13,board_duff_robo,92,0,demo_envs/move_from_board_to_board_duff/evaluations/octo_board_duff_robo_20260927_022850/92.mp4,logs/octo_atomic_resume_20260927_092850.log
13,board_duff_robo,96,0,demo_envs/move_from_board_to_board_duff/evaluations/octo_board_duff_robo_20260927_022850/96.mp4,logs/octo_atomic_resume_20260927_092850.log
13,board_duff_robo,100,0,demo_envs/move_from_board_to_board_duff/evaluations/octo_board_duff_robo_20260927_022850/100.mp4,logs/octo_atomic_resume_20260927_092850.log
13,board_duff_robo,112,0,demo_envs/move_from_board_to_board_duff/evaluations/octo_board_duff_robo_20260927_022850/112.mp4,logs/octo_atomic_resume_20260927_092850.log
13,board_duff_robo,120,0,demo_envs/move_from_board_to_board_duff/evaluations/octo_board_duff_robo_20260927_022850/120.mp4,logs/octo_atomic_resume_20260927_092850.log
13,board_duff_robo,128,0,demo_envs/move_from_board_to_board_duff/evaluations/octo_board_duff_robo_20260927_022850/128.mp4,logs/octo_atomic_resume_20260927_092850.log
13,board_duff_robo,132,0,demo_envs/move_from_board_to_board_duff/evaluations/octo_board_duff_robo_20260927_022850/132.mp4,logs/octo_atomic_resume_20260927_092850.log
13,board_duff_robo,140,0,demo_envs/move_from_board_to_board_duff/evaluations/octo_board_duff_robo_20260927_022850/140.mp4,logs/octo_atomic_resume_20260927_092850.log
13,board_duff_robo,148,0,demo_envs/move_from_board_to_board_duff/evaluations/octo_board_duff_robo_20260927_022850/148.mp4,logs/octo_atomic_resume_20260927_092850.log
13,board_duff_robo,152,0,demo_envs/move_from_board_to_board_duff/evaluations/octo_board_duff_robo_20260927_022850/152.mp4,logs/octo_atomic_resume_20260927_092850.log
13,board_duff_robo,156,0,demo_envs/move_from_board_to_board_duff/evaluations/octo_board_duff_robo_20260927_022850/156.mp4,logs/octo_atomic_resume_20260927_092850.log
13,board_duff_robo,160,0,demo_envs/move_from_board_to_board_duff/evaluations/octo_board_duff_robo_20260927_022850/160.mp4,logs/octo_atomic_resume_20260927_092850.log
13,board_duff_robo,164,0,demo_envs/move_from_board_to_board_duff/evaluations/octo_board_duff_robo_20260927_022850/164.mp4,logs/octo_atomic_resume_20260927_092850.log
13,board_duff_robo,168,0,demo_envs/move_from_board_to_board_duff/evaluations/octo_board_duff_robo_20260927_022850/168.mp4,logs/octo_atomic_resume_20260927_092850.log
13,board_duff_robo,176,0,demo_envs/move_from_board_to_board_duff/evaluations/octo_board_duff_robo_20260927_022850/176.mp4,logs/octo_atomic_resume_20260927_092850.log
13,board_duff_robo,184,0,demo_envs/move_from_board_to_board_duff/evaluations/octo_board_duff_robo_20260927_022850/184.mp4,logs/octo_atomic_resume_20260927_092850.log
13,board_duff_robo,188,0,demo_envs/move_from_board_to_board_duff/evaluations/octo_board_duff_robo_20260927_022850/188.mp4,logs/octo_atomic_resume_20260927_092850.log
13,board_duff_robo,192,0,demo_envs/move_from_board_to_board_duff/evaluations/octo_board_duff_robo_20260927_022850/192.mp4,logs/octo_atomic_resume_20260927_092850.log
13,board_duff_robo,196,0,demo_envs/move_from_board_to_board_duff/evaluations/octo_board_duff_robo_20260927_022850/196.mp4,logs/octo_atomic_resume_20260927_092850.log
13,board_duff_robo,204,0,demo_envs/move_from_board_to_board_duff/evaluations/octo_board_duff_robo_20260927_022850/204.mp4,logs/octo_atomic_resume_20260927_092850.log
13,board_duff_robo,216,0,demo_envs/move_from_board_to_board_duff/evaluations/octo_board_duff_robo_20260927_022850/216.mp4,logs/octo_atomic_resume_20260927_092850.log
14,board_nestle_robo,0,0,demo_envs/move_from_board_to_board_nestle/evaluations/octo_board_nestle_robo_20260927_022850/0.mp4,logs/octo_atomic_resume_20260927_092850.log
14,board_nestle_robo,12,0,demo_envs/move_from_board_to_board_nestle/evaluations/octo_board_nestle_robo_20260927_022850/12.mp4,logs/octo_atomic_resume_20260927_092850.log
14,board_nestle_robo,20,0,demo_envs/move_from_board_to_board_nestle/evaluations/octo_board_nestle_robo_20260927_022850/20.mp4,logs/octo_atomic_resume_20260927_092850.log
14,board_nestle_robo,24,0,demo_envs/move_from_board_to_board_nestle/evaluations/octo_board_nestle_robo_20260927_022850/24.mp4,logs/octo_atomic_resume_20260927_092850.log
14,board_nestle_robo,28,0,demo_envs/move_from_board_to_board_nestle/evaluations/octo_board_nestle_robo_20260927_022850/28.mp4,logs/octo_atomic_resume_20260927_092850.log
14,board_nestle_robo,44,0,demo_envs/move_from_board_to_board_nestle/evaluations/octo_board_nestle_robo_20260927_022850/44.mp4,logs/octo_atomic_resume_20260927_092850.log
14,board_nestle_robo,60,0,demo_envs/move_from_board_to_board_nestle/evaluations/octo_board_nestle_robo_20260927_022850/60.mp4,logs/octo_atomic_resume_20260927_092850.log
14,board_nestle_robo,68,0,demo_envs/move_from_board_to_board_nestle/evaluations/octo_board_nestle_robo_20260927_022850/68.mp4,logs/octo_atomic_resume_20260927_092850.log
14,board_nestle_robo,80,0,demo_envs/move_from_board_to_board_nestle/evaluations/octo_board_nestle_robo_20260927_022850/80.mp4,logs/octo_atomic_resume_20260927_092850.log
14,board_nestle_robo,112,0,demo_envs/move_from_board_to_board_nestle/evaluations/octo_board_nestle_robo_20260927_022850/112.mp4,logs/octo_atomic_resume_20260927_092850.log
14,board_nestle_robo,124,0,demo_envs/move_from_board_to_board_nestle/evaluations/octo_board_nestle_robo_20260927_022850/124.mp4,logs/octo_atomic_resume_20260927_092850.log
14,board_nestle_robo,128,0,demo_envs/move_from_board_to_board_nestle/evaluations/octo_board_nestle_robo_20260927_022850/128.mp4,logs/octo_atomic_resume_20260927_092850.log
14,board_nestle_robo,132,0,demo_envs/move_from_board_to_board_nestle/evaluations/octo_board_nestle_robo_20260927_022850/132.mp4,logs/octo_atomic_resume_20260927_092850.log
14,board_nestle_robo,144,0,demo_envs/move_from_board_to_board_nestle/evaluations/octo_board_nestle_robo_20260927_022850/144.mp4,logs/octo_atomic_resume_20260927_092850.log
14,board_nestle_robo,148,0,demo_envs/move_from_board_to_board_nestle/evaluations/octo_board_nestle_robo_20260927_022850/148.mp4,logs/octo_atomic_resume_20260927_092850.log
14,board_nestle_robo,156,0,demo_envs/move_from_board_to_board_nestle/evaluations/octo_board_nestle_robo_20260927_022850/156.mp4,logs/octo_atomic_resume_20260927_092850.log
14,board_nestle_robo,160,0,demo_envs/move_from_board_to_board_nestle/evaluations/octo_board_nestle_robo_20260927_022850/160.mp4,logs/octo_atomic_resume_20260927_092850.log
14,board_nestle_robo,176,0,demo_envs/move_from_board_to_board_nestle/evaluations/octo_board_nestle_robo_20260927_022850/176.mp4,logs/octo_atomic_resume_20260927_092850.log
14,board_nestle_robo,184,0,demo_envs/move_from_board_to_board_nestle/evaluations/octo_board_nestle_robo_20260927_022850/184.mp4,logs/octo_atomic_resume_20260927_092850.log
14,board_nestle_robo,188,0,demo_envs/move_from_board_to_board_nestle/evaluations/octo_board_nestle_robo_20260927_022850/188.mp4,logs/octo_atomic_resume_20260927_092850.log
14,board_nestle_robo,192,0,demo_envs/move_from_board_to_board_nestle/evaluations/octo_board_nestle_robo_20260927_022850/192.mp4,logs/octo_atomic_resume_20260927_092850.log
14,board_nestle_robo,212,0,demo_envs/move_from_board_to_board_nestle/evaluations/octo_board_nestle_robo_20260927_022850/212.mp4,logs/octo_atomic_resume_20260927_092850.log
14,board_nestle_robo,220,0,demo_envs/move_from_board_to_board_nestle/evaluations/octo_board_nestle_robo_20260927_022850/220.mp4,logs/octo_atomic_resume_20260927_092850.log
14,board_nestle_robo,244,0,demo_envs/move_from_board_to_board_nestle/evaluations/octo_board_nestle_robo_20260927_022850/244.mp4,logs/octo_atomic_resume_20260927_092850.log
14,board_nestle_robo,256,0,demo_envs/move_from_board_to_board_nestle/evaluations/octo_board_nestle_robo_20260927_022850/256.mp4,logs/octo_atomic_resume_20260927_092850.log
14,board_nestle_robo,276,0,demo_envs/move_from_board_to_board_nestle/evaluations/octo_board_nestle_robo_20260927_022850/276.mp4,logs/octo_atomic_resume_20260927_092850.log
14,board_nestle_robo,288,0,demo_envs/move_from_board_to_board_nestle/evaluations/octo_board_nestle_robo_20260927_022850/288.mp4,logs/octo_atomic_resume_20260927_092850.log
14,board_nestle_robo,296,0,demo_envs/move_from_board_to_board_nestle/evaluations/octo_board_nestle_robo_20260927_022850/296.mp4,logs/octo_atomic_resume_20260927_092850.log
14,board_nestle_robo,304,0,demo_envs/move_from_board_to_board_nestle/evaluations/octo_board_nestle_robo_20260927_022850/304.mp4,logs/octo_atomic_resume_20260927_092850.log
14,board_nestle_robo,308,0,demo_envs/move_from_board_to_board_nestle/evaluations/octo_board_nestle_robo_20260927_022850/308.mp4,logs/octo_atomic_resume_20260927_092850.log
15,board_vanish_robo,8,0,demo_envs/move_from_board_to_board_vanish/evaluations/octo_board_vanish_robo_20260927_022850/8.mp4,logs/octo_atomic_resume_20260927_092850.log
15,board_vanish_robo,24,0,demo_envs/move_from_board_to_board_vanish/evaluations/octo_board_vanish_robo_20260927_022850/24.mp4,logs/octo_atomic_resume_20260927_092850.log
15,board_vanish_robo,28,0,demo_envs/move_from_board_to_board_vanish/evaluations/octo_board_vanish_robo_20260927_022850/28.mp4,logs/octo_atomic_resume_20260927_092850.log
15,board_vanish_robo,68,0,demo_envs/move_from_board_to_board_vanish/evaluations/octo_board_vanish_robo_20260927_022850/68.mp4,logs/octo_atomic_resume_20260927_092850.log
15,board_vanish_robo,84,0,demo_envs/move_from_board_to_board_vanish/evaluations/octo_board_vanish_robo_20260927_022850/84.mp4,logs/octo_atomic_resume_20260927_092850.log
15,board_vanish_robo,108,0,demo_envs/move_from_board_to_board_vanish/evaluations/octo_board_vanish_robo_20260927_022850/108.mp4,logs/octo_atomic_resume_20260927_092850.log
15,board_vanish_robo,128,0,demo_envs/move_from_board_to_board_vanish/evaluations/octo_board_vanish_robo_20260927_022850/128.mp4,logs/octo_atomic_resume_20260927_092850.log
15,board_vanish_robo,132,0,demo_envs/move_from_board_to_board_vanish/evaluations/octo_board_vanish_robo_20260927_022850/132.mp4,logs/octo_atomic_resume_20260927_092850.log
15,board_vanish_robo,176,0,demo_envs/move_from_board_to_board_vanish/evaluations/octo_board_vanish_robo_20260927_022850/176.mp4,logs/octo_atomic_resume_20260927_092850.log
15,board_vanish_robo,184,0,demo_envs/move_from_board_to_board_vanish/evaluations/octo_board_vanish_robo_20260927_022850/184.mp4,logs/octo_atomic_resume_20260927_092850.log
15,board_vanish_robo,188,0,demo_envs/move_from_board_to_board_vanish/evaluations/octo_board_vanish_robo_20260927_022850/188.mp4,logs/octo_atomic_resume_20260927_092850.log
15,board_vanish_robo,192,0,demo_envs/move_from_board_to_board_vanish/evaluations/octo_board_vanish_robo_20260927_022850/192.mp4,logs/octo_atomic_resume_20260927_092850.log
15,board_vanish_robo,204,0,demo_envs/move_from_board_to_board_vanish/evaluations/octo_board_vanish_robo_20260927_022850/204.mp4,logs/octo_atomic_resume_20260927_092850.log
15,board_vanish_robo,220,0,demo_envs/move_from_board_to_board_vanish/evaluations/octo_board_vanish_robo_20260927_022850/220.mp4,logs/octo_atomic_resume_20260927_092850.log
15,board_vanish_robo,272,0,demo_envs/move_from_board_to_board_vanish/evaluations/octo_board_vanish_robo_20260927_022850/272.mp4,logs/octo_atomic_resume_20260927_092850.log
15,board_vanish_robo,288,0,demo_envs/move_from_board_to_board_vanish/evaluations/octo_board_vanish_robo_20260927_022850/288.mp4,logs/octo_atomic_resume_20260927_092850.log
15,board_vanish_robo,296,0,demo_envs/move_from_board_to_board_vanish/evaluations/octo_board_vanish_robo_20260927_022850/296.mp4,logs/octo_atomic_resume_20260927_092850.log
15,board_vanish_robo,300,0,demo_envs/move_from_board_to_board_vanish/evaluations/octo_board_vanish_robo_20260927_022850/300.mp4,logs/octo_atomic_resume_20260927_092850.log
15,board_vanish_robo,304,0,demo_envs/move_from_board_to_board_vanish/evaluations/octo_board_vanish_robo_20260927_022850/304.mp4,logs/octo_atomic_resume_20260927_092850.log
15,board_vanish_robo,336,0,demo_envs/move_from_board_to_board_vanish/evaluations/octo_board_vanish_robo_20260927_022850/336.mp4,logs/octo_atomic_resume_20260927_092850.log
15,board_vanish_robo,348,0,demo_envs/move_from_board_to_board_vanish/evaluations/octo_board_vanish_robo_20260927_022850/348.mp4,logs/octo_atomic_resume_20260927_092850.log
15,board_vanish_robo,352,0,demo_envs/move_from_board_to_board_vanish/evaluations/octo_board_vanish_robo_20260927_022850/352.mp4,logs/octo_atomic_resume_20260927_092850.log
15,board_vanish_robo,380,0,demo_envs/move_from_board_to_board_vanish/evaluations/octo_board_vanish_robo_20260927_022850/380.mp4,logs/octo_atomic_resume_20260927_092850.log
15,board_vanish_robo,408,0,demo_envs/move_from_board_to_board_vanish/evaluations/octo_board_vanish_robo_20260927_022850/408.mp4,logs/octo_atomic_resume_20260927_092850.log
15,board_vanish_robo,412,0,demo_envs/move_from_board_to_board_vanish/evaluations/octo_board_vanish_robo_20260927_022850/412.mp4,logs/octo_atomic_resume_20260927_092850.log
15,board_vanish_robo,420,0,demo_envs/move_from_board_to_board_vanish/evaluations/octo_board_vanish_robo_20260927_022850/420.mp4,logs/octo_atomic_resume_20260927_092850.log
15,board_vanish_robo,428,0,demo_envs/move_from_board_to_board_vanish/evaluations/octo_board_vanish_robo_20260927_022850/428.mp4,logs/octo_atomic_resume_20260927_092850.log
15,board_vanish_robo,448,0,demo_envs/move_from_board_to_board_vanish/evaluations/octo_board_vanish_robo_20260927_022850/448.mp4,logs/octo_atomic_resume_20260927_092850.log
15,board_vanish_robo,452,0,demo_envs/move_from_board_to_board_vanish/evaluations/octo_board_vanish_robo_20260927_022850/452.mp4,logs/octo_atomic_resume_20260927_092850.log
15,board_vanish_robo,460,0,demo_envs/move_from_board_to_board_vanish/evaluations/octo_board_vanish_robo_20260927_022850/460.mp4,logs/octo_atomic_resume_20260927_092850.log
16,open_fridge_robo,0,0,demo_envs/open_fridge/evaluations/octo_open_fridge_robo_20260927_022850/0.mp4,logs/octo_atomic_resume_20260927_092850.log
16,open_fridge_robo,4,0,demo_envs/open_fridge/evaluations/octo_open_fridge_robo_20260927_022850/4.mp4,logs/octo_atomic_resume_20260927_092850.log
16,open_fridge_robo,8,0,demo_envs/open_fridge/evaluations/octo_open_fridge_robo_20260927_022850/8.mp4,logs/octo_atomic_resume_20260927_092850.log
16,open_fridge_robo,12,0,demo_envs/open_fridge/evaluations/octo_open_fridge_robo_20260927_022850/12.mp4,logs/octo_atomic_resume_20260927_092850.log
16,open_fridge_robo,16,0,demo_envs/open_fridge/evaluations/octo_open_fridge_robo_20260927_022850/16.mp4,logs/octo_atomic_resume_20260927_092850.log
16,open_fridge_robo,20,0,demo_envs/open_fridge/evaluations/octo_open_fridge_robo_20260927_022850/20.mp4,logs/octo_atomic_resume_20260927_092850.log
16,open_fridge_robo,24,0,demo_envs/open_fridge/evaluations/octo_open_fridge_robo_20260927_022850/24.mp4,logs/octo_atomic_resume_20260927_092850.log
16,open_fridge_robo,28,0,demo_envs/open_fridge/evaluations/octo_open_fridge_robo_20260927_022850/28.mp4,logs/octo_atomic_resume_20260927_092850.log
16,open_fridge_robo,32,0,demo_envs/open_fridge/evaluations/octo_open_fridge_robo_20260927_022850/32.mp4,logs/octo_atomic_resume_20260927_092850.log
16,open_fridge_robo,36,0,demo_envs/open_fridge/evaluations/octo_open_fridge_robo_20260927_022850/36.mp4,logs/octo_atomic_resume_20260927_092850.log
16,open_fridge_robo,40,0,demo_envs/open_fridge/evaluations/octo_open_fridge_robo_20260927_022850/40.mp4,logs/octo_atomic_resume_20260927_092850.log
16,open_fridge_robo,44,0,demo_envs/open_fridge/evaluations/octo_open_fridge_robo_20260927_022850/44.mp4,logs/octo_atomic_resume_20260927_092850.log
16,open_fridge_robo,48,0,demo_envs/open_fridge/evaluations/octo_open_fridge_robo_20260927_022850/48.mp4,logs/octo_atomic_resume_20260927_092850.log
16,open_fridge_robo,52,0,demo_envs/open_fridge/evaluations/octo_open_fridge_robo_20260927_022850/52.mp4,logs/octo_atomic_resume_20260927_092850.log
16,open_fridge_robo,56,0,demo_envs/open_fridge/evaluations/octo_open_fridge_robo_20260927_022850/56.mp4,logs/octo_atomic_resume_20260927_092850.log
16,open_fridge_robo,60,0,demo_envs/open_fridge/evaluations/octo_open_fridge_robo_20260927_022850/60.mp4,logs/octo_atomic_resume_20260927_092850.log
16,open_fridge_robo,64,0,demo_envs/open_fridge/evaluations/octo_open_fridge_robo_20260927_022850/64.mp4,logs/octo_atomic_resume_20260927_092850.log
16,open_fridge_robo,68,0,demo_envs/open_fridge/evaluations/octo_open_fridge_robo_20260927_022850/68.mp4,logs/octo_atomic_resume_20260927_092850.log
16,open_fridge_robo,72,0,demo_envs/open_fridge/evaluations/octo_open_fridge_robo_20260927_022850/72.mp4,logs/octo_atomic_resume_20260927_092850.log
16,open_fridge_robo,76,0,demo_envs/open_fridge/evaluations/octo_open_fridge_robo_20260927_022850/76.mp4,logs/octo_atomic_resume_20260927_092850.log
16,open_fridge_robo,80,0,demo_envs/open_fridge/evaluations/octo_open_fridge_robo_20260927_022850/80.mp4,logs/octo_atomic_resume_20260927_092850.log
16,open_fridge_robo,84,0,demo_envs/open_fridge/evaluations/octo_open_fridge_robo_20260927_022850/84.mp4,logs/octo_atomic_resume_20260927_092850.log
16,open_fridge_robo,88,0,demo_envs/open_fridge/evaluations/octo_open_fridge_robo_20260927_022850/88.mp4,logs/octo_atomic_resume_20260927_092850.log
16,open_fridge_robo,92,0,demo_envs/open_fridge/evaluations/octo_open_fridge_robo_20260927_022850/92.mp4,logs/octo_atomic_resume_20260927_092850.log
16,open_fridge_robo,96,0,demo_envs/open_fridge/evaluations/octo_open_fridge_robo_20260927_022850/96.mp4,logs/octo_atomic_resume_20260927_092850.log
16,open_fridge_robo,100,0,demo_envs/open_fridge/evaluations/octo_open_fridge_robo_20260927_022850/100.mp4,logs/octo_atomic_resume_20260927_092850.log
16,open_fridge_robo,104,0,demo_envs/open_fridge/evaluations/octo_open_fridge_robo_20260927_022850/104.mp4,logs/octo_atomic_resume_20260927_092850.log
16,open_fridge_robo,108,0,demo_envs/open_fridge/evaluations/octo_open_fridge_robo_20260927_022850/108.mp4,logs/octo_atomic_resume_20260927_092850.log
16,open_fridge_robo,112,0,demo_envs/open_fridge/evaluations/octo_open_fridge_robo_20260927_022850/112.mp4,logs/octo_atomic_resume_20260927_092850.log
16,open_fridge_robo,116,0,demo_envs/open_fridge/evaluations/octo_open_fridge_robo_20260927_022850/116.mp4,logs/octo_atomic_resume_20260927_092850.log
17,close_fridge_robo,0,0,demo_envs/close_fridge/evaluations/octo_close_fridge_robo_20260927_183647/0.mp4,logs/octo_atomic_resume2_20260928_013647.log
17,close_fridge_robo,4,0,demo_envs/close_fridge/evaluations/octo_close_fridge_robo_20260927_183647/4.mp4,logs/octo_atomic_resume2_20260928_013647.log
17,close_fridge_robo,8,0,demo_envs/close_fridge/evaluations/octo_close_fridge_robo_20260927_183647/8.mp4,logs/octo_atomic_resume2_20260928_013647.log
17,close_fridge_robo,12,0,demo_envs/close_fridge/evaluations/octo_close_fridge_robo_20260927_183647/12.mp4,logs/octo_atomic_resume2_20260928_013647.log
17,close_fridge_robo,16,0,demo_envs/close_fridge/evaluations/octo_close_fridge_robo_20260927_183647/16.mp4,logs/octo_atomic_resume2_20260928_013647.log
17,close_fridge_robo,20,0,demo_envs/close_fridge/evaluations/octo_close_fridge_robo_20260927_183647/20.mp4,logs/octo_atomic_resume2_20260928_013647.log
17,close_fridge_robo,24,0,demo_envs/close_fridge/evaluations/octo_close_fridge_robo_20260927_183647/24.mp4,logs/octo_atomic_resume2_20260928_013647.log
17,close_fridge_robo,28,0,demo_envs/close_fridge/evaluations/octo_close_fridge_robo_20260927_183647/28.mp4,logs/octo_atomic_resume2_20260928_013647.log
17,close_fridge_robo,32,0,demo_envs/close_fridge/evaluations/octo_close_fridge_robo_20260927_183647/32.mp4,logs/octo_atomic_resume2_20260928_013647.log
17,close_fridge_robo,36,0,demo_envs/close_fridge/evaluations/octo_close_fridge_robo_20260927_183647/36.mp4,logs/octo_atomic_resume2_20260928_013647.log
17,close_fridge_robo,40,0,demo_envs/close_fridge/evaluations/octo_close_fridge_robo_20260927_183647/40.mp4,logs/octo_atomic_resume2_20260928_013647.log
17,close_fridge_robo,44,0,demo_envs/close_fridge/evaluations/octo_close_fridge_robo_20260927_183647/44.mp4,logs/octo_atomic_resume2_20260928_013647.log
17,close_fridge_robo,48,0,demo_envs/close_fridge/evaluations/octo_close_fridge_robo_20260927_183647/48.mp4,logs/octo_atomic_resume2_20260928_013647.log
17,close_fridge_robo,52,0,demo_envs/close_fridge/evaluations/octo_close_fridge_robo_20260927_183647/52.mp4,logs/octo_atomic_resume2_20260928_013647.log
17,close_fridge_robo,56,0,demo_envs/close_fridge/evaluations/octo_close_fridge_robo_20260927_183647/56.mp4,logs/octo_atomic_resume2_20260928_013647.log
17,close_fridge_robo,60,0,demo_envs/close_fridge/evaluations/octo_close_fridge_robo_20260927_183647/60.mp4,logs/octo_atomic_resume2_20260928_013647.log
17,close_fridge_robo,64,0,demo_envs/close_fridge/evaluations/octo_close_fridge_robo_20260927_183647/64.mp4,logs/octo_atomic_resume2_20260928_013647.log
17,close_fridge_robo,68,0,demo_envs/close_fridge/evaluations/octo_close_fridge_robo_20260927_183647/68.mp4,logs/octo_atomic_resume2_20260928_013647.log
17,close_fridge_robo,72,0,demo_envs/close_fridge/evaluations/octo_close_fridge_robo_20260927_183647/72.mp4,logs/octo_atomic_resume2_20260928_013647.log
17,close_fridge_robo,76,0,demo_envs/close_fridge/evaluations/octo_close_fridge_robo_20260927_183647/76.mp4,logs/octo_atomic_resume2_20260928_013647.log
17,close_fridge_robo,80,0,demo_envs/close_fridge/evaluations/octo_close_fridge_robo_20260927_183647/80.mp4,logs/octo_atomic_resume2_20260928_013647.log
17,close_fridge_robo,84,0,demo_envs/close_fridge/evaluations/octo_close_fridge_robo_20260927_183647/84.mp4,logs/octo_atomic_resume2_20260928_013647.log
17,close_fridge_robo,88,0,demo_envs/close_fridge/evaluations/octo_close_fridge_robo_20260927_183647/88.mp4,logs/octo_atomic_resume2_20260928_013647.log
17,close_fridge_robo,92,0,demo_envs/close_fridge/evaluations/octo_close_fridge_robo_20260927_183647/92.mp4,logs/octo_atomic_resume2_20260928_013647.log
17,close_fridge_robo,96,0,demo_envs/close_fridge/evaluations/octo_close_fridge_robo_20260927_183647/96.mp4,logs/octo_atomic_resume2_20260928_013647.log
17,close_fridge_robo,100,0,demo_envs/close_fridge/evaluations/octo_close_fridge_robo_20260927_183647/100.mp4,logs/octo_atomic_resume2_20260928_013647.log
17,close_fridge_robo,104,0,demo_envs/close_fridge/evaluations/octo_close_fridge_robo_20260927_183647/104.mp4,logs/octo_atomic_resume2_20260928_013647.log
17,close_fridge_robo,108,0,demo_envs/close_fridge/evaluations/octo_close_fridge_robo_20260927_183647/108.mp4,logs/octo_atomic_resume2_20260928_013647.log
17,close_fridge_robo,112,0,demo_envs/close_fridge/evaluations/octo_close_fridge_robo_20260927_183647/112.mp4,logs/octo_atomic_resume2_20260928_013647.log
17,close_fridge_robo,116,0,demo_envs/close_fridge/evaluations/octo_close_fridge_robo_20260927_183647/116.mp4,logs/octo_atomic_resume2_20260928_013647.log
18,open_showcase_robo,0,0,demo_envs/open_showcase/evaluations/octo_open_showcase_robo_20260927_191613/0.mp4,logs/octo_parallel_20260928_021558_config18.log
18,open_showcase_robo,8,0,demo_envs/open_showcase/evaluations/octo_open_showcase_robo_20260927_191613/8.mp4,logs/octo_parallel_20260928_021558_config18.log
18,open_showcase_robo,12,0,demo_envs/open_showcase/evaluations/octo_open_showcase_robo_20260927_191613/12.mp4,logs/octo_parallel_20260928_021558_config18.log
18,open_showcase_robo,16,0,demo_envs/open_showcase/evaluations/octo_open_showcase_robo_20260927_191613/16.mp4,logs/octo_parallel_20260928_021558_config18.log
18,open_showcase_robo,20,0,demo_envs/open_showcase/evaluations/octo_open_showcase_robo_20260927_191613/20.mp4,logs/octo_parallel_20260928_021558_config18.log
18,open_showcase_robo,28,0,demo_envs/open_showcase/evaluations/octo_open_showcase_robo_20260927_191613/28.mp4,logs/octo_parallel_20260928_021558_config18.log
18,open_showcase_robo,32,0,demo_envs/open_showcase/evaluations/octo_open_showcase_robo_20260927_191613/32.mp4,logs/octo_parallel_20260928_021558_config18.log
18,open_showcase_robo,36,0,demo_envs/open_showcase/evaluations/octo_open_showcase_robo_20260927_191613/36.mp4,logs/octo_parallel_20260928_021558_config18.log
18,open_showcase_robo,44,0,demo_envs/open_showcase/evaluations/octo_open_showcase_robo_20260927_191613/44.mp4,logs/octo_parallel_20260928_021558_config18.log
18,open_showcase_robo,48,0,demo_envs/open_showcase/evaluations/octo_open_showcase_robo_20260927_191613/48.mp4,logs/octo_parallel_20260928_021558_config18.log
18,open_showcase_robo,52,0,demo_envs/open_showcase/evaluations/octo_open_showcase_robo_20260927_191613/52.mp4,logs/octo_parallel_20260928_021558_config18.log
18,open_showcase_robo,56,0,demo_envs/open_showcase/evaluations/octo_open_showcase_robo_20260927_191613/56.mp4,logs/octo_parallel_20260928_021558_config18.log
18,open_showcase_robo,60,0,demo_envs/open_showcase/evaluations/octo_open_showcase_robo_20260927_191613/60.mp4,logs/octo_parallel_20260928_021558_config18.log
18,open_showcase_robo,64,0,demo_envs/open_showcase/evaluations/octo_open_showcase_robo_20260927_191613/64.mp4,logs/octo_parallel_20260928_021558_config18.log
18,open_showcase_robo,68,0,demo_envs/open_showcase/evaluations/octo_open_showcase_robo_20260927_191613/68.mp4,logs/octo_parallel_20260928_021558_config18.log
18,open_showcase_robo,72,0,demo_envs/open_showcase/evaluations/octo_open_showcase_robo_20260927_191613/72.mp4,logs/octo_parallel_20260928_021558_config18.log
18,open_showcase_robo,76,0,demo_envs/open_showcase/evaluations/octo_open_showcase_robo_20260927_191613/76.mp4,logs/octo_parallel_20260928_021558_config18.log
18,open_showcase_robo,80,0,demo_envs/open_showcase/evaluations/octo_open_showcase_robo_20260927_191613/80.mp4,logs/octo_parallel_20260928_021558_config18.log
18,open_showcase_robo,84,0,demo_envs/open_showcase/evaluations/octo_open_showcase_robo_20260927_191613/84.mp4,logs/octo_parallel_20260928_021558_config18.log
18,open_showcase_robo,88,0,demo_envs/open_showcase/evaluations/octo_open_showcase_robo_20260927_191613/88.mp4,logs/octo_parallel_20260928_021558_config18.log
18,open_showcase_robo,96,0,demo_envs/open_showcase/evaluations/octo_open_showcase_robo_20260927_191613/96.mp4,logs/octo_parallel_20260928_021558_config18.log
18,open_showcase_robo,100,0,demo_envs/open_showcase/evaluations/octo_open_showcase_robo_20260927_191613/100.mp4,logs/octo_parallel_20260928_021558_config18.log
18,open_showcase_robo,104,0,demo_envs/open_showcase/evaluations/octo_open_showcase_robo_20260927_191613/104.mp4,logs/octo_parallel_20260928_021558_config18.log
18,open_showcase_robo,108,0,demo_envs/open_showcase/evaluations/octo_open_showcase_robo_20260927_191613/108.mp4,logs/octo_parallel_20260928_021558_config18.log
18,open_showcase_robo,112,0,demo_envs/open_showcase/evaluations/octo_open_showcase_robo_20260927_191613/112.mp4,logs/octo_parallel_20260928_021558_config18.log
18,open_showcase_robo,116,0,demo_envs/open_showcase/evaluations/octo_open_showcase_robo_20260927_191613/116.mp4,logs/octo_parallel_20260928_021558_config18.log
18,open_showcase_robo,120,0,demo_envs/open_showcase/evaluations/octo_open_showcase_robo_20260927_191613/120.mp4,logs/octo_parallel_20260928_021558_config18.log
18,open_showcase_robo,124,0,demo_envs/open_showcase/evaluations/octo_open_showcase_robo_20260927_191613/124.mp4,logs/octo_parallel_20260928_021558_config18.log
18,open_showcase_robo,128,0,demo_envs/open_showcase/evaluations/octo_open_showcase_robo_20260927_191613/128.mp4,logs/octo_parallel_20260928_021558_config18.log
18,open_showcase_robo,136,0,demo_envs/open_showcase/evaluations/octo_open_showcase_robo_20260927_191613/136.mp4,logs/octo_parallel_20260928_021558_config18.log
19,close_showcase_robo,0,0,demo_envs/close_showcase/evaluations/octo_close_showcase_robo_20260927_191613/0.mp4,logs/octo_parallel_20260928_021558_config19.log
19,close_showcase_robo,8,0,demo_envs/close_showcase/evaluations/octo_close_showcase_robo_20260927_191613/8.mp4,logs/octo_parallel_20260928_021558_config19.log
19,close_showcase_robo,12,0,demo_envs/close_showcase/evaluations/octo_close_showcase_robo_20260927_191613/12.mp4,logs/octo_parallel_20260928_021558_config19.log
19,close_showcase_robo,16,0,demo_envs/close_showcase/evaluations/octo_close_showcase_robo_20260927_191613/16.mp4,logs/octo_parallel_20260928_021558_config19.log
19,close_showcase_robo,20,0,demo_envs/close_showcase/evaluations/octo_close_showcase_robo_20260927_191613/20.mp4,logs/octo_parallel_20260928_021558_config19.log
19,close_showcase_robo,28,0,demo_envs/close_showcase/evaluations/octo_close_showcase_robo_20260927_191613/28.mp4,logs/octo_parallel_20260928_021558_config19.log
19,close_showcase_robo,32,0,demo_envs/close_showcase/evaluations/octo_close_showcase_robo_20260927_191613/32.mp4,logs/octo_parallel_20260928_021558_config19.log
19,close_showcase_robo,36,0,demo_envs/close_showcase/evaluations/octo_close_showcase_robo_20260927_191613/36.mp4,logs/octo_parallel_20260928_021558_config19.log
19,close_showcase_robo,44,0,demo_envs/close_showcase/evaluations/octo_close_showcase_robo_20260927_191613/44.mp4,logs/octo_parallel_20260928_021558_config19.log
19,close_showcase_robo,48,0,demo_envs/close_showcase/evaluations/octo_close_showcase_robo_20260927_191613/48.mp4,logs/octo_parallel_20260928_021558_config19.log
19,close_showcase_robo,52,0,demo_envs/close_showcase/evaluations/octo_close_showcase_robo_20260927_191613/52.mp4,logs/octo_parallel_20260928_021558_config19.log
19,close_showcase_robo,56,0,demo_envs/close_showcase/evaluations/octo_close_showcase_robo_20260927_191613/56.mp4,logs/octo_parallel_20260928_021558_config19.log
19,close_showcase_robo,60,0,demo_envs/close_showcase/evaluations/octo_close_showcase_robo_20260927_191613/60.mp4,logs/octo_parallel_20260928_021558_config19.log
19,close_showcase_robo,64,0,demo_envs/close_showcase/evaluations/octo_close_showcase_robo_20260927_191613/64.mp4,logs/octo_parallel_20260928_021558_config19.log
19,close_showcase_robo,68,0,demo_envs/close_showcase/evaluations/octo_close_showcase_robo_20260927_191613/68.mp4,logs/octo_parallel_20260928_021558_config19.log
19,close_showcase_robo,72,0,demo_envs/close_showcase/evaluations/octo_close_showcase_robo_20260927_191613/72.mp4,logs/octo_parallel_20260928_021558_config19.log
19,close_showcase_robo,76,0,demo_envs/close_showcase/evaluations/octo_close_showcase_robo_20260927_191613/76.mp4,logs/octo_parallel_20260928_021558_config19.log
19,close_showcase_robo,80,0,demo_envs/close_showcase/evaluations/octo_close_showcase_robo_20260927_191613/80.mp4,logs/octo_parallel_20260928_021558_config19.log
19,close_showcase_robo,84,0,demo_envs/close_showcase/evaluations/octo_close_showcase_robo_20260927_191613/84.mp4,logs/octo_parallel_20260928_021558_config19.log
19,close_showcase_robo,88,0,demo_envs/close_showcase/evaluations/octo_close_showcase_robo_20260927_191613/88.mp4,logs/octo_parallel_20260928_021558_config19.log
19,close_showcase_robo,96,0,demo_envs/close_showcase/evaluations/octo_close_showcase_robo_20260927_191613/96.mp4,logs/octo_parallel_20260928_021558_config19.log
19,close_showcase_robo,100,0,demo_envs/close_showcase/evaluations/octo_close_showcase_robo_20260927_191613/100.mp4,logs/octo_parallel_20260928_021558_config19.log
19,close_showcase_robo,104,0,demo_envs/close_showcase/evaluations/octo_close_showcase_robo_20260927_191613/104.mp4,logs/octo_parallel_20260928_021558_config19.log
19,close_showcase_robo,108,0,demo_envs/close_showcase/evaluations/octo_close_showcase_robo_20260927_191613/108.mp4,logs/octo_parallel_20260928_021558_config19.log
19,close_showcase_robo,112,0,demo_envs/close_showcase/evaluations/octo_close_showcase_robo_20260927_191613/112.mp4,logs/octo_parallel_20260928_021558_config19.log
19,close_showcase_robo,116,0,demo_envs/close_showcase/evaluations/octo_close_showcase_robo_20260927_191613/116.mp4,logs/octo_parallel_20260928_021558_config19.log
19,close_showcase_robo,124,0,demo_envs/close_showcase/evaluations/octo_close_showcase_robo_20260927_191613/124.mp4,logs/octo_parallel_20260928_021558_config19.log
19,close_showcase_robo,128,0,demo_envs/close_showcase/evaluations/octo_close_showcase_robo_20260927_191613/128.mp4,logs/octo_parallel_20260928_021558_config19.log
19,close_showcase_robo,132,0,demo_envs/close_showcase/evaluations/octo_close_showcase_robo_20260927_191613/132.mp4,logs/octo_parallel_20260928_021558_config19.log
19,close_showcase_robo,136,0,demo_envs/close_showcase/evaluations/octo_close_showcase_robo_20260927_191613/136.mp4,logs/octo_parallel_20260928_021558_config19.log
20,floor_beans_robo,0,0,demo_envs/pick_from_floor/evaluations/octo_floor_beans_robo_20260927_191613/0.mp4,logs/octo_parallel_20260928_021558_config20.log
20,floor_beans_robo,8,0,demo_envs/pick_from_floor/evaluations/octo_floor_beans_robo_20260927_191613/8.mp4,logs/octo_parallel_20260928_021558_config20.log
20,floor_beans_robo,20,0,demo_envs/pick_from_floor/evaluations/octo_floor_beans_robo_20260927_191613/20.mp4,logs/octo_parallel_20260928_021558_config20.log
20,floor_beans_robo,36,0,demo_envs/pick_from_floor/evaluations/octo_floor_beans_robo_20260927_191613/36.mp4,logs/octo_parallel_20260928_021558_config20.log
20,floor_beans_robo,40,0,demo_envs/pick_from_floor/evaluations/octo_floor_beans_robo_20260927_191613/40.mp4,logs/octo_parallel_20260928_021558_config20.log
20,floor_beans_robo,48,0,demo_envs/pick_from_floor/evaluations/octo_floor_beans_robo_20260927_191613/48.mp4,logs/octo_parallel_20260928_021558_config20.log
20,floor_beans_robo,56,0,demo_envs/pick_from_floor/evaluations/octo_floor_beans_robo_20260927_191613/56.mp4,logs/octo_parallel_20260928_021558_config20.log
20,floor_beans_robo,64,0,demo_envs/pick_from_floor/evaluations/octo_floor_beans_robo_20260927_191613/64.mp4,logs/octo_parallel_20260928_021558_config20.log
20,floor_beans_robo,80,0,demo_envs/pick_from_floor/evaluations/octo_floor_beans_robo_20260927_191613/80.mp4,logs/octo_parallel_20260928_021558_config20.log
20,floor_beans_robo,88,0,demo_envs/pick_from_floor/evaluations/octo_floor_beans_robo_20260927_191613/88.mp4,logs/octo_parallel_20260928_021558_config20.log
20,floor_beans_robo,96,0,demo_envs/pick_from_floor/evaluations/octo_floor_beans_robo_20260927_191613/96.mp4,logs/octo_parallel_20260928_021558_config20.log
20,floor_beans_robo,100,0,demo_envs/pick_from_floor/evaluations/octo_floor_beans_robo_20260927_191613/100.mp4,logs/octo_parallel_20260928_021558_config20.log
20,floor_beans_robo,104,0,demo_envs/pick_from_floor/evaluations/octo_floor_beans_robo_20260927_191613/104.mp4,logs/octo_parallel_20260928_021558_config20.log
20,floor_beans_robo,108,0,demo_envs/pick_from_floor/evaluations/octo_floor_beans_robo_20260927_191613/108.mp4,logs/octo_parallel_20260928_021558_config20.log
20,floor_beans_robo,116,0,demo_envs/pick_from_floor/evaluations/octo_floor_beans_robo_20260927_191613/116.mp4,logs/octo_parallel_20260928_021558_config20.log
20,floor_beans_robo,120,0,demo_envs/pick_from_floor/evaluations/octo_floor_beans_robo_20260927_191613/120.mp4,logs/octo_parallel_20260928_021558_config20.log
20,floor_beans_robo,124,0,demo_envs/pick_from_floor/evaluations/octo_floor_beans_robo_20260927_191613/124.mp4,logs/octo_parallel_20260928_021558_config20.log
20,floor_beans_robo,128,0,demo_envs/pick_from_floor/evaluations/octo_floor_beans_robo_20260927_191613/128.mp4,logs/octo_parallel_20260928_021558_config20.log
20,floor_beans_robo,140,0,demo_envs/pick_from_floor/evaluations/octo_floor_beans_robo_20260927_191613/140.mp4,logs/octo_parallel_20260928_021558_config20.log
20,floor_beans_robo,152,0,demo_envs/pick_from_floor/evaluations/octo_floor_beans_robo_20260927_191613/152.mp4,logs/octo_parallel_20260928_021558_config20.log
20,floor_beans_robo,160,0,demo_envs/pick_from_floor/evaluations/octo_floor_beans_robo_20260927_191613/160.mp4,logs/octo_parallel_20260928_021558_config20.log
20,floor_beans_robo,168,0,demo_envs/pick_from_floor/evaluations/octo_floor_beans_robo_20260927_191613/168.mp4,logs/octo_parallel_20260928_021558_config20.log
20,floor_beans_robo,172,0,demo_envs/pick_from_floor/evaluations/octo_floor_beans_robo_20260927_191613/172.mp4,logs/octo_parallel_20260928_021558_config20.log
20,floor_beans_robo,196,0,demo_envs/pick_from_floor/evaluations/octo_floor_beans_robo_20260927_191613/196.mp4,logs/octo_parallel_20260928_021558_config20.log
20,floor_beans_robo,204,0,demo_envs/pick_from_floor/evaluations/octo_floor_beans_robo_20260927_191613/204.mp4,logs/octo_parallel_20260928_021558_config20.log
20,floor_beans_robo,208,0,demo_envs/pick_from_floor/evaluations/octo_floor_beans_robo_20260927_191613/208.mp4,logs/octo_parallel_20260928_021558_config20.log
20,floor_beans_robo,216,0,demo_envs/pick_from_floor/evaluations/octo_floor_beans_robo_20260927_191613/216.mp4,logs/octo_parallel_20260928_021558_config20.log
20,floor_beans_robo,220,0,demo_envs/pick_from_floor/evaluations/octo_floor_beans_robo_20260927_191613/220.mp4,logs/octo_parallel_20260928_021558_config20.log
20,floor_beans_robo,224,0,demo_envs/pick_from_floor/evaluations/octo_floor_beans_robo_20260927_191613/224.mp4,logs/octo_parallel_20260928_021558_config20.log
20,floor_beans_robo,236,0,demo_envs/pick_from_floor/evaluations/octo_floor_beans_robo_20260927_191613/236.mp4,logs/octo_parallel_20260928_021558_config20.log
21,floor_slam_robo,0,0,demo_envs/pick_from_floor/evaluations/octo_floor_slam_robo_20260927_191613/0.mp4,logs/octo_parallel_20260928_021558_config21.log
21,floor_slam_robo,8,0,demo_envs/pick_from_floor/evaluations/octo_floor_slam_robo_20260927_191613/8.mp4,logs/octo_parallel_20260928_021558_config21.log
21,floor_slam_robo,12,0,demo_envs/pick_from_floor/evaluations/octo_floor_slam_robo_20260927_191613/12.mp4,logs/octo_parallel_20260928_021558_config21.log
21,floor_slam_robo,16,0,demo_envs/pick_from_floor/evaluations/octo_floor_slam_robo_20260927_191613/16.mp4,logs/octo_parallel_20260928_021558_config21.log
21,floor_slam_robo,28,0,demo_envs/pick_from_floor/evaluations/octo_floor_slam_robo_20260927_191613/28.mp4,logs/octo_parallel_20260928_021558_config21.log
21,floor_slam_robo,36,0,demo_envs/pick_from_floor/evaluations/octo_floor_slam_robo_20260927_191613/36.mp4,logs/octo_parallel_20260928_021558_config21.log
21,floor_slam_robo,44,0,demo_envs/pick_from_floor/evaluations/octo_floor_slam_robo_20260927_191613/44.mp4,logs/octo_parallel_20260928_021558_config21.log
21,floor_slam_robo,48,0,demo_envs/pick_from_floor/evaluations/octo_floor_slam_robo_20260927_191613/48.mp4,logs/octo_parallel_20260928_021558_config21.log
21,floor_slam_robo,52,0,demo_envs/pick_from_floor/evaluations/octo_floor_slam_robo_20260927_191613/52.mp4,logs/octo_parallel_20260928_021558_config21.log
21,floor_slam_robo,56,0,demo_envs/pick_from_floor/evaluations/octo_floor_slam_robo_20260927_191613/56.mp4,logs/octo_parallel_20260928_021558_config21.log
21,floor_slam_robo,68,0,demo_envs/pick_from_floor/evaluations/octo_floor_slam_robo_20260927_191613/68.mp4,logs/octo_parallel_20260928_021558_config21.log
21,floor_slam_robo,76,0,demo_envs/pick_from_floor/evaluations/octo_floor_slam_robo_20260927_191613/76.mp4,logs/octo_parallel_20260928_021558_config21.log
21,floor_slam_robo,84,0,demo_envs/pick_from_floor/evaluations/octo_floor_slam_robo_20260927_191613/84.mp4,logs/octo_parallel_20260928_021558_config21.log
21,floor_slam_robo,88,0,demo_envs/pick_from_floor/evaluations/octo_floor_slam_robo_20260927_191613/88.mp4,logs/octo_parallel_20260928_021558_config21.log
21,floor_slam_robo,96,0,demo_envs/pick_from_floor/evaluations/octo_floor_slam_robo_20260927_191613/96.mp4,logs/octo_parallel_20260928_021558_config21.log
21,floor_slam_robo,108,0,demo_envs/pick_from_floor/evaluations/octo_floor_slam_robo_20260927_191613/108.mp4,logs/octo_parallel_20260928_021558_config21.log
21,floor_slam_robo,112,0,demo_envs/pick_from_floor/evaluations/octo_floor_slam_robo_20260927_191613/112.mp4,logs/octo_parallel_20260928_021558_config21.log
21,floor_slam_robo,116,0,demo_envs/pick_from_floor/evaluations/octo_floor_slam_robo_20260927_191613/116.mp4,logs/octo_parallel_20260928_021558_config21.log
21,floor_slam_robo,124,0,demo_envs/pick_from_floor/evaluations/octo_floor_slam_robo_20260927_191613/124.mp4,logs/octo_parallel_20260928_021558_config21.log
21,floor_slam_robo,128,0,demo_envs/pick_from_floor/evaluations/octo_floor_slam_robo_20260927_191613/128.mp4,logs/octo_parallel_20260928_021558_config21.log
21,floor_slam_robo,132,0,demo_envs/pick_from_floor/evaluations/octo_floor_slam_robo_20260927_191613/132.mp4,logs/octo_parallel_20260928_021558_config21.log
21,floor_slam_robo,140,0,demo_envs/pick_from_floor/evaluations/octo_floor_slam_robo_20260927_191613/140.mp4,logs/octo_parallel_20260928_021558_config21.log
21,floor_slam_robo,144,0,demo_envs/pick_from_floor/evaluations/octo_floor_slam_robo_20260927_191613/144.mp4,logs/octo_parallel_20260928_021558_config21.log
21,floor_slam_robo,148,0,demo_envs/pick_from_floor/evaluations/octo_floor_slam_robo_20260927_191613/148.mp4,logs/octo_parallel_20260928_021558_config21.log
21,floor_slam_robo,160,0,demo_envs/pick_from_floor/evaluations/octo_floor_slam_robo_20260927_191613/160.mp4,logs/octo_parallel_20260928_021558_config21.log
21,floor_slam_robo,168,0,demo_envs/pick_from_floor/evaluations/octo_floor_slam_robo_20260927_191613/168.mp4,logs/octo_parallel_20260928_021558_config21.log
21,floor_slam_robo,172,0,demo_envs/pick_from_floor/evaluations/octo_floor_slam_robo_20260927_191613/172.mp4,logs/octo_parallel_20260928_021558_config21.log
21,floor_slam_robo,180,0,demo_envs/pick_from_floor/evaluations/octo_floor_slam_robo_20260927_191613/180.mp4,logs/octo_parallel_20260928_021558_config21.log
21,floor_slam_robo,184,0,demo_envs/pick_from_floor/evaluations/octo_floor_slam_robo_20260927_191613/184.mp4,logs/octo_parallel_20260928_021558_config21.log
21,floor_slam_robo,188,0,demo_envs/pick_from_floor/evaluations/octo_floor_slam_robo_20260927_191613/188.mp4,logs/octo_parallel_20260928_021558_config21.log
22,basket_fanta_robo,4,0,demo_envs/pick_to_basket/evaluations/octo_basket_fanta_robo_20260927_191613/4.mp4,logs/octo_parallel_20260928_021558_config22.log
22,basket_fanta_robo,8,0,demo_envs/pick_to_basket/evaluations/octo_basket_fanta_robo_20260927_191613/8.mp4,logs/octo_parallel_20260928_021558_config22.log
22,basket_fanta_robo,12,0,demo_envs/pick_to_basket/evaluations/octo_basket_fanta_robo_20260927_191613/12.mp4,logs/octo_parallel_20260928_021558_config22.log
22,basket_fanta_robo,16,0,demo_envs/pick_to_basket/evaluations/octo_basket_fanta_robo_20260927_191613/16.mp4,logs/octo_parallel_20260928_021558_config22.log
22,basket_fanta_robo,20,0,demo_envs/pick_to_basket/evaluations/octo_basket_fanta_robo_20260927_191613/20.mp4,logs/octo_parallel_20260928_021558_config22.log
22,basket_fanta_robo,24,0,demo_envs/pick_to_basket/evaluations/octo_basket_fanta_robo_20260927_191613/24.mp4,logs/octo_parallel_20260928_021558_config22.log
22,basket_fanta_robo,28,0,demo_envs/pick_to_basket/evaluations/octo_basket_fanta_robo_20260927_191613/28.mp4,logs/octo_parallel_20260928_021558_config22.log
22,basket_fanta_robo,32,0,demo_envs/pick_to_basket/evaluations/octo_basket_fanta_robo_20260927_191613/32.mp4,logs/octo_parallel_20260928_021558_config22.log
22,basket_fanta_robo,36,0,demo_envs/pick_to_basket/evaluations/octo_basket_fanta_robo_20260927_191613/36.mp4,logs/octo_parallel_20260928_021558_config22.log
22,basket_fanta_robo,40,0,demo_envs/pick_to_basket/evaluations/octo_basket_fanta_robo_20260927_191613/40.mp4,logs/octo_parallel_20260928_021558_config22.log
22,basket_fanta_robo,44,0,demo_envs/pick_to_basket/evaluations/octo_basket_fanta_robo_20260927_191613/44.mp4,logs/octo_parallel_20260928_021558_config22.log
22,basket_fanta_robo,52,0,demo_envs/pick_to_basket/evaluations/octo_basket_fanta_robo_20260927_191613/52.mp4,logs/octo_parallel_20260928_021558_config22.log
22,basket_fanta_robo,56,0,demo_envs/pick_to_basket/evaluations/octo_basket_fanta_robo_20260927_191613/56.mp4,logs/octo_parallel_20260928_021558_config22.log
22,basket_fanta_robo,72,0,demo_envs/pick_to_basket/evaluations/octo_basket_fanta_robo_20260927_191613/72.mp4,logs/octo_parallel_20260928_021558_config22.log
22,basket_fanta_robo,76,0,demo_envs/pick_to_basket/evaluations/octo_basket_fanta_robo_20260927_191613/76.mp4,logs/octo_parallel_20260928_021558_config22.log
22,basket_fanta_robo,80,0,demo_envs/pick_to_basket/evaluations/octo_basket_fanta_robo_20260927_191613/80.mp4,logs/octo_parallel_20260928_021558_config22.log
22,basket_fanta_robo,88,0,demo_envs/pick_to_basket/evaluations/octo_basket_fanta_robo_20260927_191613/88.mp4,logs/octo_parallel_20260928_021558_config22.log
22,basket_fanta_robo,96,0,demo_envs/pick_to_basket/evaluations/octo_basket_fanta_robo_20260927_191613/96.mp4,logs/octo_parallel_20260928_021558_config22.log
22,basket_fanta_robo,100,0,demo_envs/pick_to_basket/evaluations/octo_basket_fanta_robo_20260927_191613/100.mp4,logs/octo_parallel_20260928_021558_config22.log
22,basket_fanta_robo,104,0,demo_envs/pick_to_basket/evaluations/octo_basket_fanta_robo_20260927_191613/104.mp4,logs/octo_parallel_20260928_021558_config22.log
22,basket_fanta_robo,108,0,demo_envs/pick_to_basket/evaluations/octo_basket_fanta_robo_20260927_191613/108.mp4,logs/octo_parallel_20260928_021558_config22.log
22,basket_fanta_robo,116,0,demo_envs/pick_to_basket/evaluations/octo_basket_fanta_robo_20260927_191613/116.mp4,logs/octo_parallel_20260928_021558_config22.log
22,basket_fanta_robo,120,0,demo_envs/pick_to_basket/evaluations/octo_basket_fanta_robo_20260927_191613/120.mp4,logs/octo_parallel_20260928_021558_config22.log
22,basket_fanta_robo,124,0,demo_envs/pick_to_basket/evaluations/octo_basket_fanta_robo_20260927_191613/124.mp4,logs/octo_parallel_20260928_021558_config22.log
22,basket_fanta_robo,128,0,demo_envs/pick_to_basket/evaluations/octo_basket_fanta_robo_20260927_191613/128.mp4,logs/octo_parallel_20260928_021558_config22.log
22,basket_fanta_robo,132,0,demo_envs/pick_to_basket/evaluations/octo_basket_fanta_robo_20260927_191613/132.mp4,logs/octo_parallel_20260928_021558_config22.log
22,basket_fanta_robo,136,0,demo_envs/pick_to_basket/evaluations/octo_basket_fanta_robo_20260927_191613/136.mp4,logs/octo_parallel_20260928_021558_config22.log
22,basket_fanta_robo,140,0,demo_envs/pick_to_basket/evaluations/octo_basket_fanta_robo_20260927_191613/140.mp4,logs/octo_parallel_20260928_021558_config22.log
22,basket_fanta_robo,148,0,demo_envs/pick_to_basket/evaluations/octo_basket_fanta_robo_20260927_191613/148.mp4,logs/octo_parallel_20260928_021558_config22.log
22,basket_fanta_robo,152,0,demo_envs/pick_to_basket/evaluations/octo_basket_fanta_robo_20260927_191613/152.mp4,logs/octo_parallel_20260928_021558_config22.log
23,basket_nivea_robo,0,0,demo_envs/pick_to_basket/evaluations/octo_basket_nivea_robo_20260927_191613/0.mp4,logs/octo_parallel_20260928_021558_config23.log
23,basket_nivea_robo,4,0,demo_envs/pick_to_basket/evaluations/octo_basket_nivea_robo_20260927_191613/4.mp4,logs/octo_parallel_20260928_021558_config23.log
23,basket_nivea_robo,8,0,demo_envs/pick_to_basket/evaluations/octo_basket_nivea_robo_20260927_191613/8.mp4,logs/octo_parallel_20260928_021558_config23.log
23,basket_nivea_robo,12,0,demo_envs/pick_to_basket/evaluations/octo_basket_nivea_robo_20260927_191613/12.mp4,logs/octo_parallel_20260928_021558_config23.log
23,basket_nivea_robo,20,0,demo_envs/pick_to_basket/evaluations/octo_basket_nivea_robo_20260927_191613/20.mp4,logs/octo_parallel_20260928_021558_config23.log
23,basket_nivea_robo,24,0,demo_envs/pick_to_basket/evaluations/octo_basket_nivea_robo_20260927_191613/24.mp4,logs/octo_parallel_20260928_021558_config23.log
23,basket_nivea_robo,32,0,demo_envs/pick_to_basket/evaluations/octo_basket_nivea_robo_20260927_191613/32.mp4,logs/octo_parallel_20260928_021558_config23.log
23,basket_nivea_robo,36,0,demo_envs/pick_to_basket/evaluations/octo_basket_nivea_robo_20260927_191613/36.mp4,logs/octo_parallel_20260928_021558_config23.log
23,basket_nivea_robo,40,0,demo_envs/pick_to_basket/evaluations/octo_basket_nivea_robo_20260927_191613/40.mp4,logs/octo_parallel_20260928_021558_config23.log
23,basket_nivea_robo,44,0,demo_envs/pick_to_basket/evaluations/octo_basket_nivea_robo_20260927_191613/44.mp4,logs/octo_parallel_20260928_021558_config23.log
23,basket_nivea_robo,48,0,demo_envs/pick_to_basket/evaluations/octo_basket_nivea_robo_20260927_191613/48.mp4,logs/octo_parallel_20260928_021558_config23.log
23,basket_nivea_robo,52,0,demo_envs/pick_to_basket/evaluations/octo_basket_nivea_robo_20260927_191613/52.mp4,logs/octo_parallel_20260928_021558_config23.log
23,basket_nivea_robo,56,0,demo_envs/pick_to_basket/evaluations/octo_basket_nivea_robo_20260927_191613/56.mp4,logs/octo_parallel_20260928_021558_config23.log
23,basket_nivea_robo,60,0,demo_envs/pick_to_basket/evaluations/octo_basket_nivea_robo_20260927_191613/60.mp4,logs/octo_parallel_20260928_021558_config23.log
23,basket_nivea_robo,64,0,demo_envs/pick_to_basket/evaluations/octo_basket_nivea_robo_20260927_191613/64.mp4,logs/octo_parallel_20260928_021558_config23.log
23,basket_nivea_robo,72,0,demo_envs/pick_to_basket/evaluations/octo_basket_nivea_robo_20260927_191613/72.mp4,logs/octo_parallel_20260928_021558_config23.log
23,basket_nivea_robo,80,0,demo_envs/pick_to_basket/evaluations/octo_basket_nivea_robo_20260927_191613/80.mp4,logs/octo_parallel_20260928_021558_config23.log
23,basket_nivea_robo,84,0,demo_envs/pick_to_basket/evaluations/octo_basket_nivea_robo_20260927_191613/84.mp4,logs/octo_parallel_20260928_021558_config23.log
23,basket_nivea_robo,88,0,demo_envs/pick_to_basket/evaluations/octo_basket_nivea_robo_20260927_191613/88.mp4,logs/octo_parallel_20260928_021558_config23.log
23,basket_nivea_robo,92,0,demo_envs/pick_to_basket/evaluations/octo_basket_nivea_robo_20260927_191613/92.mp4,logs/octo_parallel_20260928_021558_config23.log
23,basket_nivea_robo,96,0,demo_envs/pick_to_basket/evaluations/octo_basket_nivea_robo_20260927_191613/96.mp4,logs/octo_parallel_20260928_021558_config23.log
23,basket_nivea_robo,100,0,demo_envs/pick_to_basket/evaluations/octo_basket_nivea_robo_20260927_191613/100.mp4,logs/octo_parallel_20260928_021558_config23.log
23,basket_nivea_robo,108,0,demo_envs/pick_to_basket/evaluations/octo_basket_nivea_robo_20260927_191613/108.mp4,logs/octo_parallel_20260928_021558_config23.log
23,basket_nivea_robo,116,0,demo_envs/pick_to_basket/evaluations/octo_basket_nivea_robo_20260927_191613/116.mp4,logs/octo_parallel_20260928_021558_config23.log
23,basket_nivea_robo,120,0,demo_envs/pick_to_basket/evaluations/octo_basket_nivea_robo_20260927_191613/120.mp4,logs/octo_parallel_20260928_021558_config23.log
23,basket_nivea_robo,124,0,demo_envs/pick_to_basket/evaluations/octo_basket_nivea_robo_20260927_191613/124.mp4,logs/octo_parallel_20260928_021558_config23.log
23,basket_nivea_robo,128,0,demo_envs/pick_to_basket/evaluations/octo_basket_nivea_robo_20260927_191613/128.mp4,logs/octo_parallel_20260928_021558_config23.log
23,basket_nivea_robo,132,0,demo_envs/pick_to_basket/evaluations/octo_basket_nivea_robo_20260927_191613/132.mp4,logs/octo_parallel_20260928_021558_config23.log
23,basket_nivea_robo,136,0,demo_envs/pick_to_basket/evaluations/octo_basket_nivea_robo_20260927_191613/136.mp4,logs/octo_parallel_20260928_021558_config23.log
23,basket_nivea_robo,140,0,demo_envs/pick_to_basket/evaluations/octo_basket_nivea_robo_20260927_191613/140.mp4,logs/octo_parallel_20260928_021558_config23.log
24,basket_stars_robo,0,0,demo_envs/pick_to_basket/evaluations/octo_basket_stars_robo_20260927_191613/0.mp4,logs/octo_parallel_20260928_021558_config24.log
24,basket_stars_robo,4,0,demo_envs/pick_to_basket/evaluations/octo_basket_stars_robo_20260927_191613/4.mp4,logs/octo_parallel_20260928_021558_config24.log
24,basket_stars_robo,8,0,demo_envs/pick_to_basket/evaluations/octo_basket_stars_robo_20260927_191613/8.mp4,logs/octo_parallel_20260928_021558_config24.log
24,basket_stars_robo,16,0,demo_envs/pick_to_basket/evaluations/octo_basket_stars_robo_20260927_191613/16.mp4,logs/octo_parallel_20260928_021558_config24.log
24,basket_stars_robo,20,0,demo_envs/pick_to_basket/evaluations/octo_basket_stars_robo_20260927_191613/20.mp4,logs/octo_parallel_20260928_021558_config24.log
24,basket_stars_robo,28,0,demo_envs/pick_to_basket/evaluations/octo_basket_stars_robo_20260927_191613/28.mp4,logs/octo_parallel_20260928_021558_config24.log
24,basket_stars_robo,36,0,demo_envs/pick_to_basket/evaluations/octo_basket_stars_robo_20260927_191613/36.mp4,logs/octo_parallel_20260928_021558_config24.log
24,basket_stars_robo,40,0,demo_envs/pick_to_basket/evaluations/octo_basket_stars_robo_20260927_191613/40.mp4,logs/octo_parallel_20260928_021558_config24.log
24,basket_stars_robo,48,0,demo_envs/pick_to_basket/evaluations/octo_basket_stars_robo_20260927_191613/48.mp4,logs/octo_parallel_20260928_021558_config24.log
24,basket_stars_robo,60,0,demo_envs/pick_to_basket/evaluations/octo_basket_stars_robo_20260927_191613/60.mp4,logs/octo_parallel_20260928_021558_config24.log
24,basket_stars_robo,68,0,demo_envs/pick_to_basket/evaluations/octo_basket_stars_robo_20260927_191613/68.mp4,logs/octo_parallel_20260928_021558_config24.log
24,basket_stars_robo,76,0,demo_envs/pick_to_basket/evaluations/octo_basket_stars_robo_20260927_191613/76.mp4,logs/octo_parallel_20260928_021558_config24.log
24,basket_stars_robo,84,0,demo_envs/pick_to_basket/evaluations/octo_basket_stars_robo_20260927_191613/84.mp4,logs/octo_parallel_20260928_021558_config24.log
24,basket_stars_robo,88,0,demo_envs/pick_to_basket/evaluations/octo_basket_stars_robo_20260927_191613/88.mp4,logs/octo_parallel_20260928_021558_config24.log
24,basket_stars_robo,92,0,demo_envs/pick_to_basket/evaluations/octo_basket_stars_robo_20260927_191613/92.mp4,logs/octo_parallel_20260928_021558_config24.log
24,basket_stars_robo,96,0,demo_envs/pick_to_basket/evaluations/octo_basket_stars_robo_20260927_191613/96.mp4,logs/octo_parallel_20260928_021558_config24.log
24,basket_stars_robo,104,0,demo_envs/pick_to_basket/evaluations/octo_basket_stars_robo_20260927_191613/104.mp4,logs/octo_parallel_20260928_021558_config24.log
24,basket_stars_robo,108,0,demo_envs/pick_to_basket/evaluations/octo_basket_stars_robo_20260927_191613/108.mp4,logs/octo_parallel_20260928_021558_config24.log
24,basket_stars_robo,116,0,demo_envs/pick_to_basket/evaluations/octo_basket_stars_robo_20260927_191613/116.mp4,logs/octo_parallel_20260928_021558_config24.log
24,basket_stars_robo,120,0,demo_envs/pick_to_basket/evaluations/octo_basket_stars_robo_20260927_191613/120.mp4,logs/octo_parallel_20260928_021558_config24.log
24,basket_stars_robo,124,0,demo_envs/pick_to_basket/evaluations/octo_basket_stars_robo_20260927_191613/124.mp4,logs/octo_parallel_20260928_021558_config24.log
24,basket_stars_robo,128,0,demo_envs/pick_to_basket/evaluations/octo_basket_stars_robo_20260927_191613/128.mp4,logs/octo_parallel_20260928_021558_config24.log
24,basket_stars_robo,132,0,demo_envs/pick_to_basket/evaluations/octo_basket_stars_robo_20260927_191613/132.mp4,logs/octo_parallel_20260928_021558_config24.log
24,basket_stars_robo,136,0,demo_envs/pick_to_basket/evaluations/octo_basket_stars_robo_20260927_191613/136.mp4,logs/octo_parallel_20260928_021558_config24.log
24,basket_stars_robo,140,0,demo_envs/pick_to_basket/evaluations/octo_basket_stars_robo_20260927_191613/140.mp4,logs/octo_parallel_20260928_021558_config24.log
24,basket_stars_robo,144,0,demo_envs/pick_to_basket/evaluations/octo_basket_stars_robo_20260927_191613/144.mp4,logs/octo_parallel_20260928_021558_config24.log
24,basket_stars_robo,152,0,demo_envs/pick_to_basket/evaluations/octo_basket_stars_robo_20260927_191613/152.mp4,logs/octo_parallel_20260928_021558_config24.log
24,basket_stars_robo,156,0,demo_envs/pick_to_basket/evaluations/octo_basket_stars_robo_20260927_191613/156.mp4,logs/octo_parallel_20260928_021558_config24.log
24,basket_stars_robo,160,0,demo_envs/pick_to_basket/evaluations/octo_basket_stars_robo_20260927_191613/160.mp4,logs/octo_parallel_20260928_021558_config24.log
24,basket_stars_robo,168,0,demo_envs/pick_to_basket/evaluations/octo_basket_stars_robo_20260927_191613/168.mp4,logs/octo_parallel_20260928_021558_config24.log
25,board_duff_uns,42000,0,demo_envs/test_unseen_scenes_move_from_board_to_board_duff/evaluations/octo_board_duff_uns_20260927_191613/42000.mp4,logs/octo_parallel_20260928_021558_config25.log
25,board_duff_uns,42001,0,demo_envs/test_unseen_scenes_move_from_board_to_board_duff/evaluations/octo_board_duff_uns_20260927_191613/42001.mp4,logs/octo_parallel_20260928_021558_config25.log
25,board_duff_uns,42002,0,demo_envs/test_unseen_scenes_move_from_board_to_board_duff/evaluations/octo_board_duff_uns_20260927_191613/42002.mp4,logs/octo_parallel_20260928_021558_config25.log
25,board_duff_uns,42003,0,demo_envs/test_unseen_scenes_move_from_board_to_board_duff/evaluations/octo_board_duff_uns_20260927_191613/42003.mp4,logs/octo_parallel_20260928_021558_config25.log
25,board_duff_uns,42004,0,demo_envs/test_unseen_scenes_move_from_board_to_board_duff/evaluations/octo_board_duff_uns_20260927_191613/42004.mp4,logs/octo_parallel_20260928_021558_config25.log
25,board_duff_uns,42005,0,demo_envs/test_unseen_scenes_move_from_board_to_board_duff/evaluations/octo_board_duff_uns_20260927_191613/42005.mp4,logs/octo_parallel_20260928_021558_config25.log
25,board_duff_uns,42006,0,demo_envs/test_unseen_scenes_move_from_board_to_board_duff/evaluations/octo_board_duff_uns_20260927_191613/42006.mp4,logs/octo_parallel_20260928_021558_config25.log
25,board_duff_uns,42007,0,demo_envs/test_unseen_scenes_move_from_board_to_board_duff/evaluations/octo_board_duff_uns_20260927_191613/42007.mp4,logs/octo_parallel_20260928_021558_config25.log
25,board_duff_uns,42008,0,demo_envs/test_unseen_scenes_move_from_board_to_board_duff/evaluations/octo_board_duff_uns_20260927_191613/42008.mp4,logs/octo_parallel_20260928_021558_config25.log
25,board_duff_uns,42009,0,demo_envs/test_unseen_scenes_move_from_board_to_board_duff/evaluations/octo_board_duff_uns_20260927_191613/42009.mp4,logs/octo_parallel_20260928_021558_config25.log
25,board_duff_uns,42010,0,demo_envs/test_unseen_scenes_move_from_board_to_board_duff/evaluations/octo_board_duff_uns_20260927_191613/42010.mp4,logs/octo_parallel_20260928_021558_config25.log
25,board_duff_uns,42011,0,demo_envs/test_unseen_scenes_move_from_board_to_board_duff/evaluations/octo_board_duff_uns_20260927_191613/42011.mp4,logs/octo_parallel_20260928_021558_config25.log
25,board_duff_uns,42012,0,demo_envs/test_unseen_scenes_move_from_board_to_board_duff/evaluations/octo_board_duff_uns_20260927_191613/42012.mp4,logs/octo_parallel_20260928_021558_config25.log
25,board_duff_uns,42013,0,demo_envs/test_unseen_scenes_move_from_board_to_board_duff/evaluations/octo_board_duff_uns_20260927_191613/42013.mp4,logs/octo_parallel_20260928_021558_config25.log
25,board_duff_uns,42014,0,demo_envs/test_unseen_scenes_move_from_board_to_board_duff/evaluations/octo_board_duff_uns_20260927_191613/42014.mp4,logs/octo_parallel_20260928_021558_config25.log
25,board_duff_uns,42015,0,demo_envs/test_unseen_scenes_move_from_board_to_board_duff/evaluations/octo_board_duff_uns_20260927_191613/42015.mp4,logs/octo_parallel_20260928_021558_config25.log
25,board_duff_uns,42016,0,demo_envs/test_unseen_scenes_move_from_board_to_board_duff/evaluations/octo_board_duff_uns_20260927_191613/42016.mp4,logs/octo_parallel_20260928_021558_config25.log
25,board_duff_uns,42017,0,demo_envs/test_unseen_scenes_move_from_board_to_board_duff/evaluations/octo_board_duff_uns_20260927_191613/42017.mp4,logs/octo_parallel_20260928_021558_config25.log
25,board_duff_uns,42018,0,demo_envs/test_unseen_scenes_move_from_board_to_board_duff/evaluations/octo_board_duff_uns_20260927_191613/42018.mp4,logs/octo_parallel_20260928_021558_config25.log
25,board_duff_uns,42019,0,demo_envs/test_unseen_scenes_move_from_board_to_board_duff/evaluations/octo_board_duff_uns_20260927_191613/42019.mp4,logs/octo_parallel_20260928_021558_config25.log
25,board_duff_uns,42020,0,demo_envs/test_unseen_scenes_move_from_board_to_board_duff/evaluations/octo_board_duff_uns_20260927_191613/42020.mp4,logs/octo_parallel_20260928_021558_config25.log
25,board_duff_uns,42021,0,demo_envs/test_unseen_scenes_move_from_board_to_board_duff/evaluations/octo_board_duff_uns_20260927_191613/42021.mp4,logs/octo_parallel_20260928_021558_config25.log
25,board_duff_uns,42022,0,demo_envs/test_unseen_scenes_move_from_board_to_board_duff/evaluations/octo_board_duff_uns_20260927_191613/42022.mp4,logs/octo_parallel_20260928_021558_config25.log
25,board_duff_uns,42023,0,demo_envs/test_unseen_scenes_move_from_board_to_board_duff/evaluations/octo_board_duff_uns_20260927_191613/42023.mp4,logs/octo_parallel_20260928_021558_config25.log
25,board_duff_uns,42024,0,demo_envs/test_unseen_scenes_move_from_board_to_board_duff/evaluations/octo_board_duff_uns_20260927_191613/42024.mp4,logs/octo_parallel_20260928_021558_config25.log
25,board_duff_uns,42025,0,demo_envs/test_unseen_scenes_move_from_board_to_board_duff/evaluations/octo_board_duff_uns_20260927_191613/42025.mp4,logs/octo_parallel_20260928_021558_config25.log
25,board_duff_uns,42026,0,demo_envs/test_unseen_scenes_move_from_board_to_board_duff/evaluations/octo_board_duff_uns_20260927_191613/42026.mp4,logs/octo_parallel_20260928_021558_config25.log
25,board_duff_uns,42027,0,demo_envs/test_unseen_scenes_move_from_board_to_board_duff/evaluations/octo_board_duff_uns_20260927_191613/42027.mp4,logs/octo_parallel_20260928_021558_config25.log
25,board_duff_uns,42028,0,demo_envs/test_unseen_scenes_move_from_board_to_board_duff/evaluations/octo_board_duff_uns_20260927_191613/42028.mp4,logs/octo_parallel_20260928_021558_config25.log
25,board_duff_uns,42029,0,demo_envs/test_unseen_scenes_move_from_board_to_board_duff/evaluations/octo_board_duff_uns_20260927_191613/42029.mp4,logs/octo_parallel_20260928_021558_config25.log
26,board_nestle_uns,42000,0,demo_envs/test_unseen_scenes_move_from_board_to_board_nestle/evaluations/octo_board_nestle_uns_20260927_191613/42000.mp4,logs/octo_parallel_20260928_021558_config26.log
26,board_nestle_uns,42001,0,demo_envs/test_unseen_scenes_move_from_board_to_board_nestle/evaluations/octo_board_nestle_uns_20260927_191613/42001.mp4,logs/octo_parallel_20260928_021558_config26.log
26,board_nestle_uns,42002,0,demo_envs/test_unseen_scenes_move_from_board_to_board_nestle/evaluations/octo_board_nestle_uns_20260927_191613/42002.mp4,logs/octo_parallel_20260928_021558_config26.log
26,board_nestle_uns,42003,0,demo_envs/test_unseen_scenes_move_from_board_to_board_nestle/evaluations/octo_board_nestle_uns_20260927_191613/42003.mp4,logs/octo_parallel_20260928_021558_config26.log
26,board_nestle_uns,42004,0,demo_envs/test_unseen_scenes_move_from_board_to_board_nestle/evaluations/octo_board_nestle_uns_20260927_191613/42004.mp4,logs/octo_parallel_20260928_021558_config26.log
26,board_nestle_uns,42005,0,demo_envs/test_unseen_scenes_move_from_board_to_board_nestle/evaluations/octo_board_nestle_uns_20260927_191613/42005.mp4,logs/octo_parallel_20260928_021558_config26.log
26,board_nestle_uns,42006,0,demo_envs/test_unseen_scenes_move_from_board_to_board_nestle/evaluations/octo_board_nestle_uns_20260927_191613/42006.mp4,logs/octo_parallel_20260928_021558_config26.log
26,board_nestle_uns,42007,0,demo_envs/test_unseen_scenes_move_from_board_to_board_nestle/evaluations/octo_board_nestle_uns_20260927_191613/42007.mp4,logs/octo_parallel_20260928_021558_config26.log
26,board_nestle_uns,42008,0,demo_envs/test_unseen_scenes_move_from_board_to_board_nestle/evaluations/octo_board_nestle_uns_20260927_191613/42008.mp4,logs/octo_parallel_20260928_021558_config26.log
26,board_nestle_uns,42009,0,demo_envs/test_unseen_scenes_move_from_board_to_board_nestle/evaluations/octo_board_nestle_uns_20260927_191613/42009.mp4,logs/octo_parallel_20260928_021558_config26.log
26,board_nestle_uns,42010,0,demo_envs/test_unseen_scenes_move_from_board_to_board_nestle/evaluations/octo_board_nestle_uns_20260927_191613/42010.mp4,logs/octo_parallel_20260928_021558_config26.log
26,board_nestle_uns,42011,0,demo_envs/test_unseen_scenes_move_from_board_to_board_nestle/evaluations/octo_board_nestle_uns_20260927_191613/42011.mp4,logs/octo_parallel_20260928_021558_config26.log
26,board_nestle_uns,42012,0,demo_envs/test_unseen_scenes_move_from_board_to_board_nestle/evaluations/octo_board_nestle_uns_20260927_191613/42012.mp4,logs/octo_parallel_20260928_021558_config26.log
26,board_nestle_uns,42013,0,demo_envs/test_unseen_scenes_move_from_board_to_board_nestle/evaluations/octo_board_nestle_uns_20260927_191613/42013.mp4,logs/octo_parallel_20260928_021558_config26.log
26,board_nestle_uns,42014,0,demo_envs/test_unseen_scenes_move_from_board_to_board_nestle/evaluations/octo_board_nestle_uns_20260927_191613/42014.mp4,logs/octo_parallel_20260928_021558_config26.log
26,board_nestle_uns,42015,0,demo_envs/test_unseen_scenes_move_from_board_to_board_nestle/evaluations/octo_board_nestle_uns_20260927_191613/42015.mp4,logs/octo_parallel_20260928_021558_config26.log
26,board_nestle_uns,42016,0,demo_envs/test_unseen_scenes_move_from_board_to_board_nestle/evaluations/octo_board_nestle_uns_20260927_191613/42016.mp4,logs/octo_parallel_20260928_021558_config26.log
26,board_nestle_uns,42017,0,demo_envs/test_unseen_scenes_move_from_board_to_board_nestle/evaluations/octo_board_nestle_uns_20260927_191613/42017.mp4,logs/octo_parallel_20260928_021558_config26.log
26,board_nestle_uns,42018,0,demo_envs/test_unseen_scenes_move_from_board_to_board_nestle/evaluations/octo_board_nestle_uns_20260927_191613/42018.mp4,logs/octo_parallel_20260928_021558_config26.log
26,board_nestle_uns,42019,0,demo_envs/test_unseen_scenes_move_from_board_to_board_nestle/evaluations/octo_board_nestle_uns_20260927_191613/42019.mp4,logs/octo_parallel_20260928_021558_config26.log
26,board_nestle_uns,42020,0,demo_envs/test_unseen_scenes_move_from_board_to_board_nestle/evaluations/octo_board_nestle_uns_20260927_191613/42020.mp4,logs/octo_parallel_20260928_021558_config26.log
26,board_nestle_uns,42021,0,demo_envs/test_unseen_scenes_move_from_board_to_board_nestle/evaluations/octo_board_nestle_uns_20260927_191613/42021.mp4,logs/octo_parallel_20260928_021558_config26.log
26,board_nestle_uns,42022,0,demo_envs/test_unseen_scenes_move_from_board_to_board_nestle/evaluations/octo_board_nestle_uns_20260927_191613/42022.mp4,logs/octo_parallel_20260928_021558_config26.log
26,board_nestle_uns,42023,0,demo_envs/test_unseen_scenes_move_from_board_to_board_nestle/evaluations/octo_board_nestle_uns_20260927_191613/42023.mp4,logs/octo_parallel_20260928_021558_config26.log
26,board_nestle_uns,42024,0,demo_envs/test_unseen_scenes_move_from_board_to_board_nestle/evaluations/octo_board_nestle_uns_20260927_191613/42024.mp4,logs/octo_parallel_20260928_021558_config26.log
26,board_nestle_uns,42025,0,demo_envs/test_unseen_scenes_move_from_board_to_board_nestle/evaluations/octo_board_nestle_uns_20260927_191613/42025.mp4,logs/octo_parallel_20260928_021558_config26.log
26,board_nestle_uns,42026,0,demo_envs/test_unseen_scenes_move_from_board_to_board_nestle/evaluations/octo_board_nestle_uns_20260927_191613/42026.mp4,logs/octo_parallel_20260928_021558_config26.log
26,board_nestle_uns,42027,0,demo_envs/test_unseen_scenes_move_from_board_to_board_nestle/evaluations/octo_board_nestle_uns_20260927_191613/42027.mp4,logs/octo_parallel_20260928_021558_config26.log
26,board_nestle_uns,42028,0,demo_envs/test_unseen_scenes_move_from_board_to_board_nestle/evaluations/octo_board_nestle_uns_20260927_191613/42028.mp4,logs/octo_parallel_20260928_021558_config26.log
26,board_nestle_uns,42029,0,demo_envs/test_unseen_scenes_move_from_board_to_board_nestle/evaluations/octo_board_nestle_uns_20260927_191613/42029.mp4,logs/octo_parallel_20260928_021558_config26.log
27,board_vanish_uns,42000,0,demo_envs/test_unseen_scenes_move_from_board_to_board_vanish/evaluations/octo_board_vanish_uns_20260927_191613/42000.mp4,logs/octo_parallel_20260928_021558_config27.log
27,board_vanish_uns,42001,0,demo_envs/test_unseen_scenes_move_from_board_to_board_vanish/evaluations/octo_board_vanish_uns_20260927_191613/42001.mp4,logs/octo_parallel_20260928_021558_config27.log
27,board_vanish_uns,42002,0,demo_envs/test_unseen_scenes_move_from_board_to_board_vanish/evaluations/octo_board_vanish_uns_20260927_191613/42002.mp4,logs/octo_parallel_20260928_021558_config27.log
27,board_vanish_uns,42003,0,demo_envs/test_unseen_scenes_move_from_board_to_board_vanish/evaluations/octo_board_vanish_uns_20260927_191613/42003.mp4,logs/octo_parallel_20260928_021558_config27.log
27,board_vanish_uns,42004,0,demo_envs/test_unseen_scenes_move_from_board_to_board_vanish/evaluations/octo_board_vanish_uns_20260927_191613/42004.mp4,logs/octo_parallel_20260928_021558_config27.log
27,board_vanish_uns,42005,0,demo_envs/test_unseen_scenes_move_from_board_to_board_vanish/evaluations/octo_board_vanish_uns_20260927_191613/42005.mp4,logs/octo_parallel_20260928_021558_config27.log
27,board_vanish_uns,42006,0,demo_envs/test_unseen_scenes_move_from_board_to_board_vanish/evaluations/octo_board_vanish_uns_20260927_191613/42006.mp4,logs/octo_parallel_20260928_021558_config27.log
27,board_vanish_uns,42007,0,demo_envs/test_unseen_scenes_move_from_board_to_board_vanish/evaluations/octo_board_vanish_uns_20260927_191613/42007.mp4,logs/octo_parallel_20260928_021558_config27.log
27,board_vanish_uns,42008,0,demo_envs/test_unseen_scenes_move_from_board_to_board_vanish/evaluations/octo_board_vanish_uns_20260927_191613/42008.mp4,logs/octo_parallel_20260928_021558_config27.log
27,board_vanish_uns,42009,0,demo_envs/test_unseen_scenes_move_from_board_to_board_vanish/evaluations/octo_board_vanish_uns_20260927_191613/42009.mp4,logs/octo_parallel_20260928_021558_config27.log
27,board_vanish_uns,42010,0,demo_envs/test_unseen_scenes_move_from_board_to_board_vanish/evaluations/octo_board_vanish_uns_20260927_191613/42010.mp4,logs/octo_parallel_20260928_021558_config27.log
27,board_vanish_uns,42011,0,demo_envs/test_unseen_scenes_move_from_board_to_board_vanish/evaluations/octo_board_vanish_uns_20260927_191613/42011.mp4,logs/octo_parallel_20260928_021558_config27.log
27,board_vanish_uns,42012,0,demo_envs/test_unseen_scenes_move_from_board_to_board_vanish/evaluations/octo_board_vanish_uns_20260927_191613/42012.mp4,logs/octo_parallel_20260928_021558_config27.log
27,board_vanish_uns,42013,0,demo_envs/test_unseen_scenes_move_from_board_to_board_vanish/evaluations/octo_board_vanish_uns_20260927_191613/42013.mp4,logs/octo_parallel_20260928_021558_config27.log
27,board_vanish_uns,42014,0,demo_envs/test_unseen_scenes_move_from_board_to_board_vanish/evaluations/octo_board_vanish_uns_20260927_191613/42014.mp4,logs/octo_parallel_20260928_021558_config27.log
27,board_vanish_uns,42015,0,demo_envs/test_unseen_scenes_move_from_board_to_board_vanish/evaluations/octo_board_vanish_uns_20260927_191613/42015.mp4,logs/octo_parallel_20260928_021558_config27.log
27,board_vanish_uns,42016,0,demo_envs/test_unseen_scenes_move_from_board_to_board_vanish/evaluations/octo_board_vanish_uns_20260927_191613/42016.mp4,logs/octo_parallel_20260928_021558_config27.log
27,board_vanish_uns,42017,0,demo_envs/test_unseen_scenes_move_from_board_to_board_vanish/evaluations/octo_board_vanish_uns_20260927_191613/42017.mp4,logs/octo_parallel_20260928_021558_config27.log
27,board_vanish_uns,42018,0,demo_envs/test_unseen_scenes_move_from_board_to_board_vanish/evaluations/octo_board_vanish_uns_20260927_191613/42018.mp4,logs/octo_parallel_20260928_021558_config27.log
27,board_vanish_uns,42019,0,demo_envs/test_unseen_scenes_move_from_board_to_board_vanish/evaluations/octo_board_vanish_uns_20260927_191613/42019.mp4,logs/octo_parallel_20260928_021558_config27.log
27,board_vanish_uns,42020,0,demo_envs/test_unseen_scenes_move_from_board_to_board_vanish/evaluations/octo_board_vanish_uns_20260927_191613/42020.mp4,logs/octo_parallel_20260928_021558_config27.log
27,board_vanish_uns,42021,0,demo_envs/test_unseen_scenes_move_from_board_to_board_vanish/evaluations/octo_board_vanish_uns_20260927_191613/42021.mp4,logs/octo_parallel_20260928_021558_config27.log
27,board_vanish_uns,42022,0,demo_envs/test_unseen_scenes_move_from_board_to_board_vanish/evaluations/octo_board_vanish_uns_20260927_191613/42022.mp4,logs/octo_parallel_20260928_021558_config27.log
27,board_vanish_uns,42023,0,demo_envs/test_unseen_scenes_move_from_board_to_board_vanish/evaluations/octo_board_vanish_uns_20260927_191613/42023.mp4,logs/octo_parallel_20260928_021558_config27.log
27,board_vanish_uns,42024,0,demo_envs/test_unseen_scenes_move_from_board_to_board_vanish/evaluations/octo_board_vanish_uns_20260927_191613/42024.mp4,logs/octo_parallel_20260928_021558_config27.log
27,board_vanish_uns,42025,0,demo_envs/test_unseen_scenes_move_from_board_to_board_vanish/evaluations/octo_board_vanish_uns_20260927_191613/42025.mp4,logs/octo_parallel_20260928_021558_config27.log
27,board_vanish_uns,42026,0,demo_envs/test_unseen_scenes_move_from_board_to_board_vanish/evaluations/octo_board_vanish_uns_20260927_191613/42026.mp4,logs/octo_parallel_20260928_021558_config27.log
27,board_vanish_uns,42027,0,demo_envs/test_unseen_scenes_move_from_board_to_board_vanish/evaluations/octo_board_vanish_uns_20260927_191613/42027.mp4,logs/octo_parallel_20260928_021558_config27.log
27,board_vanish_uns,42028,0,demo_envs/test_unseen_scenes_move_from_board_to_board_vanish/evaluations/octo_board_vanish_uns_20260927_191613/42028.mp4,logs/octo_parallel_20260928_021558_config27.log
27,board_vanish_uns,42029,0,demo_envs/test_unseen_scenes_move_from_board_to_board_vanish/evaluations/octo_board_vanish_uns_20260927_191613/42029.mp4,logs/octo_parallel_20260928_021558_config27.log
28,open_fridge_uns,42000,0,demo_envs/open_fridge/evaluations/octo_open_fridge_uns_20260927_191613/42000.mp4,logs/octo_parallel_20260928_021558_config28.log
28,open_fridge_uns,42001,0,demo_envs/open_fridge/evaluations/octo_open_fridge_uns_20260927_191613/42001.mp4,logs/octo_parallel_20260928_021558_config28.log
28,open_fridge_uns,42002,0,demo_envs/open_fridge/evaluations/octo_open_fridge_uns_20260927_191613/42002.mp4,logs/octo_parallel_20260928_021558_config28.log
28,open_fridge_uns,42003,0,demo_envs/open_fridge/evaluations/octo_open_fridge_uns_20260927_191613/42003.mp4,logs/octo_parallel_20260928_021558_config28.log
28,open_fridge_uns,42004,0,demo_envs/open_fridge/evaluations/octo_open_fridge_uns_20260927_191613/42004.mp4,logs/octo_parallel_20260928_021558_config28.log
28,open_fridge_uns,42005,0,demo_envs/open_fridge/evaluations/octo_open_fridge_uns_20260927_191613/42005.mp4,logs/octo_parallel_20260928_021558_config28.log
28,open_fridge_uns,42006,0,demo_envs/open_fridge/evaluations/octo_open_fridge_uns_20260927_191613/42006.mp4,logs/octo_parallel_20260928_021558_config28.log
28,open_fridge_uns,42007,0,demo_envs/open_fridge/evaluations/octo_open_fridge_uns_20260927_191613/42007.mp4,logs/octo_parallel_20260928_021558_config28.log
28,open_fridge_uns,42008,0,demo_envs/open_fridge/evaluations/octo_open_fridge_uns_20260927_191613/42008.mp4,logs/octo_parallel_20260928_021558_config28.log
28,open_fridge_uns,42009,0,demo_envs/open_fridge/evaluations/octo_open_fridge_uns_20260927_191613/42009.mp4,logs/octo_parallel_20260928_021558_config28.log
28,open_fridge_uns,42010,0,demo_envs/open_fridge/evaluations/octo_open_fridge_uns_20260927_191613/42010.mp4,logs/octo_parallel_20260928_021558_config28.log
28,open_fridge_uns,42011,0,demo_envs/open_fridge/evaluations/octo_open_fridge_uns_20260927_191613/42011.mp4,logs/octo_parallel_20260928_021558_config28.log
28,open_fridge_uns,42012,0,demo_envs/open_fridge/evaluations/octo_open_fridge_uns_20260927_191613/42012.mp4,logs/octo_parallel_20260928_021558_config28.log
28,open_fridge_uns,42013,0,demo_envs/open_fridge/evaluations/octo_open_fridge_uns_20260927_191613/42013.mp4,logs/octo_parallel_20260928_021558_config28.log
28,open_fridge_uns,42014,0,demo_envs/open_fridge/evaluations/octo_open_fridge_uns_20260927_191613/42014.mp4,logs/octo_parallel_20260928_021558_config28.log
28,open_fridge_uns,42015,0,demo_envs/open_fridge/evaluations/octo_open_fridge_uns_20260927_191613/42015.mp4,logs/octo_parallel_20260928_021558_config28.log
28,open_fridge_uns,42016,0,demo_envs/open_fridge/evaluations/octo_open_fridge_uns_20260927_191613/42016.mp4,logs/octo_parallel_20260928_021558_config28.log
28,open_fridge_uns,42017,0,demo_envs/open_fridge/evaluations/octo_open_fridge_uns_20260927_191613/42017.mp4,logs/octo_parallel_20260928_021558_config28.log
28,open_fridge_uns,42018,0,demo_envs/open_fridge/evaluations/octo_open_fridge_uns_20260927_191613/42018.mp4,logs/octo_parallel_20260928_021558_config28.log
28,open_fridge_uns,42019,0,demo_envs/open_fridge/evaluations/octo_open_fridge_uns_20260927_191613/42019.mp4,logs/octo_parallel_20260928_021558_config28.log
28,open_fridge_uns,42020,0,demo_envs/open_fridge/evaluations/octo_open_fridge_uns_20260927_191613/42020.mp4,logs/octo_parallel_20260928_021558_config28.log
28,open_fridge_uns,42021,0,demo_envs/open_fridge/evaluations/octo_open_fridge_uns_20260927_191613/42021.mp4,logs/octo_parallel_20260928_021558_config28.log
28,open_fridge_uns,42022,0,demo_envs/open_fridge/evaluations/octo_open_fridge_uns_20260927_191613/42022.mp4,logs/octo_parallel_20260928_021558_config28.log
28,open_fridge_uns,42023,0,demo_envs/open_fridge/evaluations/octo_open_fridge_uns_20260927_191613/42023.mp4,logs/octo_parallel_20260928_021558_config28.log
28,open_fridge_uns,42024,0,demo_envs/open_fridge/evaluations/octo_open_fridge_uns_20260927_191613/42024.mp4,logs/octo_parallel_20260928_021558_config28.log
28,open_fridge_uns,42025,0,demo_envs/open_fridge/evaluations/octo_open_fridge_uns_20260927_191613/42025.mp4,logs/octo_parallel_20260928_021558_config28.log
28,open_fridge_uns,42026,0,demo_envs/open_fridge/evaluations/octo_open_fridge_uns_20260927_191613/42026.mp4,logs/octo_parallel_20260928_021558_config28.log
28,open_fridge_uns,42027,0,demo_envs/open_fridge/evaluations/octo_open_fridge_uns_20260927_191613/42027.mp4,logs/octo_parallel_20260928_021558_config28.log
28,open_fridge_uns,42028,0,demo_envs/open_fridge/evaluations/octo_open_fridge_uns_20260927_191613/42028.mp4,logs/octo_parallel_20260928_021558_config28.log
28,open_fridge_uns,42029,0,demo_envs/open_fridge/evaluations/octo_open_fridge_uns_20260927_191613/42029.mp4,logs/octo_parallel_20260928_021558_config28.log
29,close_fridge_uns,42000,0,demo_envs/close_fridge/evaluations/octo_close_fridge_uns_20260927_191613/42000.mp4,logs/octo_parallel_20260928_021558_config29.log
29,close_fridge_uns,42001,0,demo_envs/close_fridge/evaluations/octo_close_fridge_uns_20260927_191613/42001.mp4,logs/octo_parallel_20260928_021558_config29.log
29,close_fridge_uns,42002,0,demo_envs/close_fridge/evaluations/octo_close_fridge_uns_20260927_191613/42002.mp4,logs/octo_parallel_20260928_021558_config29.log
29,close_fridge_uns,42003,0,demo_envs/close_fridge/evaluations/octo_close_fridge_uns_20260927_191613/42003.mp4,logs/octo_parallel_20260928_021558_config29.log
29,close_fridge_uns,42004,0,demo_envs/close_fridge/evaluations/octo_close_fridge_uns_20260927_191613/42004.mp4,logs/octo_parallel_20260928_021558_config29.log
29,close_fridge_uns,42005,0,demo_envs/close_fridge/evaluations/octo_close_fridge_uns_20260927_191613/42005.mp4,logs/octo_parallel_20260928_021558_config29.log
29,close_fridge_uns,42006,0,demo_envs/close_fridge/evaluations/octo_close_fridge_uns_20260927_191613/42006.mp4,logs/octo_parallel_20260928_021558_config29.log
29,close_fridge_uns,42007,0,demo_envs/close_fridge/evaluations/octo_close_fridge_uns_20260927_191613/42007.mp4,logs/octo_parallel_20260928_021558_config29.log
29,close_fridge_uns,42008,0,demo_envs/close_fridge/evaluations/octo_close_fridge_uns_20260927_191613/42008.mp4,logs/octo_parallel_20260928_021558_config29.log
29,close_fridge_uns,42009,0,demo_envs/close_fridge/evaluations/octo_close_fridge_uns_20260927_191613/42009.mp4,logs/octo_parallel_20260928_021558_config29.log
29,close_fridge_uns,42010,0,demo_envs/close_fridge/evaluations/octo_close_fridge_uns_20260927_191613/42010.mp4,logs/octo_parallel_20260928_021558_config29.log
29,close_fridge_uns,42011,0,demo_envs/close_fridge/evaluations/octo_close_fridge_uns_20260927_191613/42011.mp4,logs/octo_parallel_20260928_021558_config29.log
29,close_fridge_uns,42012,0,demo_envs/close_fridge/evaluations/octo_close_fridge_uns_20260927_191613/42012.mp4,logs/octo_parallel_20260928_021558_config29.log
29,close_fridge_uns,42013,0,demo_envs/close_fridge/evaluations/octo_close_fridge_uns_20260927_191613/42013.mp4,logs/octo_parallel_20260928_021558_config29.log
29,close_fridge_uns,42014,0,demo_envs/close_fridge/evaluations/octo_close_fridge_uns_20260927_191613/42014.mp4,logs/octo_parallel_20260928_021558_config29.log
29,close_fridge_uns,42015,0,demo_envs/close_fridge/evaluations/octo_close_fridge_uns_20260927_191613/42015.mp4,logs/octo_parallel_20260928_021558_config29.log
29,close_fridge_uns,42016,0,demo_envs/close_fridge/evaluations/octo_close_fridge_uns_20260927_191613/42016.mp4,logs/octo_parallel_20260928_021558_config29.log
29,close_fridge_uns,42017,0,demo_envs/close_fridge/evaluations/octo_close_fridge_uns_20260927_191613/42017.mp4,logs/octo_parallel_20260928_021558_config29.log
29,close_fridge_uns,42018,0,demo_envs/close_fridge/evaluations/octo_close_fridge_uns_20260927_191613/42018.mp4,logs/octo_parallel_20260928_021558_config29.log
29,close_fridge_uns,42019,0,demo_envs/close_fridge/evaluations/octo_close_fridge_uns_20260927_191613/42019.mp4,logs/octo_parallel_20260928_021558_config29.log
29,close_fridge_uns,42020,0,demo_envs/close_fridge/evaluations/octo_close_fridge_uns_20260927_191613/42020.mp4,logs/octo_parallel_20260928_021558_config29.log
29,close_fridge_uns,42021,0,demo_envs/close_fridge/evaluations/octo_close_fridge_uns_20260927_191613/42021.mp4,logs/octo_parallel_20260928_021558_config29.log
29,close_fridge_uns,42022,0,demo_envs/close_fridge/evaluations/octo_close_fridge_uns_20260927_191613/42022.mp4,logs/octo_parallel_20260928_021558_config29.log
29,close_fridge_uns,42023,0,demo_envs/close_fridge/evaluations/octo_close_fridge_uns_20260927_191613/42023.mp4,logs/octo_parallel_20260928_021558_config29.log
29,close_fridge_uns,42024,0,demo_envs/close_fridge/evaluations/octo_close_fridge_uns_20260927_191613/42024.mp4,logs/octo_parallel_20260928_021558_config29.log
29,close_fridge_uns,42025,0,demo_envs/close_fridge/evaluations/octo_close_fridge_uns_20260927_191613/42025.mp4,logs/octo_parallel_20260928_021558_config29.log
29,close_fridge_uns,42026,0,demo_envs/close_fridge/evaluations/octo_close_fridge_uns_20260927_191613/42026.mp4,logs/octo_parallel_20260928_021558_config29.log
29,close_fridge_uns,42027,0,demo_envs/close_fridge/evaluations/octo_close_fridge_uns_20260927_191613/42027.mp4,logs/octo_parallel_20260928_021558_config29.log
29,close_fridge_uns,42028,0,demo_envs/close_fridge/evaluations/octo_close_fridge_uns_20260927_191613/42028.mp4,logs/octo_parallel_20260928_021558_config29.log
29,close_fridge_uns,42029,0,demo_envs/close_fridge/evaluations/octo_close_fridge_uns_20260927_191613/42029.mp4,logs/octo_parallel_20260928_021558_config29.log
30,open_showcase_uns,42000,0,demo_envs/open_showcase/evaluations/octo_open_showcase_uns_20260927_191613/42000.mp4,logs/octo_parallel_20260928_021558_config30.log
30,open_showcase_uns,42001,0,demo_envs/open_showcase/evaluations/octo_open_showcase_uns_20260927_191613/42001.mp4,logs/octo_parallel_20260928_021558_config30.log
30,open_showcase_uns,42002,0,demo_envs/open_showcase/evaluations/octo_open_showcase_uns_20260927_191613/42002.mp4,logs/octo_parallel_20260928_021558_config30.log
30,open_showcase_uns,42003,0,demo_envs/open_showcase/evaluations/octo_open_showcase_uns_20260927_191613/42003.mp4,logs/octo_parallel_20260928_021558_config30.log
30,open_showcase_uns,42004,0,demo_envs/open_showcase/evaluations/octo_open_showcase_uns_20260927_191613/42004.mp4,logs/octo_parallel_20260928_021558_config30.log
30,open_showcase_uns,42005,0,demo_envs/open_showcase/evaluations/octo_open_showcase_uns_20260927_191613/42005.mp4,logs/octo_parallel_20260928_021558_config30.log
30,open_showcase_uns,42006,0,demo_envs/open_showcase/evaluations/octo_open_showcase_uns_20260927_191613/42006.mp4,logs/octo_parallel_20260928_021558_config30.log
30,open_showcase_uns,42007,0,demo_envs/open_showcase/evaluations/octo_open_showcase_uns_20260927_191613/42007.mp4,logs/octo_parallel_20260928_021558_config30.log
30,open_showcase_uns,42008,0,demo_envs/open_showcase/evaluations/octo_open_showcase_uns_20260927_191613/42008.mp4,logs/octo_parallel_20260928_021558_config30.log
30,open_showcase_uns,42009,0,demo_envs/open_showcase/evaluations/octo_open_showcase_uns_20260927_191613/42009.mp4,logs/octo_parallel_20260928_021558_config30.log
30,open_showcase_uns,42010,0,demo_envs/open_showcase/evaluations/octo_open_showcase_uns_20260927_191613/42010.mp4,logs/octo_parallel_20260928_021558_config30.log
30,open_showcase_uns,42011,0,demo_envs/open_showcase/evaluations/octo_open_showcase_uns_20260927_191613/42011.mp4,logs/octo_parallel_20260928_021558_config30.log
30,open_showcase_uns,42012,0,demo_envs/open_showcase/evaluations/octo_open_showcase_uns_20260927_191613/42012.mp4,logs/octo_parallel_20260928_021558_config30.log
30,open_showcase_uns,42013,0,demo_envs/open_showcase/evaluations/octo_open_showcase_uns_20260927_191613/42013.mp4,logs/octo_parallel_20260928_021558_config30.log
30,open_showcase_uns,42014,0,demo_envs/open_showcase/evaluations/octo_open_showcase_uns_20260927_191613/42014.mp4,logs/octo_parallel_20260928_021558_config30.log
30,open_showcase_uns,42015,0,demo_envs/open_showcase/evaluations/octo_open_showcase_uns_20260927_191613/42015.mp4,logs/octo_parallel_20260928_021558_config30.log
30,open_showcase_uns,42016,0,demo_envs/open_showcase/evaluations/octo_open_showcase_uns_20260927_191613/42016.mp4,logs/octo_parallel_20260928_021558_config30.log
30,open_showcase_uns,42017,0,demo_envs/open_showcase/evaluations/octo_open_showcase_uns_20260927_191613/42017.mp4,logs/octo_parallel_20260928_021558_config30.log
30,open_showcase_uns,42018,0,demo_envs/open_showcase/evaluations/octo_open_showcase_uns_20260927_191613/42018.mp4,logs/octo_parallel_20260928_021558_config30.log
30,open_showcase_uns,42019,0,demo_envs/open_showcase/evaluations/octo_open_showcase_uns_20260927_191613/42019.mp4,logs/octo_parallel_20260928_021558_config30.log
30,open_showcase_uns,42020,0,demo_envs/open_showcase/evaluations/octo_open_showcase_uns_20260927_191613/42020.mp4,logs/octo_parallel_20260928_021558_config30.log
30,open_showcase_uns,42021,0,demo_envs/open_showcase/evaluations/octo_open_showcase_uns_20260927_191613/42021.mp4,logs/octo_parallel_20260928_021558_config30.log
30,open_showcase_uns,42022,0,demo_envs/open_showcase/evaluations/octo_open_showcase_uns_20260927_191613/42022.mp4,logs/octo_parallel_20260928_021558_config30.log
30,open_showcase_uns,42023,0,demo_envs/open_showcase/evaluations/octo_open_showcase_uns_20260927_191613/42023.mp4,logs/octo_parallel_20260928_021558_config30.log
30,open_showcase_uns,42024,0,demo_envs/open_showcase/evaluations/octo_open_showcase_uns_20260927_191613/42024.mp4,logs/octo_parallel_20260928_021558_config30.log
30,open_showcase_uns,42025,0,demo_envs/open_showcase/evaluations/octo_open_showcase_uns_20260927_191613/42025.mp4,logs/octo_parallel_20260928_021558_config30.log
30,open_showcase_uns,42026,0,demo_envs/open_showcase/evaluations/octo_open_showcase_uns_20260927_191613/42026.mp4,logs/octo_parallel_20260928_021558_config30.log
30,open_showcase_uns,42027,0,demo_envs/open_showcase/evaluations/octo_open_showcase_uns_20260927_191613/42027.mp4,logs/octo_parallel_20260928_021558_config30.log
30,open_showcase_uns,42028,0,demo_envs/open_showcase/evaluations/octo_open_showcase_uns_20260927_191613/42028.mp4,logs/octo_parallel_20260928_021558_config30.log
30,open_showcase_uns,42029,0,demo_envs/open_showcase/evaluations/octo_open_showcase_uns_20260927_191613/42029.mp4,logs/octo_parallel_20260928_021558_config30.log
31,close_showcase_uns,42000,0,demo_envs/close_showcase/evaluations/octo_close_showcase_uns_20260927_191613/42000.mp4,logs/octo_parallel_20260928_021558_config31.log
31,close_showcase_uns,42001,0,demo_envs/close_showcase/evaluations/octo_close_showcase_uns_20260927_191613/42001.mp4,logs/octo_parallel_20260928_021558_config31.log
31,close_showcase_uns,42002,0,demo_envs/close_showcase/evaluations/octo_close_showcase_uns_20260927_191613/42002.mp4,logs/octo_parallel_20260928_021558_config31.log
31,close_showcase_uns,42003,0,demo_envs/close_showcase/evaluations/octo_close_showcase_uns_20260927_191613/42003.mp4,logs/octo_parallel_20260928_021558_config31.log
31,close_showcase_uns,42004,0,demo_envs/close_showcase/evaluations/octo_close_showcase_uns_20260927_191613/42004.mp4,logs/octo_parallel_20260928_021558_config31.log
31,close_showcase_uns,42005,1,demo_envs/close_showcase/evaluations/octo_close_showcase_uns_20260927_191613/42005.mp4,logs/octo_parallel_20260928_021558_config31.log
31,close_showcase_uns,42006,0,demo_envs/close_showcase/evaluations/octo_close_showcase_uns_20260927_191613/42006.mp4,logs/octo_parallel_20260928_021558_config31.log
31,close_showcase_uns,42007,0,demo_envs/close_showcase/evaluations/octo_close_showcase_uns_20260927_191613/42007.mp4,logs/octo_parallel_20260928_021558_config31.log
31,close_showcase_uns,42008,0,demo_envs/close_showcase/evaluations/octo_close_showcase_uns_20260927_191613/42008.mp4,logs/octo_parallel_20260928_021558_config31.log
31,close_showcase_uns,42009,0,demo_envs/close_showcase/evaluations/octo_close_showcase_uns_20260927_191613/42009.mp4,logs/octo_parallel_20260928_021558_config31.log
31,close_showcase_uns,42010,1,demo_envs/close_showcase/evaluations/octo_close_showcase_uns_20260927_191613/42010.mp4,logs/octo_parallel_20260928_021558_config31.log
31,close_showcase_uns,42011,0,demo_envs/close_showcase/evaluations/octo_close_showcase_uns_20260927_191613/42011.mp4,logs/octo_parallel_20260928_021558_config31.log
31,close_showcase_uns,42012,0,demo_envs/close_showcase/evaluations/octo_close_showcase_uns_20260927_191613/42012.mp4,logs/octo_parallel_20260928_021558_config31.log
31,close_showcase_uns,42013,0,demo_envs/close_showcase/evaluations/octo_close_showcase_uns_20260927_191613/42013.mp4,logs/octo_parallel_20260928_021558_config31.log
31,close_showcase_uns,42014,0,demo_envs/close_showcase/evaluations/octo_close_showcase_uns_20260927_191613/42014.mp4,logs/octo_parallel_20260928_021558_config31.log
31,close_showcase_uns,42015,0,demo_envs/close_showcase/evaluations/octo_close_showcase_uns_20260927_191613/42015.mp4,logs/octo_parallel_20260928_021558_config31.log
31,close_showcase_uns,42016,0,demo_envs/close_showcase/evaluations/octo_close_showcase_uns_20260927_191613/42016.mp4,logs/octo_parallel_20260928_021558_config31.log
31,close_showcase_uns,42017,0,demo_envs/close_showcase/evaluations/octo_close_showcase_uns_20260927_191613/42017.mp4,logs/octo_parallel_20260928_021558_config31.log
31,close_showcase_uns,42018,0,demo_envs/close_showcase/evaluations/octo_close_showcase_uns_20260927_191613/42018.mp4,logs/octo_parallel_20260928_021558_config31.log
31,close_showcase_uns,42019,1,demo_envs/close_showcase/evaluations/octo_close_showcase_uns_20260927_191613/42019.mp4,logs/octo_parallel_20260928_021558_config31.log
31,close_showcase_uns,42020,0,demo_envs/close_showcase/evaluations/octo_close_showcase_uns_20260927_191613/42020.mp4,logs/octo_parallel_20260928_021558_config31.log
31,close_showcase_uns,42021,0,demo_envs/close_showcase/evaluations/octo_close_showcase_uns_20260927_191613/42021.mp4,logs/octo_parallel_20260928_021558_config31.log
31,close_showcase_uns,42022,0,demo_envs/close_showcase/evaluations/octo_close_showcase_uns_20260927_191613/42022.mp4,logs/octo_parallel_20260928_021558_config31.log
31,close_showcase_uns,42023,0,demo_envs/close_showcase/evaluations/octo_close_showcase_uns_20260927_191613/42023.mp4,logs/octo_parallel_20260928_021558_config31.log
31,close_showcase_uns,42024,0,demo_envs/close_showcase/evaluations/octo_close_showcase_uns_20260927_191613/42024.mp4,logs/octo_parallel_20260928_021558_config31.log
31,close_showcase_uns,42025,0,demo_envs/close_showcase/evaluations/octo_close_showcase_uns_20260927_191613/42025.mp4,logs/octo_parallel_20260928_021558_config31.log
31,close_showcase_uns,42026,0,demo_envs/close_showcase/evaluations/octo_close_showcase_uns_20260927_191613/42026.mp4,logs/octo_parallel_20260928_021558_config31.log
31,close_showcase_uns,42027,0,demo_envs/close_showcase/evaluations/octo_close_showcase_uns_20260927_191613/42027.mp4,logs/octo_parallel_20260928_021558_config31.log
31,close_showcase_uns,42028,0,demo_envs/close_showcase/evaluations/octo_close_showcase_uns_20260927_191613/42028.mp4,logs/octo_parallel_20260928_021558_config31.log
31,close_showcase_uns,42029,0,demo_envs/close_showcase/evaluations/octo_close_showcase_uns_20260927_191613/42029.mp4,logs/octo_parallel_20260928_021558_config31.log
32,floor_beans_uns,42000,0,demo_envs/test_unseen_scenes_pick_from_floor/evaluations/octo_floor_beans_uns_20260927_191613/42000.mp4,logs/octo_parallel_20260928_021558_config32.log
32,floor_beans_uns,42001,0,demo_envs/test_unseen_scenes_pick_from_floor/evaluations/octo_floor_beans_uns_20260927_191613/42001.mp4,logs/octo_parallel_20260928_021558_config32.log
32,floor_beans_uns,42002,0,demo_envs/test_unseen_scenes_pick_from_floor/evaluations/octo_floor_beans_uns_20260927_191613/42002.mp4,logs/octo_parallel_20260928_021558_config32.log
32,floor_beans_uns,42003,0,demo_envs/test_unseen_scenes_pick_from_floor/evaluations/octo_floor_beans_uns_20260927_191613/42003.mp4,logs/octo_parallel_20260928_021558_config32.log
32,floor_beans_uns,42004,0,demo_envs/test_unseen_scenes_pick_from_floor/evaluations/octo_floor_beans_uns_20260927_191613/42004.mp4,logs/octo_parallel_20260928_021558_config32.log
32,floor_beans_uns,42005,0,demo_envs/test_unseen_scenes_pick_from_floor/evaluations/octo_floor_beans_uns_20260927_191613/42005.mp4,logs/octo_parallel_20260928_021558_config32.log
32,floor_beans_uns,42006,0,demo_envs/test_unseen_scenes_pick_from_floor/evaluations/octo_floor_beans_uns_20260927_191613/42006.mp4,logs/octo_parallel_20260928_021558_config32.log
32,floor_beans_uns,42007,0,demo_envs/test_unseen_scenes_pick_from_floor/evaluations/octo_floor_beans_uns_20260927_191613/42007.mp4,logs/octo_parallel_20260928_021558_config32.log
32,floor_beans_uns,42008,0,demo_envs/test_unseen_scenes_pick_from_floor/evaluations/octo_floor_beans_uns_20260927_191613/42008.mp4,logs/octo_parallel_20260928_021558_config32.log
32,floor_beans_uns,42009,0,demo_envs/test_unseen_scenes_pick_from_floor/evaluations/octo_floor_beans_uns_20260927_191613/42009.mp4,logs/octo_parallel_20260928_021558_config32.log
32,floor_beans_uns,42010,0,demo_envs/test_unseen_scenes_pick_from_floor/evaluations/octo_floor_beans_uns_20260927_191613/42010.mp4,logs/octo_parallel_20260928_021558_config32.log
32,floor_beans_uns,42011,0,demo_envs/test_unseen_scenes_pick_from_floor/evaluations/octo_floor_beans_uns_20260927_191613/42011.mp4,logs/octo_parallel_20260928_021558_config32.log
32,floor_beans_uns,42012,0,demo_envs/test_unseen_scenes_pick_from_floor/evaluations/octo_floor_beans_uns_20260927_191613/42012.mp4,logs/octo_parallel_20260928_021558_config32.log
32,floor_beans_uns,42013,0,demo_envs/test_unseen_scenes_pick_from_floor/evaluations/octo_floor_beans_uns_20260927_191613/42013.mp4,logs/octo_parallel_20260928_021558_config32.log
32,floor_beans_uns,42014,0,demo_envs/test_unseen_scenes_pick_from_floor/evaluations/octo_floor_beans_uns_20260927_191613/42014.mp4,logs/octo_parallel_20260928_021558_config32.log
32,floor_beans_uns,42015,0,demo_envs/test_unseen_scenes_pick_from_floor/evaluations/octo_floor_beans_uns_20260927_191613/42015.mp4,logs/octo_parallel_20260928_021558_config32.log
32,floor_beans_uns,42016,0,demo_envs/test_unseen_scenes_pick_from_floor/evaluations/octo_floor_beans_uns_20260927_191613/42016.mp4,logs/octo_parallel_20260928_021558_config32.log
32,floor_beans_uns,42017,0,demo_envs/test_unseen_scenes_pick_from_floor/evaluations/octo_floor_beans_uns_20260927_191613/42017.mp4,logs/octo_parallel_20260928_021558_config32.log
32,floor_beans_uns,42018,0,demo_envs/test_unseen_scenes_pick_from_floor/evaluations/octo_floor_beans_uns_20260927_191613/42018.mp4,logs/octo_parallel_20260928_021558_config32.log
32,floor_beans_uns,42019,0,demo_envs/test_unseen_scenes_pick_from_floor/evaluations/octo_floor_beans_uns_20260927_191613/42019.mp4,logs/octo_parallel_20260928_021558_config32.log
32,floor_beans_uns,42020,0,demo_envs/test_unseen_scenes_pick_from_floor/evaluations/octo_floor_beans_uns_20260927_191613/42020.mp4,logs/octo_parallel_20260928_021558_config32.log
32,floor_beans_uns,42021,0,demo_envs/test_unseen_scenes_pick_from_floor/evaluations/octo_floor_beans_uns_20260927_191613/42021.mp4,logs/octo_parallel_20260928_021558_config32.log
32,floor_beans_uns,42022,0,demo_envs/test_unseen_scenes_pick_from_floor/evaluations/octo_floor_beans_uns_20260927_191613/42022.mp4,logs/octo_parallel_20260928_021558_config32.log
32,floor_beans_uns,42023,0,demo_envs/test_unseen_scenes_pick_from_floor/evaluations/octo_floor_beans_uns_20260927_191613/42023.mp4,logs/octo_parallel_20260928_021558_config32.log
32,floor_beans_uns,42024,0,demo_envs/test_unseen_scenes_pick_from_floor/evaluations/octo_floor_beans_uns_20260927_191613/42024.mp4,logs/octo_parallel_20260928_021558_config32.log
32,floor_beans_uns,42025,0,demo_envs/test_unseen_scenes_pick_from_floor/evaluations/octo_floor_beans_uns_20260927_191613/42025.mp4,logs/octo_parallel_20260928_021558_config32.log
32,floor_beans_uns,42026,0,demo_envs/test_unseen_scenes_pick_from_floor/evaluations/octo_floor_beans_uns_20260927_191613/42026.mp4,logs/octo_parallel_20260928_021558_config32.log
32,floor_beans_uns,42027,0,demo_envs/test_unseen_scenes_pick_from_floor/evaluations/octo_floor_beans_uns_20260927_191613/42027.mp4,logs/octo_parallel_20260928_021558_config32.log
32,floor_beans_uns,42028,0,demo_envs/test_unseen_scenes_pick_from_floor/evaluations/octo_floor_beans_uns_20260927_191613/42028.mp4,logs/octo_parallel_20260928_021558_config32.log
32,floor_beans_uns,42029,0,demo_envs/test_unseen_scenes_pick_from_floor/evaluations/octo_floor_beans_uns_20260927_191613/42029.mp4,logs/octo_parallel_20260928_021558_config32.log
33,floor_slam_uns,42000,0,demo_envs/test_unseen_scenes_pick_from_floor/evaluations/octo_floor_slam_uns_20260927_191613/42000.mp4,logs/octo_parallel_20260928_021558_config33.log
33,floor_slam_uns,42001,0,demo_envs/test_unseen_scenes_pick_from_floor/evaluations/octo_floor_slam_uns_20260927_191613/42001.mp4,logs/octo_parallel_20260928_021558_config33.log
33,floor_slam_uns,42002,0,demo_envs/test_unseen_scenes_pick_from_floor/evaluations/octo_floor_slam_uns_20260927_191613/42002.mp4,logs/octo_parallel_20260928_021558_config33.log
33,floor_slam_uns,42003,0,demo_envs/test_unseen_scenes_pick_from_floor/evaluations/octo_floor_slam_uns_20260927_191613/42003.mp4,logs/octo_parallel_20260928_021558_config33.log
33,floor_slam_uns,42004,0,demo_envs/test_unseen_scenes_pick_from_floor/evaluations/octo_floor_slam_uns_20260927_191613/42004.mp4,logs/octo_parallel_20260928_021558_config33.log
33,floor_slam_uns,42005,0,demo_envs/test_unseen_scenes_pick_from_floor/evaluations/octo_floor_slam_uns_20260927_191613/42005.mp4,logs/octo_parallel_20260928_021558_config33.log
33,floor_slam_uns,42006,0,demo_envs/test_unseen_scenes_pick_from_floor/evaluations/octo_floor_slam_uns_20260927_191613/42006.mp4,logs/octo_parallel_20260928_021558_config33.log
33,floor_slam_uns,42007,0,demo_envs/test_unseen_scenes_pick_from_floor/evaluations/octo_floor_slam_uns_20260927_191613/42007.mp4,logs/octo_parallel_20260928_021558_config33.log
33,floor_slam_uns,42008,0,demo_envs/test_unseen_scenes_pick_from_floor/evaluations/octo_floor_slam_uns_20260927_191613/42008.mp4,logs/octo_parallel_20260928_021558_config33.log
33,floor_slam_uns,42009,0,demo_envs/test_unseen_scenes_pick_from_floor/evaluations/octo_floor_slam_uns_20260927_191613/42009.mp4,logs/octo_parallel_20260928_021558_config33.log
33,floor_slam_uns,42010,0,demo_envs/test_unseen_scenes_pick_from_floor/evaluations/octo_floor_slam_uns_20260927_191613/42010.mp4,logs/octo_parallel_20260928_021558_config33.log
33,floor_slam_uns,42011,0,demo_envs/test_unseen_scenes_pick_from_floor/evaluations/octo_floor_slam_uns_20260927_191613/42011.mp4,logs/octo_parallel_20260928_021558_config33.log
33,floor_slam_uns,42012,0,demo_envs/test_unseen_scenes_pick_from_floor/evaluations/octo_floor_slam_uns_20260927_191613/42012.mp4,logs/octo_parallel_20260928_021558_config33.log
33,floor_slam_uns,42013,0,demo_envs/test_unseen_scenes_pick_from_floor/evaluations/octo_floor_slam_uns_20260927_191613/42013.mp4,logs/octo_parallel_20260928_021558_config33.log
33,floor_slam_uns,42014,0,demo_envs/test_unseen_scenes_pick_from_floor/evaluations/octo_floor_slam_uns_20260927_191613/42014.mp4,logs/octo_parallel_20260928_021558_config33.log
33,floor_slam_uns,42015,0,demo_envs/test_unseen_scenes_pick_from_floor/evaluations/octo_floor_slam_uns_20260927_191613/42015.mp4,logs/octo_parallel_20260928_021558_config33.log
33,floor_slam_uns,42016,0,demo_envs/test_unseen_scenes_pick_from_floor/evaluations/octo_floor_slam_uns_20260927_191613/42016.mp4,logs/octo_parallel_20260928_021558_config33.log
33,floor_slam_uns,42017,0,demo_envs/test_unseen_scenes_pick_from_floor/evaluations/octo_floor_slam_uns_20260927_191613/42017.mp4,logs/octo_parallel_20260928_021558_config33.log
33,floor_slam_uns,42018,0,demo_envs/test_unseen_scenes_pick_from_floor/evaluations/octo_floor_slam_uns_20260927_191613/42018.mp4,logs/octo_parallel_20260928_021558_config33.log
33,floor_slam_uns,42019,0,demo_envs/test_unseen_scenes_pick_from_floor/evaluations/octo_floor_slam_uns_20260927_191613/42019.mp4,logs/octo_parallel_20260928_021558_config33.log
33,floor_slam_uns,42020,0,demo_envs/test_unseen_scenes_pick_from_floor/evaluations/octo_floor_slam_uns_20260927_191613/42020.mp4,logs/octo_parallel_20260928_021558_config33.log
33,floor_slam_uns,42021,0,demo_envs/test_unseen_scenes_pick_from_floor/evaluations/octo_floor_slam_uns_20260927_191613/42021.mp4,logs/octo_parallel_20260928_021558_config33.log
33,floor_slam_uns,42022,0,demo_envs/test_unseen_scenes_pick_from_floor/evaluations/octo_floor_slam_uns_20260927_191613/42022.mp4,logs/octo_parallel_20260928_021558_config33.log
33,floor_slam_uns,42023,0,demo_envs/test_unseen_scenes_pick_from_floor/evaluations/octo_floor_slam_uns_20260927_191613/42023.mp4,logs/octo_parallel_20260928_021558_config33.log
33,floor_slam_uns,42024,0,demo_envs/test_unseen_scenes_pick_from_floor/evaluations/octo_floor_slam_uns_20260927_191613/42024.mp4,logs/octo_parallel_20260928_021558_config33.log
33,floor_slam_uns,42025,0,demo_envs/test_unseen_scenes_pick_from_floor/evaluations/octo_floor_slam_uns_20260927_191613/42025.mp4,logs/octo_parallel_20260928_021558_config33.log
33,floor_slam_uns,42026,0,demo_envs/test_unseen_scenes_pick_from_floor/evaluations/octo_floor_slam_uns_20260927_191613/42026.mp4,logs/octo_parallel_20260928_021558_config33.log
33,floor_slam_uns,42027,0,demo_envs/test_unseen_scenes_pick_from_floor/evaluations/octo_floor_slam_uns_20260927_191613/42027.mp4,logs/octo_parallel_20260928_021558_config33.log
33,floor_slam_uns,42028,0,demo_envs/test_unseen_scenes_pick_from_floor/evaluations/octo_floor_slam_uns_20260927_191613/42028.mp4,logs/octo_parallel_20260928_021558_config33.log
33,floor_slam_uns,42029,0,demo_envs/test_unseen_scenes_pick_from_floor/evaluations/octo_floor_slam_uns_20260927_191613/42029.mp4,logs/octo_parallel_20260928_021558_config33.log
34,basket_fanta_uns,42000,0,demo_envs/test_unseen_items_pick_to_basket/evaluations/octo_basket_fanta_uns_20260927_191613/42000.mp4,logs/octo_parallel_20260928_021558_config34.log
34,basket_fanta_uns,42001,0,demo_envs/test_unseen_items_pick_to_basket/evaluations/octo_basket_fanta_uns_20260927_191613/42001.mp4,logs/octo_parallel_20260928_021558_config34.log
34,basket_fanta_uns,42002,0,demo_envs/test_unseen_items_pick_to_basket/evaluations/octo_basket_fanta_uns_20260927_191613/42002.mp4,logs/octo_parallel_20260928_021558_config34.log
34,basket_fanta_uns,42003,0,demo_envs/test_unseen_items_pick_to_basket/evaluations/octo_basket_fanta_uns_20260927_191613/42003.mp4,logs/octo_parallel_20260928_021558_config34.log
34,basket_fanta_uns,42004,0,demo_envs/test_unseen_items_pick_to_basket/evaluations/octo_basket_fanta_uns_20260927_191613/42004.mp4,logs/octo_parallel_20260928_021558_config34.log
34,basket_fanta_uns,42005,0,demo_envs/test_unseen_items_pick_to_basket/evaluations/octo_basket_fanta_uns_20260927_191613/42005.mp4,logs/octo_parallel_20260928_021558_config34.log
34,basket_fanta_uns,42006,0,demo_envs/test_unseen_items_pick_to_basket/evaluations/octo_basket_fanta_uns_20260927_191613/42006.mp4,logs/octo_parallel_20260928_021558_config34.log
34,basket_fanta_uns,42007,0,demo_envs/test_unseen_items_pick_to_basket/evaluations/octo_basket_fanta_uns_20260927_191613/42007.mp4,logs/octo_parallel_20260928_021558_config34.log
34,basket_fanta_uns,42008,0,demo_envs/test_unseen_items_pick_to_basket/evaluations/octo_basket_fanta_uns_20260927_191613/42008.mp4,logs/octo_parallel_20260928_021558_config34.log
34,basket_fanta_uns,42009,0,demo_envs/test_unseen_items_pick_to_basket/evaluations/octo_basket_fanta_uns_20260927_191613/42009.mp4,logs/octo_parallel_20260928_021558_config34.log
34,basket_fanta_uns,42010,0,demo_envs/test_unseen_items_pick_to_basket/evaluations/octo_basket_fanta_uns_20260927_191613/42010.mp4,logs/octo_parallel_20260928_021558_config34.log
34,basket_fanta_uns,42011,0,demo_envs/test_unseen_items_pick_to_basket/evaluations/octo_basket_fanta_uns_20260927_191613/42011.mp4,logs/octo_parallel_20260928_021558_config34.log
34,basket_fanta_uns,42012,0,demo_envs/test_unseen_items_pick_to_basket/evaluations/octo_basket_fanta_uns_20260927_191613/42012.mp4,logs/octo_parallel_20260928_021558_config34.log
34,basket_fanta_uns,42013,0,demo_envs/test_unseen_items_pick_to_basket/evaluations/octo_basket_fanta_uns_20260927_191613/42013.mp4,logs/octo_parallel_20260928_021558_config34.log
34,basket_fanta_uns,42014,0,demo_envs/test_unseen_items_pick_to_basket/evaluations/octo_basket_fanta_uns_20260927_191613/42014.mp4,logs/octo_parallel_20260928_021558_config34.log
34,basket_fanta_uns,42015,0,demo_envs/test_unseen_items_pick_to_basket/evaluations/octo_basket_fanta_uns_20260927_191613/42015.mp4,logs/octo_parallel_20260928_021558_config34.log
34,basket_fanta_uns,42016,0,demo_envs/test_unseen_items_pick_to_basket/evaluations/octo_basket_fanta_uns_20260927_191613/42016.mp4,logs/octo_parallel_20260928_021558_config34.log
34,basket_fanta_uns,42017,0,demo_envs/test_unseen_items_pick_to_basket/evaluations/octo_basket_fanta_uns_20260927_191613/42017.mp4,logs/octo_parallel_20260928_021558_config34.log
34,basket_fanta_uns,42018,0,demo_envs/test_unseen_items_pick_to_basket/evaluations/octo_basket_fanta_uns_20260927_191613/42018.mp4,logs/octo_parallel_20260928_021558_config34.log
34,basket_fanta_uns,42019,0,demo_envs/test_unseen_items_pick_to_basket/evaluations/octo_basket_fanta_uns_20260927_191613/42019.mp4,logs/octo_parallel_20260928_021558_config34.log
34,basket_fanta_uns,42020,0,demo_envs/test_unseen_items_pick_to_basket/evaluations/octo_basket_fanta_uns_20260927_191613/42020.mp4,logs/octo_parallel_20260928_021558_config34.log
34,basket_fanta_uns,42021,0,demo_envs/test_unseen_items_pick_to_basket/evaluations/octo_basket_fanta_uns_20260927_191613/42021.mp4,logs/octo_parallel_20260928_021558_config34.log
34,basket_fanta_uns,42022,0,demo_envs/test_unseen_items_pick_to_basket/evaluations/octo_basket_fanta_uns_20260927_191613/42022.mp4,logs/octo_parallel_20260928_021558_config34.log
34,basket_fanta_uns,42023,0,demo_envs/test_unseen_items_pick_to_basket/evaluations/octo_basket_fanta_uns_20260927_191613/42023.mp4,logs/octo_parallel_20260928_021558_config34.log
34,basket_fanta_uns,42024,0,demo_envs/test_unseen_items_pick_to_basket/evaluations/octo_basket_fanta_uns_20260927_191613/42024.mp4,logs/octo_parallel_20260928_021558_config34.log
34,basket_fanta_uns,42025,0,demo_envs/test_unseen_items_pick_to_basket/evaluations/octo_basket_fanta_uns_20260927_191613/42025.mp4,logs/octo_parallel_20260928_021558_config34.log
34,basket_fanta_uns,42026,0,demo_envs/test_unseen_items_pick_to_basket/evaluations/octo_basket_fanta_uns_20260927_191613/42026.mp4,logs/octo_parallel_20260928_021558_config34.log
34,basket_fanta_uns,42027,0,demo_envs/test_unseen_items_pick_to_basket/evaluations/octo_basket_fanta_uns_20260927_191613/42027.mp4,logs/octo_parallel_20260928_021558_config34.log
34,basket_fanta_uns,42028,0,demo_envs/test_unseen_items_pick_to_basket/evaluations/octo_basket_fanta_uns_20260927_191613/42028.mp4,logs/octo_parallel_20260928_021558_config34.log
34,basket_fanta_uns,42029,0,demo_envs/test_unseen_items_pick_to_basket/evaluations/octo_basket_fanta_uns_20260927_191613/42029.mp4,logs/octo_parallel_20260928_021558_config34.log
35,basket_nivea_uns,42000,0,demo_envs/test_unseen_items_pick_to_basket/evaluations/octo_basket_nivea_uns_20260927_191613/42000.mp4,logs/octo_parallel_20260928_021558_config35.log
35,basket_nivea_uns,42001,0,demo_envs/test_unseen_items_pick_to_basket/evaluations/octo_basket_nivea_uns_20260927_191613/42001.mp4,logs/octo_parallel_20260928_021558_config35.log
35,basket_nivea_uns,42002,0,demo_envs/test_unseen_items_pick_to_basket/evaluations/octo_basket_nivea_uns_20260927_191613/42002.mp4,logs/octo_parallel_20260928_021558_config35.log
35,basket_nivea_uns,42003,0,demo_envs/test_unseen_items_pick_to_basket/evaluations/octo_basket_nivea_uns_20260927_191613/42003.mp4,logs/octo_parallel_20260928_021558_config35.log
35,basket_nivea_uns,42004,0,demo_envs/test_unseen_items_pick_to_basket/evaluations/octo_basket_nivea_uns_20260927_191613/42004.mp4,logs/octo_parallel_20260928_021558_config35.log
35,basket_nivea_uns,42005,0,demo_envs/test_unseen_items_pick_to_basket/evaluations/octo_basket_nivea_uns_20260927_191613/42005.mp4,logs/octo_parallel_20260928_021558_config35.log
35,basket_nivea_uns,42006,0,demo_envs/test_unseen_items_pick_to_basket/evaluations/octo_basket_nivea_uns_20260927_191613/42006.mp4,logs/octo_parallel_20260928_021558_config35.log
35,basket_nivea_uns,42007,0,demo_envs/test_unseen_items_pick_to_basket/evaluations/octo_basket_nivea_uns_20260927_191613/42007.mp4,logs/octo_parallel_20260928_021558_config35.log
35,basket_nivea_uns,42008,0,demo_envs/test_unseen_items_pick_to_basket/evaluations/octo_basket_nivea_uns_20260927_191613/42008.mp4,logs/octo_parallel_20260928_021558_config35.log
35,basket_nivea_uns,42009,0,demo_envs/test_unseen_items_pick_to_basket/evaluations/octo_basket_nivea_uns_20260927_191613/42009.mp4,logs/octo_parallel_20260928_021558_config35.log
35,basket_nivea_uns,42010,0,demo_envs/test_unseen_items_pick_to_basket/evaluations/octo_basket_nivea_uns_20260927_191613/42010.mp4,logs/octo_parallel_20260928_021558_config35.log
35,basket_nivea_uns,42011,0,demo_envs/test_unseen_items_pick_to_basket/evaluations/octo_basket_nivea_uns_20260927_191613/42011.mp4,logs/octo_parallel_20260928_021558_config35.log
35,basket_nivea_uns,42012,0,demo_envs/test_unseen_items_pick_to_basket/evaluations/octo_basket_nivea_uns_20260927_191613/42012.mp4,logs/octo_parallel_20260928_021558_config35.log
35,basket_nivea_uns,42013,0,demo_envs/test_unseen_items_pick_to_basket/evaluations/octo_basket_nivea_uns_20260927_191613/42013.mp4,logs/octo_parallel_20260928_021558_config35.log
35,basket_nivea_uns,42014,0,demo_envs/test_unseen_items_pick_to_basket/evaluations/octo_basket_nivea_uns_20260927_191613/42014.mp4,logs/octo_parallel_20260928_021558_config35.log
35,basket_nivea_uns,42015,0,demo_envs/test_unseen_items_pick_to_basket/evaluations/octo_basket_nivea_uns_20260927_191613/42015.mp4,logs/octo_parallel_20260928_021558_config35.log
35,basket_nivea_uns,42016,0,demo_envs/test_unseen_items_pick_to_basket/evaluations/octo_basket_nivea_uns_20260927_191613/42016.mp4,logs/octo_parallel_20260928_021558_config35.log
35,basket_nivea_uns,42017,0,demo_envs/test_unseen_items_pick_to_basket/evaluations/octo_basket_nivea_uns_20260927_191613/42017.mp4,logs/octo_parallel_20260928_021558_config35.log
35,basket_nivea_uns,42018,0,demo_envs/test_unseen_items_pick_to_basket/evaluations/octo_basket_nivea_uns_20260927_191613/42018.mp4,logs/octo_parallel_20260928_021558_config35.log
35,basket_nivea_uns,42019,0,demo_envs/test_unseen_items_pick_to_basket/evaluations/octo_basket_nivea_uns_20260927_191613/42019.mp4,logs/octo_parallel_20260928_021558_config35.log
35,basket_nivea_uns,42020,0,demo_envs/test_unseen_items_pick_to_basket/evaluations/octo_basket_nivea_uns_20260927_191613/42020.mp4,logs/octo_parallel_20260928_021558_config35.log
35,basket_nivea_uns,42021,0,demo_envs/test_unseen_items_pick_to_basket/evaluations/octo_basket_nivea_uns_20260927_191613/42021.mp4,logs/octo_parallel_20260928_021558_config35.log
35,basket_nivea_uns,42022,0,demo_envs/test_unseen_items_pick_to_basket/evaluations/octo_basket_nivea_uns_20260927_191613/42022.mp4,logs/octo_parallel_20260928_021558_config35.log
35,basket_nivea_uns,42023,0,demo_envs/test_unseen_items_pick_to_basket/evaluations/octo_basket_nivea_uns_20260927_191613/42023.mp4,logs/octo_parallel_20260928_021558_config35.log
35,basket_nivea_uns,42024,0,demo_envs/test_unseen_items_pick_to_basket/evaluations/octo_basket_nivea_uns_20260927_191613/42024.mp4,logs/octo_parallel_20260928_021558_config35.log
35,basket_nivea_uns,42025,0,demo_envs/test_unseen_items_pick_to_basket/evaluations/octo_basket_nivea_uns_20260927_191613/42025.mp4,logs/octo_parallel_20260928_021558_config35.log
35,basket_nivea_uns,42026,0,demo_envs/test_unseen_items_pick_to_basket/evaluations/octo_basket_nivea_uns_20260927_191613/42026.mp4,logs/octo_parallel_20260928_021558_config35.log
35,basket_nivea_uns,42027,0,demo_envs/test_unseen_items_pick_to_basket/evaluations/octo_basket_nivea_uns_20260927_191613/42027.mp4,logs/octo_parallel_20260928_021558_config35.log
35,basket_nivea_uns,42028,0,demo_envs/test_unseen_items_pick_to_basket/evaluations/octo_basket_nivea_uns_20260927_191613/42028.mp4,logs/octo_parallel_20260928_021558_config35.log
35,basket_nivea_uns,42029,0,demo_envs/test_unseen_items_pick_to_basket/evaluations/octo_basket_nivea_uns_20260927_191613/42029.mp4,logs/octo_parallel_20260928_021558_config35.log
36,basket_stars_uns,42000,0,demo_envs/test_unseen_items_pick_to_basket/evaluations/octo_basket_stars_uns_20260927_191613/42000.mp4,logs/octo_parallel_20260928_021558_config36.log
36,basket_stars_uns,42001,0,demo_envs/test_unseen_items_pick_to_basket/evaluations/octo_basket_stars_uns_20260927_191613/42001.mp4,logs/octo_parallel_20260928_021558_config36.log
36,basket_stars_uns,42002,0,demo_envs/test_unseen_items_pick_to_basket/evaluations/octo_basket_stars_uns_20260927_191613/42002.mp4,logs/octo_parallel_20260928_021558_config36.log
36,basket_stars_uns,42003,0,demo_envs/test_unseen_items_pick_to_basket/evaluations/octo_basket_stars_uns_20260927_191613/42003.mp4,logs/octo_parallel_20260928_021558_config36.log
36,basket_stars_uns,42004,0,demo_envs/test_unseen_items_pick_to_basket/evaluations/octo_basket_stars_uns_20260927_191613/42004.mp4,logs/octo_parallel_20260928_021558_config36.log
36,basket_stars_uns,42005,0,demo_envs/test_unseen_items_pick_to_basket/evaluations/octo_basket_stars_uns_20260927_191613/42005.mp4,logs/octo_parallel_20260928_021558_config36.log
36,basket_stars_uns,42006,0,demo_envs/test_unseen_items_pick_to_basket/evaluations/octo_basket_stars_uns_20260927_191613/42006.mp4,logs/octo_parallel_20260928_021558_config36.log
36,basket_stars_uns,42007,0,demo_envs/test_unseen_items_pick_to_basket/evaluations/octo_basket_stars_uns_20260927_191613/42007.mp4,logs/octo_parallel_20260928_021558_config36.log
36,basket_stars_uns,42008,0,demo_envs/test_unseen_items_pick_to_basket/evaluations/octo_basket_stars_uns_20260927_191613/42008.mp4,logs/octo_parallel_20260928_021558_config36.log
36,basket_stars_uns,42009,0,demo_envs/test_unseen_items_pick_to_basket/evaluations/octo_basket_stars_uns_20260927_191613/42009.mp4,logs/octo_parallel_20260928_021558_config36.log
36,basket_stars_uns,42010,0,demo_envs/test_unseen_items_pick_to_basket/evaluations/octo_basket_stars_uns_20260927_191613/42010.mp4,logs/octo_parallel_20260928_021558_config36.log
36,basket_stars_uns,42011,0,demo_envs/test_unseen_items_pick_to_basket/evaluations/octo_basket_stars_uns_20260927_191613/42011.mp4,logs/octo_parallel_20260928_021558_config36.log
36,basket_stars_uns,42012,0,demo_envs/test_unseen_items_pick_to_basket/evaluations/octo_basket_stars_uns_20260927_191613/42012.mp4,logs/octo_parallel_20260928_021558_config36.log
36,basket_stars_uns,42013,0,demo_envs/test_unseen_items_pick_to_basket/evaluations/octo_basket_stars_uns_20260927_191613/42013.mp4,logs/octo_parallel_20260928_021558_config36.log
36,basket_stars_uns,42014,0,demo_envs/test_unseen_items_pick_to_basket/evaluations/octo_basket_stars_uns_20260927_191613/42014.mp4,logs/octo_parallel_20260928_021558_config36.log
36,basket_stars_uns,42015,0,demo_envs/test_unseen_items_pick_to_basket/evaluations/octo_basket_stars_uns_20260927_191613/42015.mp4,logs/octo_parallel_20260928_021558_config36.log
36,basket_stars_uns,42016,0,demo_envs/test_unseen_items_pick_to_basket/evaluations/octo_basket_stars_uns_20260927_191613/42016.mp4,logs/octo_parallel_20260928_021558_config36.log
36,basket_stars_uns,42017,0,demo_envs/test_unseen_items_pick_to_basket/evaluations/octo_basket_stars_uns_20260927_191613/42017.mp4,logs/octo_parallel_20260928_021558_config36.log
36,basket_stars_uns,42018,0,demo_envs/test_unseen_items_pick_to_basket/evaluations/octo_basket_stars_uns_20260927_191613/42018.mp4,logs/octo_parallel_20260928_021558_config36.log
36,basket_stars_uns,42019,0,demo_envs/test_unseen_items_pick_to_basket/evaluations/octo_basket_stars_uns_20260927_191613/42019.mp4,logs/octo_parallel_20260928_021558_config36.log
36,basket_stars_uns,42020,0,demo_envs/test_unseen_items_pick_to_basket/evaluations/octo_basket_stars_uns_20260927_191613/42020.mp4,logs/octo_parallel_20260928_021558_config36.log
36,basket_stars_uns,42021,0,demo_envs/test_unseen_items_pick_to_basket/evaluations/octo_basket_stars_uns_20260927_191613/42021.mp4,logs/octo_parallel_20260928_021558_config36.log
36,basket_stars_uns,42022,0,demo_envs/test_unseen_items_pick_to_basket/evaluations/octo_basket_stars_uns_20260927_191613/42022.mp4,logs/octo_parallel_20260928_021558_config36.log
36,basket_stars_uns,42023,0,demo_envs/test_unseen_items_pick_to_basket/evaluations/octo_basket_stars_uns_20260927_191613/42023.mp4,logs/octo_parallel_20260928_021558_config36.log
36,basket_stars_uns,42024,0,demo_envs/test_unseen_items_pick_to_basket/evaluations/octo_basket_stars_uns_20260927_191613/42024.mp4,logs/octo_parallel_20260928_021558_config36.log
36,basket_stars_uns,42025,0,demo_envs/test_unseen_items_pick_to_basket/evaluations/octo_basket_stars_uns_20260927_191613/42025.mp4,logs/octo_parallel_20260928_021558_config36.log
36,basket_stars_uns,42026,0,demo_envs/test_unseen_items_pick_to_basket/evaluations/octo_basket_stars_uns_20260927_191613/42026.mp4,logs/octo_parallel_20260928_021558_config36.log
36,basket_stars_uns,42027,0,demo_envs/test_unseen_items_pick_to_basket/evaluations/octo_basket_stars_uns_20260927_191613/42027.mp4,logs/octo_parallel_20260928_021558_config36.log
36,basket_stars_uns,42028,0,demo_envs/test_unseen_items_pick_to_basket/evaluations/octo_basket_stars_uns_20260927_191613/42028.mp4,logs/octo_parallel_20260928_021558_config36.log
36,basket_stars_uns,42029,0,demo_envs/test_unseen_items_pick_to_basket/evaluations/octo_basket_stars_uns_20260927_191613/42029.mp4,logs/octo_parallel_20260928_021558_config36.log
37,board_nivea_ood,42000,0,demo_envs/test_unseen_items_move_from_board_to_board_nivea/evaluations/octo_board_nivea_ood_20260927_191613/42000.mp4,logs/octo_parallel_20260928_021558_config37.log
37,board_nivea_ood,42001,0,demo_envs/test_unseen_items_move_from_board_to_board_nivea/evaluations/octo_board_nivea_ood_20260927_191613/42001.mp4,logs/octo_parallel_20260928_021558_config37.log
37,board_nivea_ood,42002,0,demo_envs/test_unseen_items_move_from_board_to_board_nivea/evaluations/octo_board_nivea_ood_20260927_191613/42002.mp4,logs/octo_parallel_20260928_021558_config37.log
37,board_nivea_ood,42003,0,demo_envs/test_unseen_items_move_from_board_to_board_nivea/evaluations/octo_board_nivea_ood_20260927_191613/42003.mp4,logs/octo_parallel_20260928_021558_config37.log
37,board_nivea_ood,42004,0,demo_envs/test_unseen_items_move_from_board_to_board_nivea/evaluations/octo_board_nivea_ood_20260927_191613/42004.mp4,logs/octo_parallel_20260928_021558_config37.log
37,board_nivea_ood,42005,0,demo_envs/test_unseen_items_move_from_board_to_board_nivea/evaluations/octo_board_nivea_ood_20260927_191613/42005.mp4,logs/octo_parallel_20260928_021558_config37.log
37,board_nivea_ood,42006,0,demo_envs/test_unseen_items_move_from_board_to_board_nivea/evaluations/octo_board_nivea_ood_20260927_191613/42006.mp4,logs/octo_parallel_20260928_021558_config37.log
37,board_nivea_ood,42007,0,demo_envs/test_unseen_items_move_from_board_to_board_nivea/evaluations/octo_board_nivea_ood_20260927_191613/42007.mp4,logs/octo_parallel_20260928_021558_config37.log
37,board_nivea_ood,42008,0,demo_envs/test_unseen_items_move_from_board_to_board_nivea/evaluations/octo_board_nivea_ood_20260927_191613/42008.mp4,logs/octo_parallel_20260928_021558_config37.log
37,board_nivea_ood,42009,0,demo_envs/test_unseen_items_move_from_board_to_board_nivea/evaluations/octo_board_nivea_ood_20260927_191613/42009.mp4,logs/octo_parallel_20260928_021558_config37.log
37,board_nivea_ood,42010,0,demo_envs/test_unseen_items_move_from_board_to_board_nivea/evaluations/octo_board_nivea_ood_20260927_191613/42010.mp4,logs/octo_parallel_20260928_021558_config37.log
37,board_nivea_ood,42011,0,demo_envs/test_unseen_items_move_from_board_to_board_nivea/evaluations/octo_board_nivea_ood_20260927_191613/42011.mp4,logs/octo_parallel_20260928_021558_config37.log
37,board_nivea_ood,42012,0,demo_envs/test_unseen_items_move_from_board_to_board_nivea/evaluations/octo_board_nivea_ood_20260927_191613/42012.mp4,logs/octo_parallel_20260928_021558_config37.log
37,board_nivea_ood,42013,0,demo_envs/test_unseen_items_move_from_board_to_board_nivea/evaluations/octo_board_nivea_ood_20260927_191613/42013.mp4,logs/octo_parallel_20260928_021558_config37.log
37,board_nivea_ood,42014,0,demo_envs/test_unseen_items_move_from_board_to_board_nivea/evaluations/octo_board_nivea_ood_20260927_191613/42014.mp4,logs/octo_parallel_20260928_021558_config37.log
37,board_nivea_ood,42015,0,demo_envs/test_unseen_items_move_from_board_to_board_nivea/evaluations/octo_board_nivea_ood_20260927_191613/42015.mp4,logs/octo_parallel_20260928_021558_config37.log
37,board_nivea_ood,42016,0,demo_envs/test_unseen_items_move_from_board_to_board_nivea/evaluations/octo_board_nivea_ood_20260927_191613/42016.mp4,logs/octo_parallel_20260928_021558_config37.log
37,board_nivea_ood,42017,0,demo_envs/test_unseen_items_move_from_board_to_board_nivea/evaluations/octo_board_nivea_ood_20260927_191613/42017.mp4,logs/octo_parallel_20260928_021558_config37.log
37,board_nivea_ood,42018,0,demo_envs/test_unseen_items_move_from_board_to_board_nivea/evaluations/octo_board_nivea_ood_20260927_191613/42018.mp4,logs/octo_parallel_20260928_021558_config37.log
37,board_nivea_ood,42019,0,demo_envs/test_unseen_items_move_from_board_to_board_nivea/evaluations/octo_board_nivea_ood_20260927_191613/42019.mp4,logs/octo_parallel_20260928_021558_config37.log
37,board_nivea_ood,42020,0,demo_envs/test_unseen_items_move_from_board_to_board_nivea/evaluations/octo_board_nivea_ood_20260927_191613/42020.mp4,logs/octo_parallel_20260928_021558_config37.log
37,board_nivea_ood,42021,0,demo_envs/test_unseen_items_move_from_board_to_board_nivea/evaluations/octo_board_nivea_ood_20260927_191613/42021.mp4,logs/octo_parallel_20260928_021558_config37.log
37,board_nivea_ood,42022,0,demo_envs/test_unseen_items_move_from_board_to_board_nivea/evaluations/octo_board_nivea_ood_20260927_191613/42022.mp4,logs/octo_parallel_20260928_021558_config37.log
37,board_nivea_ood,42023,0,demo_envs/test_unseen_items_move_from_board_to_board_nivea/evaluations/octo_board_nivea_ood_20260927_191613/42023.mp4,logs/octo_parallel_20260928_021558_config37.log
37,board_nivea_ood,42024,0,demo_envs/test_unseen_items_move_from_board_to_board_nivea/evaluations/octo_board_nivea_ood_20260927_191613/42024.mp4,logs/octo_parallel_20260928_021558_config37.log
37,board_nivea_ood,42025,0,demo_envs/test_unseen_items_move_from_board_to_board_nivea/evaluations/octo_board_nivea_ood_20260927_191613/42025.mp4,logs/octo_parallel_20260928_021558_config37.log
37,board_nivea_ood,42026,0,demo_envs/test_unseen_items_move_from_board_to_board_nivea/evaluations/octo_board_nivea_ood_20260927_191613/42026.mp4,logs/octo_parallel_20260928_021558_config37.log
37,board_nivea_ood,42027,0,demo_envs/test_unseen_items_move_from_board_to_board_nivea/evaluations/octo_board_nivea_ood_20260927_191613/42027.mp4,logs/octo_parallel_20260928_021558_config37.log
37,board_nivea_ood,42028,0,demo_envs/test_unseen_items_move_from_board_to_board_nivea/evaluations/octo_board_nivea_ood_20260927_191613/42028.mp4,logs/octo_parallel_20260928_021558_config37.log
37,board_nivea_ood,42029,0,demo_envs/test_unseen_items_move_from_board_to_board_nivea/evaluations/octo_board_nivea_ood_20260927_191613/42029.mp4,logs/octo_parallel_20260928_021558_config37.log
38,board_fanta_ood,42000,0,demo_envs/test_unseen_items_move_from_board_to_board_fanta/evaluations/octo_board_fanta_ood_20260927_191613/42000.mp4,logs/octo_parallel_20260928_021558_config38.log
38,board_fanta_ood,42001,0,demo_envs/test_unseen_items_move_from_board_to_board_fanta/evaluations/octo_board_fanta_ood_20260927_191613/42001.mp4,logs/octo_parallel_20260928_021558_config38.log
38,board_fanta_ood,42002,0,demo_envs/test_unseen_items_move_from_board_to_board_fanta/evaluations/octo_board_fanta_ood_20260927_191613/42002.mp4,logs/octo_parallel_20260928_021558_config38.log
38,board_fanta_ood,42003,0,demo_envs/test_unseen_items_move_from_board_to_board_fanta/evaluations/octo_board_fanta_ood_20260927_191613/42003.mp4,logs/octo_parallel_20260928_021558_config38.log
38,board_fanta_ood,42004,0,demo_envs/test_unseen_items_move_from_board_to_board_fanta/evaluations/octo_board_fanta_ood_20260927_191613/42004.mp4,logs/octo_parallel_20260928_021558_config38.log
38,board_fanta_ood,42005,0,demo_envs/test_unseen_items_move_from_board_to_board_fanta/evaluations/octo_board_fanta_ood_20260927_191613/42005.mp4,logs/octo_parallel_20260928_021558_config38.log
38,board_fanta_ood,42006,0,demo_envs/test_unseen_items_move_from_board_to_board_fanta/evaluations/octo_board_fanta_ood_20260927_191613/42006.mp4,logs/octo_parallel_20260928_021558_config38.log
38,board_fanta_ood,42007,0,demo_envs/test_unseen_items_move_from_board_to_board_fanta/evaluations/octo_board_fanta_ood_20260927_191613/42007.mp4,logs/octo_parallel_20260928_021558_config38.log
38,board_fanta_ood,42008,0,demo_envs/test_unseen_items_move_from_board_to_board_fanta/evaluations/octo_board_fanta_ood_20260927_191613/42008.mp4,logs/octo_parallel_20260928_021558_config38.log
38,board_fanta_ood,42009,0,demo_envs/test_unseen_items_move_from_board_to_board_fanta/evaluations/octo_board_fanta_ood_20260927_191613/42009.mp4,logs/octo_parallel_20260928_021558_config38.log
38,board_fanta_ood,42010,0,demo_envs/test_unseen_items_move_from_board_to_board_fanta/evaluations/octo_board_fanta_ood_20260927_191613/42010.mp4,logs/octo_parallel_20260928_021558_config38.log
38,board_fanta_ood,42011,0,demo_envs/test_unseen_items_move_from_board_to_board_fanta/evaluations/octo_board_fanta_ood_20260927_191613/42011.mp4,logs/octo_parallel_20260928_021558_config38.log
38,board_fanta_ood,42012,0,demo_envs/test_unseen_items_move_from_board_to_board_fanta/evaluations/octo_board_fanta_ood_20260927_191613/42012.mp4,logs/octo_parallel_20260928_021558_config38.log
38,board_fanta_ood,42013,0,demo_envs/test_unseen_items_move_from_board_to_board_fanta/evaluations/octo_board_fanta_ood_20260927_191613/42013.mp4,logs/octo_parallel_20260928_021558_config38.log
38,board_fanta_ood,42014,0,demo_envs/test_unseen_items_move_from_board_to_board_fanta/evaluations/octo_board_fanta_ood_20260927_191613/42014.mp4,logs/octo_parallel_20260928_021558_config38.log
38,board_fanta_ood,42015,0,demo_envs/test_unseen_items_move_from_board_to_board_fanta/evaluations/octo_board_fanta_ood_20260927_191613/42015.mp4,logs/octo_parallel_20260928_021558_config38.log
38,board_fanta_ood,42016,0,demo_envs/test_unseen_items_move_from_board_to_board_fanta/evaluations/octo_board_fanta_ood_20260927_191613/42016.mp4,logs/octo_parallel_20260928_021558_config38.log
38,board_fanta_ood,42017,0,demo_envs/test_unseen_items_move_from_board_to_board_fanta/evaluations/octo_board_fanta_ood_20260927_191613/42017.mp4,logs/octo_parallel_20260928_021558_config38.log
38,board_fanta_ood,42018,0,demo_envs/test_unseen_items_move_from_board_to_board_fanta/evaluations/octo_board_fanta_ood_20260927_191613/42018.mp4,logs/octo_parallel_20260928_021558_config38.log
38,board_fanta_ood,42019,0,demo_envs/test_unseen_items_move_from_board_to_board_fanta/evaluations/octo_board_fanta_ood_20260927_191613/42019.mp4,logs/octo_parallel_20260928_021558_config38.log
38,board_fanta_ood,42020,0,demo_envs/test_unseen_items_move_from_board_to_board_fanta/evaluations/octo_board_fanta_ood_20260927_191613/42020.mp4,logs/octo_parallel_20260928_021558_config38.log
38,board_fanta_ood,42021,0,demo_envs/test_unseen_items_move_from_board_to_board_fanta/evaluations/octo_board_fanta_ood_20260927_191613/42021.mp4,logs/octo_parallel_20260928_021558_config38.log
38,board_fanta_ood,42022,0,demo_envs/test_unseen_items_move_from_board_to_board_fanta/evaluations/octo_board_fanta_ood_20260927_191613/42022.mp4,logs/octo_parallel_20260928_021558_config38.log
38,board_fanta_ood,42023,0,demo_envs/test_unseen_items_move_from_board_to_board_fanta/evaluations/octo_board_fanta_ood_20260927_191613/42023.mp4,logs/octo_parallel_20260928_021558_config38.log
38,board_fanta_ood,42024,0,demo_envs/test_unseen_items_move_from_board_to_board_fanta/evaluations/octo_board_fanta_ood_20260927_191613/42024.mp4,logs/octo_parallel_20260928_021558_config38.log
38,board_fanta_ood,42025,0,demo_envs/test_unseen_items_move_from_board_to_board_fanta/evaluations/octo_board_fanta_ood_20260927_191613/42025.mp4,logs/octo_parallel_20260928_021558_config38.log
38,board_fanta_ood,42026,0,demo_envs/test_unseen_items_move_from_board_to_board_fanta/evaluations/octo_board_fanta_ood_20260927_191613/42026.mp4,logs/octo_parallel_20260928_021558_config38.log
38,board_fanta_ood,42027,0,demo_envs/test_unseen_items_move_from_board_to_board_fanta/evaluations/octo_board_fanta_ood_20260927_191613/42027.mp4,logs/octo_parallel_20260928_021558_config38.log
38,board_fanta_ood,42028,0,demo_envs/test_unseen_items_move_from_board_to_board_fanta/evaluations/octo_board_fanta_ood_20260927_191613/42028.mp4,logs/octo_parallel_20260928_021558_config38.log
38,board_fanta_ood,42029,0,demo_envs/test_unseen_items_move_from_board_to_board_fanta/evaluations/octo_board_fanta_ood_20260927_191613/42029.mp4,logs/octo_parallel_20260928_021558_config38.log
39,floor_fanta_ood,42000,0,demo_envs/test_unseen_items_pick_from_floor/evaluations/octo_floor_fanta_ood_20260927_191613/42000.mp4,logs/octo_parallel_20260928_021558_config39.log
39,floor_fanta_ood,42001,0,demo_envs/test_unseen_items_pick_from_floor/evaluations/octo_floor_fanta_ood_20260927_191613/42001.mp4,logs/octo_parallel_20260928_021558_config39.log
39,floor_fanta_ood,42002,0,demo_envs/test_unseen_items_pick_from_floor/evaluations/octo_floor_fanta_ood_20260927_191613/42002.mp4,logs/octo_parallel_20260928_021558_config39.log
39,floor_fanta_ood,42003,0,demo_envs/test_unseen_items_pick_from_floor/evaluations/octo_floor_fanta_ood_20260927_191613/42003.mp4,logs/octo_parallel_20260928_021558_config39.log
39,floor_fanta_ood,42004,0,demo_envs/test_unseen_items_pick_from_floor/evaluations/octo_floor_fanta_ood_20260927_191613/42004.mp4,logs/octo_parallel_20260928_021558_config39.log
39,floor_fanta_ood,42005,0,demo_envs/test_unseen_items_pick_from_floor/evaluations/octo_floor_fanta_ood_20260927_191613/42005.mp4,logs/octo_parallel_20260928_021558_config39.log
39,floor_fanta_ood,42006,0,demo_envs/test_unseen_items_pick_from_floor/evaluations/octo_floor_fanta_ood_20260927_191613/42006.mp4,logs/octo_parallel_20260928_021558_config39.log
39,floor_fanta_ood,42007,0,demo_envs/test_unseen_items_pick_from_floor/evaluations/octo_floor_fanta_ood_20260927_191613/42007.mp4,logs/octo_parallel_20260928_021558_config39.log
39,floor_fanta_ood,42008,0,demo_envs/test_unseen_items_pick_from_floor/evaluations/octo_floor_fanta_ood_20260927_191613/42008.mp4,logs/octo_parallel_20260928_021558_config39.log
39,floor_fanta_ood,42009,0,demo_envs/test_unseen_items_pick_from_floor/evaluations/octo_floor_fanta_ood_20260927_191613/42009.mp4,logs/octo_parallel_20260928_021558_config39.log
39,floor_fanta_ood,42010,0,demo_envs/test_unseen_items_pick_from_floor/evaluations/octo_floor_fanta_ood_20260927_191613/42010.mp4,logs/octo_parallel_20260928_021558_config39.log
39,floor_fanta_ood,42011,0,demo_envs/test_unseen_items_pick_from_floor/evaluations/octo_floor_fanta_ood_20260927_191613/42011.mp4,logs/octo_parallel_20260928_021558_config39.log
39,floor_fanta_ood,42012,0,demo_envs/test_unseen_items_pick_from_floor/evaluations/octo_floor_fanta_ood_20260927_191613/42012.mp4,logs/octo_parallel_20260928_021558_config39.log
39,floor_fanta_ood,42013,0,demo_envs/test_unseen_items_pick_from_floor/evaluations/octo_floor_fanta_ood_20260927_191613/42013.mp4,logs/octo_parallel_20260928_021558_config39.log
39,floor_fanta_ood,42014,0,demo_envs/test_unseen_items_pick_from_floor/evaluations/octo_floor_fanta_ood_20260927_191613/42014.mp4,logs/octo_parallel_20260928_021558_config39.log
39,floor_fanta_ood,42015,0,demo_envs/test_unseen_items_pick_from_floor/evaluations/octo_floor_fanta_ood_20260927_191613/42015.mp4,logs/octo_parallel_20260928_021558_config39.log
39,floor_fanta_ood,42016,0,demo_envs/test_unseen_items_pick_from_floor/evaluations/octo_floor_fanta_ood_20260927_191613/42016.mp4,logs/octo_parallel_20260928_021558_config39.log
39,floor_fanta_ood,42017,0,demo_envs/test_unseen_items_pick_from_floor/evaluations/octo_floor_fanta_ood_20260927_191613/42017.mp4,logs/octo_parallel_20260928_021558_config39.log
39,floor_fanta_ood,42018,0,demo_envs/test_unseen_items_pick_from_floor/evaluations/octo_floor_fanta_ood_20260927_191613/42018.mp4,logs/octo_parallel_20260928_021558_config39.log
39,floor_fanta_ood,42019,0,demo_envs/test_unseen_items_pick_from_floor/evaluations/octo_floor_fanta_ood_20260927_191613/42019.mp4,logs/octo_parallel_20260928_021558_config39.log
39,floor_fanta_ood,42020,0,demo_envs/test_unseen_items_pick_from_floor/evaluations/octo_floor_fanta_ood_20260927_191613/42020.mp4,logs/octo_parallel_20260928_021558_config39.log
39,floor_fanta_ood,42021,0,demo_envs/test_unseen_items_pick_from_floor/evaluations/octo_floor_fanta_ood_20260927_191613/42021.mp4,logs/octo_parallel_20260928_021558_config39.log
39,floor_fanta_ood,42022,0,demo_envs/test_unseen_items_pick_from_floor/evaluations/octo_floor_fanta_ood_20260927_191613/42022.mp4,logs/octo_parallel_20260928_021558_config39.log
39,floor_fanta_ood,42023,0,demo_envs/test_unseen_items_pick_from_floor/evaluations/octo_floor_fanta_ood_20260927_191613/42023.mp4,logs/octo_parallel_20260928_021558_config39.log
39,floor_fanta_ood,42024,0,demo_envs/test_unseen_items_pick_from_floor/evaluations/octo_floor_fanta_ood_20260927_191613/42024.mp4,logs/octo_parallel_20260928_021558_config39.log
39,floor_fanta_ood,42025,0,demo_envs/test_unseen_items_pick_from_floor/evaluations/octo_floor_fanta_ood_20260927_191613/42025.mp4,logs/octo_parallel_20260928_021558_config39.log
39,floor_fanta_ood,42026,0,demo_envs/test_unseen_items_pick_from_floor/evaluations/octo_floor_fanta_ood_20260927_191613/42026.mp4,logs/octo_parallel_20260928_021558_config39.log
39,floor_fanta_ood,42027,0,demo_envs/test_unseen_items_pick_from_floor/evaluations/octo_floor_fanta_ood_20260927_191613/42027.mp4,logs/octo_parallel_20260928_021558_config39.log
39,floor_fanta_ood,42028,0,demo_envs/test_unseen_items_pick_from_floor/evaluations/octo_floor_fanta_ood_20260927_191613/42028.mp4,logs/octo_parallel_20260928_021558_config39.log
39,floor_fanta_ood,42029,0,demo_envs/test_unseen_items_pick_from_floor/evaluations/octo_floor_fanta_ood_20260927_191613/42029.mp4,logs/octo_parallel_20260928_021558_config39.log
40,floor_duff_ood,42000,0,demo_envs/test_unseen_items_pick_from_floor/evaluations/octo_floor_duff_ood_20260927_191613/42000.mp4,logs/octo_parallel_20260928_021558_config40.log
40,floor_duff_ood,42001,0,demo_envs/test_unseen_items_pick_from_floor/evaluations/octo_floor_duff_ood_20260927_191613/42001.mp4,logs/octo_parallel_20260928_021558_config40.log
40,floor_duff_ood,42002,0,demo_envs/test_unseen_items_pick_from_floor/evaluations/octo_floor_duff_ood_20260927_191613/42002.mp4,logs/octo_parallel_20260928_021558_config40.log
40,floor_duff_ood,42003,0,demo_envs/test_unseen_items_pick_from_floor/evaluations/octo_floor_duff_ood_20260927_191613/42003.mp4,logs/octo_parallel_20260928_021558_config40.log
40,floor_duff_ood,42004,0,demo_envs/test_unseen_items_pick_from_floor/evaluations/octo_floor_duff_ood_20260927_191613/42004.mp4,logs/octo_parallel_20260928_021558_config40.log
40,floor_duff_ood,42005,0,demo_envs/test_unseen_items_pick_from_floor/evaluations/octo_floor_duff_ood_20260927_191613/42005.mp4,logs/octo_parallel_20260928_021558_config40.log
40,floor_duff_ood,42006,0,demo_envs/test_unseen_items_pick_from_floor/evaluations/octo_floor_duff_ood_20260927_191613/42006.mp4,logs/octo_parallel_20260928_021558_config40.log
40,floor_duff_ood,42007,0,demo_envs/test_unseen_items_pick_from_floor/evaluations/octo_floor_duff_ood_20260927_191613/42007.mp4,logs/octo_parallel_20260928_021558_config40.log
40,floor_duff_ood,42008,0,demo_envs/test_unseen_items_pick_from_floor/evaluations/octo_floor_duff_ood_20260927_191613/42008.mp4,logs/octo_parallel_20260928_021558_config40.log
40,floor_duff_ood,42009,0,demo_envs/test_unseen_items_pick_from_floor/evaluations/octo_floor_duff_ood_20260927_191613/42009.mp4,logs/octo_parallel_20260928_021558_config40.log
40,floor_duff_ood,42010,0,demo_envs/test_unseen_items_pick_from_floor/evaluations/octo_floor_duff_ood_20260927_191613/42010.mp4,logs/octo_parallel_20260928_021558_config40.log
40,floor_duff_ood,42011,0,demo_envs/test_unseen_items_pick_from_floor/evaluations/octo_floor_duff_ood_20260927_191613/42011.mp4,logs/octo_parallel_20260928_021558_config40.log
40,floor_duff_ood,42012,0,demo_envs/test_unseen_items_pick_from_floor/evaluations/octo_floor_duff_ood_20260927_191613/42012.mp4,logs/octo_parallel_20260928_021558_config40.log
40,floor_duff_ood,42013,0,demo_envs/test_unseen_items_pick_from_floor/evaluations/octo_floor_duff_ood_20260927_191613/42013.mp4,logs/octo_parallel_20260928_021558_config40.log
40,floor_duff_ood,42014,0,demo_envs/test_unseen_items_pick_from_floor/evaluations/octo_floor_duff_ood_20260927_191613/42014.mp4,logs/octo_parallel_20260928_021558_config40.log
40,floor_duff_ood,42015,0,demo_envs/test_unseen_items_pick_from_floor/evaluations/octo_floor_duff_ood_20260927_191613/42015.mp4,logs/octo_parallel_20260928_021558_config40.log
40,floor_duff_ood,42016,0,demo_envs/test_unseen_items_pick_from_floor/evaluations/octo_floor_duff_ood_20260927_191613/42016.mp4,logs/octo_parallel_20260928_021558_config40.log
40,floor_duff_ood,42017,0,demo_envs/test_unseen_items_pick_from_floor/evaluations/octo_floor_duff_ood_20260927_191613/42017.mp4,logs/octo_parallel_20260928_021558_config40.log
40,floor_duff_ood,42018,0,demo_envs/test_unseen_items_pick_from_floor/evaluations/octo_floor_duff_ood_20260927_191613/42018.mp4,logs/octo_parallel_20260928_021558_config40.log
40,floor_duff_ood,42019,0,demo_envs/test_unseen_items_pick_from_floor/evaluations/octo_floor_duff_ood_20260927_191613/42019.mp4,logs/octo_parallel_20260928_021558_config40.log
40,floor_duff_ood,42020,0,demo_envs/test_unseen_items_pick_from_floor/evaluations/octo_floor_duff_ood_20260927_191613/42020.mp4,logs/octo_parallel_20260928_021558_config40.log
40,floor_duff_ood,42021,0,demo_envs/test_unseen_items_pick_from_floor/evaluations/octo_floor_duff_ood_20260927_191613/42021.mp4,logs/octo_parallel_20260928_021558_config40.log
40,floor_duff_ood,42022,0,demo_envs/test_unseen_items_pick_from_floor/evaluations/octo_floor_duff_ood_20260927_191613/42022.mp4,logs/octo_parallel_20260928_021558_config40.log
40,floor_duff_ood,42023,0,demo_envs/test_unseen_items_pick_from_floor/evaluations/octo_floor_duff_ood_20260927_191613/42023.mp4,logs/octo_parallel_20260928_021558_config40.log
40,floor_duff_ood,42024,0,demo_envs/test_unseen_items_pick_from_floor/evaluations/octo_floor_duff_ood_20260927_191613/42024.mp4,logs/octo_parallel_20260928_021558_config40.log
40,floor_duff_ood,42025,0,demo_envs/test_unseen_items_pick_from_floor/evaluations/octo_floor_duff_ood_20260927_191613/42025.mp4,logs/octo_parallel_20260928_021558_config40.log
40,floor_duff_ood,42026,0,demo_envs/test_unseen_items_pick_from_floor/evaluations/octo_floor_duff_ood_20260927_191613/42026.mp4,logs/octo_parallel_20260928_021558_config40.log
40,floor_duff_ood,42027,0,demo_envs/test_unseen_items_pick_from_floor/evaluations/octo_floor_duff_ood_20260927_191613/42027.mp4,logs/octo_parallel_20260928_021558_config40.log
40,floor_duff_ood,42028,0,demo_envs/test_unseen_items_pick_from_floor/evaluations/octo_floor_duff_ood_20260927_191613/42028.mp4,logs/octo_parallel_20260928_021558_config40.log
40,floor_duff_ood,42029,0,demo_envs/test_unseen_items_pick_from_floor/evaluations/octo_floor_duff_ood_20260927_191613/42029.mp4,logs/octo_parallel_20260928_021558_config40.log
41,basket_nestle_ood,42000,0,demo_envs/test_unseen_items_pick_to_basket/evaluations/octo_basket_nestle_ood_20260927_191613/42000.mp4,logs/octo_parallel_20260928_021558_config41.log
41,basket_nestle_ood,42001,0,demo_envs/test_unseen_items_pick_to_basket/evaluations/octo_basket_nestle_ood_20260927_191613/42001.mp4,logs/octo_parallel_20260928_021558_config41.log
41,basket_nestle_ood,42002,0,demo_envs/test_unseen_items_pick_to_basket/evaluations/octo_basket_nestle_ood_20260927_191613/42002.mp4,logs/octo_parallel_20260928_021558_config41.log
41,basket_nestle_ood,42003,0,demo_envs/test_unseen_items_pick_to_basket/evaluations/octo_basket_nestle_ood_20260927_191613/42003.mp4,logs/octo_parallel_20260928_021558_config41.log
41,basket_nestle_ood,42004,0,demo_envs/test_unseen_items_pick_to_basket/evaluations/octo_basket_nestle_ood_20260927_191613/42004.mp4,logs/octo_parallel_20260928_021558_config41.log
41,basket_nestle_ood,42005,0,demo_envs/test_unseen_items_pick_to_basket/evaluations/octo_basket_nestle_ood_20260927_191613/42005.mp4,logs/octo_parallel_20260928_021558_config41.log
41,basket_nestle_ood,42006,0,demo_envs/test_unseen_items_pick_to_basket/evaluations/octo_basket_nestle_ood_20260927_191613/42006.mp4,logs/octo_parallel_20260928_021558_config41.log
41,basket_nestle_ood,42007,0,demo_envs/test_unseen_items_pick_to_basket/evaluations/octo_basket_nestle_ood_20260927_191613/42007.mp4,logs/octo_parallel_20260928_021558_config41.log
41,basket_nestle_ood,42008,0,demo_envs/test_unseen_items_pick_to_basket/evaluations/octo_basket_nestle_ood_20260927_191613/42008.mp4,logs/octo_parallel_20260928_021558_config41.log
41,basket_nestle_ood,42009,0,demo_envs/test_unseen_items_pick_to_basket/evaluations/octo_basket_nestle_ood_20260927_191613/42009.mp4,logs/octo_parallel_20260928_021558_config41.log
41,basket_nestle_ood,42010,0,demo_envs/test_unseen_items_pick_to_basket/evaluations/octo_basket_nestle_ood_20260927_191613/42010.mp4,logs/octo_parallel_20260928_021558_config41.log
41,basket_nestle_ood,42011,0,demo_envs/test_unseen_items_pick_to_basket/evaluations/octo_basket_nestle_ood_20260927_191613/42011.mp4,logs/octo_parallel_20260928_021558_config41.log
41,basket_nestle_ood,42012,0,demo_envs/test_unseen_items_pick_to_basket/evaluations/octo_basket_nestle_ood_20260927_191613/42012.mp4,logs/octo_parallel_20260928_021558_config41.log
41,basket_nestle_ood,42013,0,demo_envs/test_unseen_items_pick_to_basket/evaluations/octo_basket_nestle_ood_20260927_191613/42013.mp4,logs/octo_parallel_20260928_021558_config41.log
41,basket_nestle_ood,42014,0,demo_envs/test_unseen_items_pick_to_basket/evaluations/octo_basket_nestle_ood_20260927_191613/42014.mp4,logs/octo_parallel_20260928_021558_config41.log
41,basket_nestle_ood,42015,0,demo_envs/test_unseen_items_pick_to_basket/evaluations/octo_basket_nestle_ood_20260927_191613/42015.mp4,logs/octo_parallel_20260928_021558_config41.log
41,basket_nestle_ood,42016,0,demo_envs/test_unseen_items_pick_to_basket/evaluations/octo_basket_nestle_ood_20260927_191613/42016.mp4,logs/octo_parallel_20260928_021558_config41.log
41,basket_nestle_ood,42017,0,demo_envs/test_unseen_items_pick_to_basket/evaluations/octo_basket_nestle_ood_20260927_191613/42017.mp4,logs/octo_parallel_20260928_021558_config41.log
41,basket_nestle_ood,42018,0,demo_envs/test_unseen_items_pick_to_basket/evaluations/octo_basket_nestle_ood_20260927_191613/42018.mp4,logs/octo_parallel_20260928_021558_config41.log
41,basket_nestle_ood,42019,0,demo_envs/test_unseen_items_pick_to_basket/evaluations/octo_basket_nestle_ood_20260927_191613/42019.mp4,logs/octo_parallel_20260928_021558_config41.log
41,basket_nestle_ood,42020,0,demo_envs/test_unseen_items_pick_to_basket/evaluations/octo_basket_nestle_ood_20260927_191613/42020.mp4,logs/octo_parallel_20260928_021558_config41.log
41,basket_nestle_ood,42021,0,demo_envs/test_unseen_items_pick_to_basket/evaluations/octo_basket_nestle_ood_20260927_191613/42021.mp4,logs/octo_parallel_20260928_021558_config41.log
41,basket_nestle_ood,42022,0,demo_envs/test_unseen_items_pick_to_basket/evaluations/octo_basket_nestle_ood_20260927_191613/42022.mp4,logs/octo_parallel_20260928_021558_config41.log
41,basket_nestle_ood,42023,0,demo_envs/test_unseen_items_pick_to_basket/evaluations/octo_basket_nestle_ood_20260927_191613/42023.mp4,logs/octo_parallel_20260928_021558_config41.log
41,basket_nestle_ood,42024,0,demo_envs/test_unseen_items_pick_to_basket/evaluations/octo_basket_nestle_ood_20260927_191613/42024.mp4,logs/octo_parallel_20260928_021558_config41.log
41,basket_nestle_ood,42025,0,demo_envs/test_unseen_items_pick_to_basket/evaluations/octo_basket_nestle_ood_20260927_191613/42025.mp4,logs/octo_parallel_20260928_021558_config41.log
41,basket_nestle_ood,42026,0,demo_envs/test_unseen_items_pick_to_basket/evaluations/octo_basket_nestle_ood_20260927_191613/42026.mp4,logs/octo_parallel_20260928_021558_config41.log
41,basket_nestle_ood,42027,0,demo_envs/test_unseen_items_pick_to_basket/evaluations/octo_basket_nestle_ood_20260927_191613/42027.mp4,logs/octo_parallel_20260928_021558_config41.log
41,basket_nestle_ood,42028,0,demo_envs/test_unseen_items_pick_to_basket/evaluations/octo_basket_nestle_ood_20260927_191613/42028.mp4,logs/octo_parallel_20260928_021558_config41.log
41,basket_nestle_ood,42029,0,demo_envs/test_unseen_items_pick_to_basket/evaluations/octo_basket_nestle_ood_20260927_191613/42029.mp4,logs/octo_parallel_20260928_021558_config41.log
42,basket_slam_ood,42000,0,demo_envs/test_unseen_items_pick_to_basket/evaluations/octo_basket_slam_ood_20260927_191613/42000.mp4,logs/octo_parallel_20260928_021558_config42.log
42,basket_slam_ood,42001,0,demo_envs/test_unseen_items_pick_to_basket/evaluations/octo_basket_slam_ood_20260927_191613/42001.mp4,logs/octo_parallel_20260928_021558_config42.log
42,basket_slam_ood,42002,0,demo_envs/test_unseen_items_pick_to_basket/evaluations/octo_basket_slam_ood_20260927_191613/42002.mp4,logs/octo_parallel_20260928_021558_config42.log
42,basket_slam_ood,42003,0,demo_envs/test_unseen_items_pick_to_basket/evaluations/octo_basket_slam_ood_20260927_191613/42003.mp4,logs/octo_parallel_20260928_021558_config42.log
42,basket_slam_ood,42004,0,demo_envs/test_unseen_items_pick_to_basket/evaluations/octo_basket_slam_ood_20260927_191613/42004.mp4,logs/octo_parallel_20260928_021558_config42.log
42,basket_slam_ood,42005,0,demo_envs/test_unseen_items_pick_to_basket/evaluations/octo_basket_slam_ood_20260927_191613/42005.mp4,logs/octo_parallel_20260928_021558_config42.log
42,basket_slam_ood,42006,0,demo_envs/test_unseen_items_pick_to_basket/evaluations/octo_basket_slam_ood_20260927_191613/42006.mp4,logs/octo_parallel_20260928_021558_config42.log
42,basket_slam_ood,42007,0,demo_envs/test_unseen_items_pick_to_basket/evaluations/octo_basket_slam_ood_20260927_191613/42007.mp4,logs/octo_parallel_20260928_021558_config42.log
42,basket_slam_ood,42008,0,demo_envs/test_unseen_items_pick_to_basket/evaluations/octo_basket_slam_ood_20260927_191613/42008.mp4,logs/octo_parallel_20260928_021558_config42.log
42,basket_slam_ood,42009,0,demo_envs/test_unseen_items_pick_to_basket/evaluations/octo_basket_slam_ood_20260927_191613/42009.mp4,logs/octo_parallel_20260928_021558_config42.log
42,basket_slam_ood,42010,0,demo_envs/test_unseen_items_pick_to_basket/evaluations/octo_basket_slam_ood_20260927_191613/42010.mp4,logs/octo_parallel_20260928_021558_config42.log
42,basket_slam_ood,42011,0,demo_envs/test_unseen_items_pick_to_basket/evaluations/octo_basket_slam_ood_20260927_191613/42011.mp4,logs/octo_parallel_20260928_021558_config42.log
42,basket_slam_ood,42012,0,demo_envs/test_unseen_items_pick_to_basket/evaluations/octo_basket_slam_ood_20260927_191613/42012.mp4,logs/octo_parallel_20260928_021558_config42.log
42,basket_slam_ood,42013,0,demo_envs/test_unseen_items_pick_to_basket/evaluations/octo_basket_slam_ood_20260927_191613/42013.mp4,logs/octo_parallel_20260928_021558_config42.log
42,basket_slam_ood,42014,0,demo_envs/test_unseen_items_pick_to_basket/evaluations/octo_basket_slam_ood_20260927_191613/42014.mp4,logs/octo_parallel_20260928_021558_config42.log
42,basket_slam_ood,42015,0,demo_envs/test_unseen_items_pick_to_basket/evaluations/octo_basket_slam_ood_20260927_191613/42015.mp4,logs/octo_parallel_20260928_021558_config42.log
42,basket_slam_ood,42016,0,demo_envs/test_unseen_items_pick_to_basket/evaluations/octo_basket_slam_ood_20260927_191613/42016.mp4,logs/octo_parallel_20260928_021558_config42.log
42,basket_slam_ood,42017,0,demo_envs/test_unseen_items_pick_to_basket/evaluations/octo_basket_slam_ood_20260927_191613/42017.mp4,logs/octo_parallel_20260928_021558_config42.log
42,basket_slam_ood,42018,0,demo_envs/test_unseen_items_pick_to_basket/evaluations/octo_basket_slam_ood_20260927_191613/42018.mp4,logs/octo_parallel_20260928_021558_config42.log
42,basket_slam_ood,42019,0,demo_envs/test_unseen_items_pick_to_basket/evaluations/octo_basket_slam_ood_20260927_191613/42019.mp4,logs/octo_parallel_20260928_021558_config42.log
42,basket_slam_ood,42020,0,demo_envs/test_unseen_items_pick_to_basket/evaluations/octo_basket_slam_ood_20260927_191613/42020.mp4,logs/octo_parallel_20260928_021558_config42.log
42,basket_slam_ood,42021,0,demo_envs/test_unseen_items_pick_to_basket/evaluations/octo_basket_slam_ood_20260927_191613/42021.mp4,logs/octo_parallel_20260928_021558_config42.log
42,basket_slam_ood,42022,0,demo_envs/test_unseen_items_pick_to_basket/evaluations/octo_basket_slam_ood_20260927_191613/42022.mp4,logs/octo_parallel_20260928_021558_config42.log
42,basket_slam_ood,42023,0,demo_envs/test_unseen_items_pick_to_basket/evaluations/octo_basket_slam_ood_20260927_191613/42023.mp4,logs/octo_parallel_20260928_021558_config42.log
42,basket_slam_ood,42024,0,demo_envs/test_unseen_items_pick_to_basket/evaluations/octo_basket_slam_ood_20260927_191613/42024.mp4,logs/octo_parallel_20260928_021558_config42.log
42,basket_slam_ood,42025,0,demo_envs/test_unseen_items_pick_to_basket/evaluations/octo_basket_slam_ood_20260927_191613/42025.mp4,logs/octo_parallel_20260928_021558_config42.log
42,basket_slam_ood,42026,0,demo_envs/test_unseen_items_pick_to_basket/evaluations/octo_basket_slam_ood_20260927_191613/42026.mp4,logs/octo_parallel_20260928_021558_config42.log
42,basket_slam_ood,42027,0,demo_envs/test_unseen_items_pick_to_basket/evaluations/octo_basket_slam_ood_20260927_191613/42027.mp4,logs/octo_parallel_20260928_021558_config42.log
42,basket_slam_ood,42028,0,demo_envs/test_unseen_items_pick_to_basket/evaluations/octo_basket_slam_ood_20260927_191613/42028.mp4,logs/octo_parallel_20260928_021558_config42.log
42,basket_slam_ood,42029,0,demo_envs/test_unseen_items_pick_to_basket/evaluations/octo_basket_slam_ood_20260927_191613/42029.mp4,logs/octo_parallel_20260928_021558_config42.log
