relative_path,size_bytes,sha256
demo_envs/close_fridge/evaluations/pi05_close_fridge_robo_pi05_parallel_20261002_105333/0.mp4,468725,723552851cb34847bbb86da531458d73b53881fb6375f188168a26cf4f221356
demo_envs/close_fridge/evaluations/pi05_close_fridge_robo_pi05_parallel_20261002_105333/100.mp4,378869,0536ab9f4931a2711f5274dc6546384c286261527b1a98367e41f999fbbd5f28
demo_envs/close_fridge/evaluations/pi05_close_fridge_robo_pi05_parallel_20261002_105333/104.mp4,373026,a71d71e518061e144f16dd882e6e50fd1306ca02f5c5346632f4cdc8c39aed9b
demo_envs/close_fridge/evaluations/pi05_close_fridge_robo_pi05_parallel_20261002_105333/108.mp4,391256,729804c57d944383cca73e2bea341fd310d91364ca982f6f8a64c1ef0bcc2789
demo_envs/close_fridge/evaluations/pi05_close_fridge_robo_pi05_parallel_20261002_105333/112.mp4,376372,70a0c549753e150e5994e3d6a8d29f78906f18e112f9db4414c0d7954d8de318
demo_envs/close_fridge/evaluations/pi05_close_fridge_robo_pi05_parallel_20261002_105333/116.mp4,393148,82ad8309b67f5979c87f5f85a5293ec73d5ca75ec2724cee6e0cf484e0746ff0
demo_envs/close_fridge/evaluations/pi05_close_fridge_robo_pi05_parallel_20261002_105333/12.mp4,338527,4f55ba626d1b722a0b16341e8408299210a7b509f129f1004534ca3cba8c58b4
demo_envs/close_fridge/evaluations/pi05_close_fridge_robo_pi05_parallel_20261002_105333/16.mp4,381358,1e5c6276884213adb4ee552a63e419c95de8334eda27dd3215e3a83a83dd1e9d
demo_envs/close_fridge/evaluations/pi05_close_fridge_robo_pi05_parallel_20261002_105333/20.mp4,520606,276386d3fc79f4a3112bc0a7a4d69c81b7c3c86514de27c8acbd6c807d236d39
demo_envs/close_fridge/evaluations/pi05_close_fridge_robo_pi05_parallel_20261002_105333/20261002_063629.h5,800,26c4d449632ea072317c16e9d4857e419b67e1b7751f81a89a87c8e75fe9484e
demo_envs/close_fridge/evaluations/pi05_close_fridge_robo_pi05_parallel_20261002_105333/20261002_063629.json,1185,635a28cc0f581ef8c79ecdfd9c8878fdc7157c3b5c62334963c3966ce2d770de
demo_envs/close_fridge/evaluations/pi05_close_fridge_robo_pi05_parallel_20261002_105333/24.mp4,356018,9efc013ac0706594daf888d73a2127358fde38f2b1f535ca4c822ff76f135349
demo_envs/close_fridge/evaluations/pi05_close_fridge_robo_pi05_parallel_20261002_105333/28.mp4,201211,13f4b058d254383143123522852ae802e5f17e5aea1b0419d0617fcb3e0cf636
demo_envs/close_fridge/evaluations/pi05_close_fridge_robo_pi05_parallel_20261002_105333/32.mp4,246358,8384010cb0dc98ec6d0ffcda925408849173d01ae31c405ca3bf0df78e3eb7a7
demo_envs/close_fridge/evaluations/pi05_close_fridge_robo_pi05_parallel_20261002_105333/36.mp4,361645,cc44e378ac848dc95e6d8ef4cb2e6b64ba9af35baab21f12a155232f19084ee5
demo_envs/close_fridge/evaluations/pi05_close_fridge_robo_pi05_parallel_20261002_105333/4.mp4,426027,05226938f7c89d9a801c8e45991b7f6ec64ea5115ed00fcfdb9fdeb47a0302a0
demo_envs/close_fridge/evaluations/pi05_close_fridge_robo_pi05_parallel_20261002_105333/40.mp4,522339,c749d1e5a4d556cad59f94815b1bdee76427fc08260333a25c4b43f5c8213c95
demo_envs/close_fridge/evaluations/pi05_close_fridge_robo_pi05_parallel_20261002_105333/44.mp4,336680,42f411f8d57e5b65e63aed337bb33a11202f677dad47decc9a0344d9f4d9cf2c
demo_envs/close_fridge/evaluations/pi05_close_fridge_robo_pi05_parallel_20261002_105333/48.mp4,329470,685b9ccb80cbacafdb4210cd8eb9dd89bee0ebc969ac9ef461d3b5fe3eacb360
demo_envs/close_fridge/evaluations/pi05_close_fridge_robo_pi05_parallel_20261002_105333/52.mp4,329715,91ce8804a6610daf690b7cd70297c1c1b748d081954fb29c9f3befa79777f0fe
demo_envs/close_fridge/evaluations/pi05_close_fridge_robo_pi05_parallel_20261002_105333/56.mp4,478710,1a8fefa9d5afad51b0440d87f1dada83b6f16007c9bf85ff38695d8fb04d8cb2
demo_envs/close_fridge/evaluations/pi05_close_fridge_robo_pi05_parallel_20261002_105333/60.mp4,385018,062db310db98b30e38f8137f5683d554ccc54d80d37e41f79a1b8dbfe3bc8c50
demo_envs/close_fridge/evaluations/pi05_close_fridge_robo_pi05_parallel_20261002_105333/64.mp4,240363,923a2cabdd48aeb1744f03c7b7b42614d61439e6b8ed1326fa99bb868d06987a
demo_envs/close_fridge/evaluations/pi05_close_fridge_robo_pi05_parallel_20261002_105333/68.mp4,367381,28a423a60e0d5cb5bce5f706822fa017add965e56fbfc67f45a20b450fd2fbb7
demo_envs/close_fridge/evaluations/pi05_close_fridge_robo_pi05_parallel_20261002_105333/72.mp4,371843,37c7e0a94c534b11bae681994c8b2eb04add260ae88b738a7335f190935d52b0
demo_envs/close_fridge/evaluations/pi05_close_fridge_robo_pi05_parallel_20261002_105333/76.mp4,395576,bf74c680834a96828240d4d404fa54730802e858a0958b3f69acf20ffce6ae5b
demo_envs/close_fridge/evaluations/pi05_close_fridge_robo_pi05_parallel_20261002_105333/8.mp4,433767,85921dac26cbf59c2ff7462725a25b3f2b0e4c254308b8fbaac9bd34b18937d5
demo_envs/close_fridge/evaluations/pi05_close_fridge_robo_pi05_parallel_20261002_105333/80.mp4,369973,01689cc036cf45a644a70955d2617ef7f5b60450d5cd195c2e8581911187d595
demo_envs/close_fridge/evaluations/pi05_close_fridge_robo_pi05_parallel_20261002_105333/84.mp4,195628,8bd2592f33f0b4c4552eeede0faa53c7baa31f6fffea95a19f1a959b4f5210cf
demo_envs/close_fridge/evaluations/pi05_close_fridge_robo_pi05_parallel_20261002_105333/88.mp4,508224,0ce1cdd76449931d17d76325be936943c55326a41d4b280795a647ee652bf50d
demo_envs/close_fridge/evaluations/pi05_close_fridge_robo_pi05_parallel_20261002_105333/92.mp4,259607,ee5eafee27235e486220dd4786498df08f2e9943ff9e282ff53f5abfb6ca7304
demo_envs/close_fridge/evaluations/pi05_close_fridge_robo_pi05_parallel_20261002_105333/96.mp4,168225,99bd1d16816ffa1ce369172084158198c690c411a6109f9378adbab322398b3e
demo_envs/close_fridge/evaluations/pi05_close_fridge_train_pi05_parallel_20261002_105333/0.mp4,477410,731ed64cf880a22d5ee28afcda05ae56e95bf35846a0c83c38024dc4b1d3a959
demo_envs/close_fridge/evaluations/pi05_close_fridge_train_pi05_parallel_20261002_105333/100.mp4,429492,1c754575c8a02a20a4f603795b2f5ffb3b4815455e45307d895d788a9be7957d
demo_envs/close_fridge/evaluations/pi05_close_fridge_train_pi05_parallel_20261002_105333/104.mp4,199913,6f4395384344fb840a00a4b8adac70c6d51d28e847c67114a4fe76e7de5f397d
demo_envs/close_fridge/evaluations/pi05_close_fridge_train_pi05_parallel_20261002_105333/108.mp4,311802,a76d875d3e22c5d1ac9c172480373a453d756ad15afc911cc9f2d7b7cd45a394
demo_envs/close_fridge/evaluations/pi05_close_fridge_train_pi05_parallel_20261002_105333/112.mp4,228918,e86c85ce238c89d9788485d853bfe8ba2507c58200c3df3a8315021a8bf2bd2c
demo_envs/close_fridge/evaluations/pi05_close_fridge_train_pi05_parallel_20261002_105333/116.mp4,389691,cb256c4322e9df058efcc8f548a570df0e93008eb1319daa1ffd7752dc0c3802
demo_envs/close_fridge/evaluations/pi05_close_fridge_train_pi05_parallel_20261002_105333/12.mp4,362494,6ca584c6fe49872a281309146fac48dde8a4aba66e2cbb03575d7194b9dc8f0b
demo_envs/close_fridge/evaluations/pi05_close_fridge_train_pi05_parallel_20261002_105333/16.mp4,333263,3faa6e75a41cbc18069178963c0cee279166f8645bc4e025b7755e43ba2fda35
demo_envs/close_fridge/evaluations/pi05_close_fridge_train_pi05_parallel_20261002_105333/20.mp4,453522,db88c717cd2512b55b4d0d800853aefabb4e4c9be6a0566c82c44f75e34851fc
demo_envs/close_fridge/evaluations/pi05_close_fridge_train_pi05_parallel_20261002_105333/20261002_053428.h5,800,26c4d449632ea072317c16e9d4857e419b67e1b7751f81a89a87c8e75fe9484e
demo_envs/close_fridge/evaluations/pi05_close_fridge_train_pi05_parallel_20261002_105333/20261002_053428.json,1185,635a28cc0f581ef8c79ecdfd9c8878fdc7157c3b5c62334963c3966ce2d770de
demo_envs/close_fridge/evaluations/pi05_close_fridge_train_pi05_parallel_20261002_105333/24.mp4,366979,9cfd76a125a50dc2bc339aadb68dae4194518941edaf79ed190d36187ff5ca82
demo_envs/close_fridge/evaluations/pi05_close_fridge_train_pi05_parallel_20261002_105333/28.mp4,264597,38514777ee216d9539c9449b6fe1a71fa3a41ad21b7eb9fe4144d0b2fa804c6d
demo_envs/close_fridge/evaluations/pi05_close_fridge_train_pi05_parallel_20261002_105333/32.mp4,346979,47d7bf27fa75d1cd236bcf796077738f43eea6c5cd9827df60956b3a4143228a
demo_envs/close_fridge/evaluations/pi05_close_fridge_train_pi05_parallel_20261002_105333/36.mp4,357003,c1532ac0a551ddea9ee88650a1ac93e5ea0752914573816f128019ce76e61e74
demo_envs/close_fridge/evaluations/pi05_close_fridge_train_pi05_parallel_20261002_105333/4.mp4,416322,a2c6d150b90d5f97b56c6eb408cf0afc3a8526791563bdc41c6b35f78c7e334a
demo_envs/close_fridge/evaluations/pi05_close_fridge_train_pi05_parallel_20261002_105333/40.mp4,488813,b097ed5955ea2a6e73ad872c76bcbc560cc3f2c6cd46aba285d2b9a01f505f9d
demo_envs/close_fridge/evaluations/pi05_close_fridge_train_pi05_parallel_20261002_105333/44.mp4,272970,6bdb8748385f0f2e6999dfea51f279720a78f337c474416ee7d41ae7c90d9b65
demo_envs/close_fridge/evaluations/pi05_close_fridge_train_pi05_parallel_20261002_105333/48.mp4,345449,a8bfda2c33950cd8c8f8bf900a5eadf0a55cbee5d8d52a4783f0f79b1c9ea024
demo_envs/close_fridge/evaluations/pi05_close_fridge_train_pi05_parallel_20261002_105333/52.mp4,503001,027f510297ec6d1e5ad177388e57691650af49bad5bd1dd202067d30d5b8bdfe
demo_envs/close_fridge/evaluations/pi05_close_fridge_train_pi05_parallel_20261002_105333/56.mp4,492816,302b06690006a4d004a00b58ea8369b3f8fff77215397f0a47f73d721adf36bf
demo_envs/close_fridge/evaluations/pi05_close_fridge_train_pi05_parallel_20261002_105333/60.mp4,417925,03290535812908f94262af790fb91777a9964a852329cf9720f2d09ec5ca4b3b
demo_envs/close_fridge/evaluations/pi05_close_fridge_train_pi05_parallel_20261002_105333/64.mp4,238975,275d5fd5b3ff5ed9ea56ff09496ba5366529ed37cf01e31376fa391647a81a73
demo_envs/close_fridge/evaluations/pi05_close_fridge_train_pi05_parallel_20261002_105333/68.mp4,356297,c229c38e778fa0338c3c9a8607a6897c9306f17e9cc3182faa67f56701389b8c
demo_envs/close_fridge/evaluations/pi05_close_fridge_train_pi05_parallel_20261002_105333/72.mp4,382654,5c3f1d06614550c87a3c9d3d1b082f29d01a98abbc080d680445b1e7bd19c636
demo_envs/close_fridge/evaluations/pi05_close_fridge_train_pi05_parallel_20261002_105333/76.mp4,422325,73c1dd0e1c47164cb533980cc7eb53b3a4fa6b719407f67d6f54c1044f3c995c
demo_envs/close_fridge/evaluations/pi05_close_fridge_train_pi05_parallel_20261002_105333/8.mp4,421761,00605f35bc39c55e076659ae7b8148fa24b01373cedb2c96ea2ee20293442996
demo_envs/close_fridge/evaluations/pi05_close_fridge_train_pi05_parallel_20261002_105333/80.mp4,379720,22f0f7fc10203b253995dfa55792d0da9a65a12992590a70df190b60640da766
demo_envs/close_fridge/evaluations/pi05_close_fridge_train_pi05_parallel_20261002_105333/84.mp4,330414,33cb1a645b2cca62d408bdd8a5a57269190e18d7816bb2747c34f866034a1181
demo_envs/close_fridge/evaluations/pi05_close_fridge_train_pi05_parallel_20261002_105333/88.mp4,501912,91142544f0a5bfc64211982b3a153ea1e5ad1cd4c8bd0453f4f366bbeba95114
demo_envs/close_fridge/evaluations/pi05_close_fridge_train_pi05_parallel_20261002_105333/92.mp4,332190,bfc9f355e96bc3cf4b2c3006f0a4b0611ab0b0a73e09532edacb7b0a146c7580
demo_envs/close_fridge/evaluations/pi05_close_fridge_train_pi05_parallel_20261002_105333/96.mp4,296158,b58866f28ada70e806bf8c57ac41e0f9a2551498862843fb2740eb7aa4321759
demo_envs/close_fridge/evaluations/pi05_close_fridge_uns_pi05_parallel_20261002_105333/20261002_092725.h5,800,26c4d449632ea072317c16e9d4857e419b67e1b7751f81a89a87c8e75fe9484e
demo_envs/close_fridge/evaluations/pi05_close_fridge_uns_pi05_parallel_20261002_105333/20261002_092725.json,1147,39b4cd7dcf04ad7d99457aa06b6b0ea40e18bfa2aca4a015eb850ef014762f91
demo_envs/close_fridge/evaluations/pi05_close_fridge_uns_pi05_parallel_20261002_105333/42000.mp4,375129,bcaef29c2f160fa6b322a01670ce6ee37d559d0fb168843561f4c562d6ac64d5
demo_envs/close_fridge/evaluations/pi05_close_fridge_uns_pi05_parallel_20261002_105333/42001.mp4,371891,276fc78b1eabbb6b6f7485f1a0d3cfffdc16bb5c5e7b4dabf608374fa1849421
demo_envs/close_fridge/evaluations/pi05_close_fridge_uns_pi05_parallel_20261002_105333/42002.mp4,207330,716f4b7bb0008e9464377c904441d3e04e82c64a84e74be484d74e2c4be562e2
demo_envs/close_fridge/evaluations/pi05_close_fridge_uns_pi05_parallel_20261002_105333/42003.mp4,364367,2d0780952449153c6393631b3b0511453cd39c8eb8e067c0bc33e66015fcf296
demo_envs/close_fridge/evaluations/pi05_close_fridge_uns_pi05_parallel_20261002_105333/42004.mp4,418013,7a6ac798bb916b7449126b576c30ade7ca2566cc08ad19051ab5ab1abc3af437
demo_envs/close_fridge/evaluations/pi05_close_fridge_uns_pi05_parallel_20261002_105333/42005.mp4,361857,297aa403411283ddcad30cb3f52f62f62d7c53bf2e8f114bdc0704216aa5179c
demo_envs/close_fridge/evaluations/pi05_close_fridge_uns_pi05_parallel_20261002_105333/42006.mp4,392495,922bded51fda587ab5a175c3ec6b5a03e8de77805ece1abb2da9bbfe1bb51c6f
demo_envs/close_fridge/evaluations/pi05_close_fridge_uns_pi05_parallel_20261002_105333/42007.mp4,420638,c1698bf53ed33d240d477fe544b6d5f538c8c65310ef395353aa89dd8762426e
demo_envs/close_fridge/evaluations/pi05_close_fridge_uns_pi05_parallel_20261002_105333/42008.mp4,392026,97b141cfd4e8b6161582d3b12fe5c3c5e895103fdbf94849730f5c073411d8e4
demo_envs/close_fridge/evaluations/pi05_close_fridge_uns_pi05_parallel_20261002_105333/42009.mp4,382500,20858871c3439e1d742d85b60f10ef5a032b90a81c5db1ad98a1aa09e7387a36
demo_envs/close_fridge/evaluations/pi05_close_fridge_uns_pi05_parallel_20261002_105333/42010.mp4,389282,9b91b6a7c1ba19ab442f2339e33fa91b6e5767f87d68e27d9bf12409c7d0c3b3
demo_envs/close_fridge/evaluations/pi05_close_fridge_uns_pi05_parallel_20261002_105333/42011.mp4,384162,e63612cd333d67cfd3c47f10e05a3e39e9805b88c21ce3fe1d7de7b89d7e97b8
demo_envs/close_fridge/evaluations/pi05_close_fridge_uns_pi05_parallel_20261002_105333/42012.mp4,385478,6fd7383f6dfd83991b00c7ca20bc5908f8850f03f7de21bd361a8e49e4883e44
demo_envs/close_fridge/evaluations/pi05_close_fridge_uns_pi05_parallel_20261002_105333/42013.mp4,189402,a8676e0410a4bd6d73a0e3e726a9be4b7817fa971ea86d8f6b6e06f558b4a217
demo_envs/close_fridge/evaluations/pi05_close_fridge_uns_pi05_parallel_20261002_105333/42014.mp4,395502,f4e097f3194014cb298f9191b88acb1fb556cb382902ac2a05bdf5e665c5b7b7
demo_envs/close_fridge/evaluations/pi05_close_fridge_uns_pi05_parallel_20261002_105333/42015.mp4,499575,0a037942a0799c661cdbdaef6951baedb9ad3eb04197614afeeb8750d676ef8f
demo_envs/close_fridge/evaluations/pi05_close_fridge_uns_pi05_parallel_20261002_105333/42016.mp4,342341,fb8403ac2fc8e8d230516826c24d1bf7c29786853f6bbe3caaa925e9807c7dba
demo_envs/close_fridge/evaluations/pi05_close_fridge_uns_pi05_parallel_20261002_105333/42017.mp4,339349,f5112d6895ed48fda8db8b17ff8622ad46fa681db3374ea1ac3099c9a2793506
demo_envs/close_fridge/evaluations/pi05_close_fridge_uns_pi05_parallel_20261002_105333/42018.mp4,546501,7e5fe1807c500120dca077c9e903f28971bfc958970c6744ce838426fbdc4fb8
demo_envs/close_fridge/evaluations/pi05_close_fridge_uns_pi05_parallel_20261002_105333/42019.mp4,354628,8befa4277a5b2f0e3d30d4cf753b8620fd48f0a8cfc6968cb8ddf2bd1403825d
demo_envs/close_fridge/evaluations/pi05_close_fridge_uns_pi05_parallel_20261002_105333/42020.mp4,303309,26b2cfae87c60aba22252a0d03d0fd1a14bff74b2a373d73923868cdbefd873f
demo_envs/close_fridge/evaluations/pi05_close_fridge_uns_pi05_parallel_20261002_105333/42021.mp4,193304,be53bf2c9fcbb382717124d792d30d3262771f1b3c92c132a2ccbdc22708304d
demo_envs/close_fridge/evaluations/pi05_close_fridge_uns_pi05_parallel_20261002_105333/42022.mp4,342281,9f52ff1186adb703c51bbdcec377d91a7cd0d9b0c701f13d1133d030e4b051c5
demo_envs/close_fridge/evaluations/pi05_close_fridge_uns_pi05_parallel_20261002_105333/42023.mp4,323973,6b04676dd082eb1029e1a102bf68944ec3841cab91e42b28e5d0988ddd56ab1d
demo_envs/close_fridge/evaluations/pi05_close_fridge_uns_pi05_parallel_20261002_105333/42024.mp4,253566,0e35297b643740399584cf871f475c8e027b892e2429488561ada78344652f16
demo_envs/close_fridge/evaluations/pi05_close_fridge_uns_pi05_parallel_20261002_105333/42025.mp4,388419,31cfcfd11e088cfb5afcf5e2997e2e259e933cfd2cb6f55b509cf43f3a0a5957
demo_envs/close_fridge/evaluations/pi05_close_fridge_uns_pi05_parallel_20261002_105333/42026.mp4,350040,b2ba3d57e25bf57e449eb97a36b5a276992cc475aeafbe23dfcaeade096b636d
demo_envs/close_fridge/evaluations/pi05_close_fridge_uns_pi05_parallel_20261002_105333/42027.mp4,345331,bd7b408d36ea826f98c3b7b6f63adfa5368659136691bd313dac3063b0e1024b
demo_envs/close_fridge/evaluations/pi05_close_fridge_uns_pi05_parallel_20261002_105333/42028.mp4,346997,21ed19c128a9d59fcad171e29dcc7425144894ecb7696731a3126359cc330ecc
demo_envs/close_fridge/evaluations/pi05_close_fridge_uns_pi05_parallel_20261002_105333/42029.mp4,353889,e465935867c0e2d28e13eec36aff18ccc9e96f6e0d801fe06011edbbcc3dd3b2
demo_envs/close_showcase/evaluations/pi05_close_showcase_robo_pi05_parallel_20261002_105333/0.mp4,567650,293bbc3fa5a8cb8074d9e9cb1d2648de8329441e40cb69377648416dc53497bf
demo_envs/close_showcase/evaluations/pi05_close_showcase_robo_pi05_parallel_20261002_105333/100.mp4,1273803,fd754d2b443e36d1dbd396c8a24fd3510af296984029c6adc62ed4d7a6b8e4ed
demo_envs/close_showcase/evaluations/pi05_close_showcase_robo_pi05_parallel_20261002_105333/104.mp4,718327,a31a3702760db2d25aec2e5cdbfe9849d522a68ceffa10a83b9aa3fca7d7c7dd
demo_envs/close_showcase/evaluations/pi05_close_showcase_robo_pi05_parallel_20261002_105333/108.mp4,602121,31fd60868a894cb6ee09c941619a11b5975dde53ba71ed539196628fd82c87ee
demo_envs/close_showcase/evaluations/pi05_close_showcase_robo_pi05_parallel_20261002_105333/112.mp4,710108,3f74b02da137dfbdea501c979666fbac5f4093d3dfe3684430611cd8029f13b7
demo_envs/close_showcase/evaluations/pi05_close_showcase_robo_pi05_parallel_20261002_105333/116.mp4,776419,e2e278877aa2d073888cb4c95cfd707c88a8f885b9445bbd4128b5882d30ef89
demo_envs/close_showcase/evaluations/pi05_close_showcase_robo_pi05_parallel_20261002_105333/12.mp4,541782,065882082c1148f9898d94bc53c2ae16371c6fe5dbc2377c03c3ac685500137e
demo_envs/close_showcase/evaluations/pi05_close_showcase_robo_pi05_parallel_20261002_105333/124.mp4,444795,c58bac6db6332407da69034d8e3361b9c295aee7264516d5dfe8d6bacd5d11b8
demo_envs/close_showcase/evaluations/pi05_close_showcase_robo_pi05_parallel_20261002_105333/128.mp4,171529,8dbf6bc3de767c64a89679fd051955d9de089a32d2bcc2d6713a42a0d28b8d2c
demo_envs/close_showcase/evaluations/pi05_close_showcase_robo_pi05_parallel_20261002_105333/132.mp4,750434,12b8cb85b37387bf67cec9059024efaaae733d1f95d7f28d05bff2ae25b995f1
demo_envs/close_showcase/evaluations/pi05_close_showcase_robo_pi05_parallel_20261002_105333/136.mp4,746162,e9a54ca2bc1ebd20fea74f73cd3dedfc61b872b2c78c0600fc4f7ae1b916b020
demo_envs/close_showcase/evaluations/pi05_close_showcase_robo_pi05_parallel_20261002_105333/16.mp4,786213,1bc31a052b4739268515caace35587791c1fdce79798ee37d4012d626cc75ef7
demo_envs/close_showcase/evaluations/pi05_close_showcase_robo_pi05_parallel_20261002_105333/20.mp4,853995,ec5b981b72b7d1f150e5d7abfd549c58391b22632cd7f62417dd3b813e5c1aaf
demo_envs/close_showcase/evaluations/pi05_close_showcase_robo_pi05_parallel_20261002_105333/20261002_070747.h5,800,26c4d449632ea072317c16e9d4857e419b67e1b7751f81a89a87c8e75fe9484e
demo_envs/close_showcase/evaluations/pi05_close_showcase_robo_pi05_parallel_20261002_105333/20261002_070747.json,1188,741f7175f9ce249c22138ff4ac9df5ef4d67c05984191b2eed2bc015de019c6b
demo_envs/close_showcase/evaluations/pi05_close_showcase_robo_pi05_parallel_20261002_105333/28.mp4,707612,d62edeebe434905da3a900d027609274363159de420e2f2edb20c2ceaebd3205
demo_envs/close_showcase/evaluations/pi05_close_showcase_robo_pi05_parallel_20261002_105333/32.mp4,671262,00e6c1a9cdf95874ada20f68d339c785329c2322bdcb00bd03d2b429b94e961d
demo_envs/close_showcase/evaluations/pi05_close_showcase_robo_pi05_parallel_20261002_105333/36.mp4,592266,0b94b4d852a7dcbe2629547a2a0721c0dd0443bc6db26e0a89d9466b7b5fc3de
demo_envs/close_showcase/evaluations/pi05_close_showcase_robo_pi05_parallel_20261002_105333/44.mp4,731388,497d990ddb94b074aea1594d0639cdee7f837d3f36d178d7febc3f8e344ea926
demo_envs/close_showcase/evaluations/pi05_close_showcase_robo_pi05_parallel_20261002_105333/48.mp4,874547,9b1c7505670fda2bfa710978ed0606c2588d759866d17d750fbb585040651cb9
demo_envs/close_showcase/evaluations/pi05_close_showcase_robo_pi05_parallel_20261002_105333/52.mp4,840246,d3f9425ac61fbab709667b79ef19014724be9b39b3a195ccaf975df8f485de8a
demo_envs/close_showcase/evaluations/pi05_close_showcase_robo_pi05_parallel_20261002_105333/56.mp4,1024375,17beb788bf5e8da69b6afdc85341d2358299603e6f5651bf6bdec6becfe6dc3d
demo_envs/close_showcase/evaluations/pi05_close_showcase_robo_pi05_parallel_20261002_105333/60.mp4,653187,ff1adcb3613d5add4220cc8536988c55549b9e87799044932f580eb040e2d157
demo_envs/close_showcase/evaluations/pi05_close_showcase_robo_pi05_parallel_20261002_105333/64.mp4,819618,f29a1f295f88c540a03e2444e5c7bece6a8e70c74355fe22b59b69828297a307
demo_envs/close_showcase/evaluations/pi05_close_showcase_robo_pi05_parallel_20261002_105333/68.mp4,575614,10d38959b767f7da4b7f4c52383074ed2205d45d6833414118d732f97be858a0
demo_envs/close_showcase/evaluations/pi05_close_showcase_robo_pi05_parallel_20261002_105333/72.mp4,747294,8c893a4c1ba5b50da472ffa44d8e508b470d34119a1cf80c1eb116b71c8dd9d8
demo_envs/close_showcase/evaluations/pi05_close_showcase_robo_pi05_parallel_20261002_105333/76.mp4,375271,57fe180d1005876b1a1506a7e4bd1812e7c0ed8f02de2eff3eb2fef374711a23
demo_envs/close_showcase/evaluations/pi05_close_showcase_robo_pi05_parallel_20261002_105333/8.mp4,824231,c547a241bb45e2dddcdedc1bb326817c46f132ceb01e7f6e77876986d3ae1e61
demo_envs/close_showcase/evaluations/pi05_close_showcase_robo_pi05_parallel_20261002_105333/80.mp4,517159,90a57a6781e20225fd7d6e7ea0344af998afdc61fc65e57d5dec7ee1b79d297b
demo_envs/close_showcase/evaluations/pi05_close_showcase_robo_pi05_parallel_20261002_105333/84.mp4,571446,751e5d8d9410a28217efc68d6889f6fc9d91584801183addebc1a30723f5c400
demo_envs/close_showcase/evaluations/pi05_close_showcase_robo_pi05_parallel_20261002_105333/88.mp4,1045387,35c9263f62ec2e41f8a901bac3fb2100509066b091721bc4d296c287ad969850
demo_envs/close_showcase/evaluations/pi05_close_showcase_robo_pi05_parallel_20261002_105333/96.mp4,675127,0b4688ea885273cb5b55f597987abfa6629044f5e201d4699ce42f3820651e6e
demo_envs/close_showcase/evaluations/pi05_close_showcase_train_pi05_parallel_20261002_105333/0.mp4,724622,270845e37f75087f287c2e5fae1df0332fc9a2db5ad9a8b4968d2eed2c1ac529
demo_envs/close_showcase/evaluations/pi05_close_showcase_train_pi05_parallel_20261002_105333/100.mp4,977581,f5f18bc88efab4eb3430d0b9da5878f69579a1db82d846ec34e9be6a568bb458
demo_envs/close_showcase/evaluations/pi05_close_showcase_train_pi05_parallel_20261002_105333/104.mp4,658751,d3fd5c435700e3677b3a07717d495c0efb69e138591a8682c29695195afab0e1
demo_envs/close_showcase/evaluations/pi05_close_showcase_train_pi05_parallel_20261002_105333/108.mp4,651909,4d99ba5d92e46678f5d6c7b4ba7aa91c8339dda507f037b0f3472738204fb85d
demo_envs/close_showcase/evaluations/pi05_close_showcase_train_pi05_parallel_20261002_105333/112.mp4,633017,01fd72264056dafcdc766a39ebfb626a2f181cd9467f5d9290815da128bbaa21
demo_envs/close_showcase/evaluations/pi05_close_showcase_train_pi05_parallel_20261002_105333/116.mp4,783687,4777c9f5b3da562726aa9fbaa369d95a97b6f681cefce6eebd76709f3026b496
demo_envs/close_showcase/evaluations/pi05_close_showcase_train_pi05_parallel_20261002_105333/12.mp4,425639,81a6b880f1c3c669c0969e58e5fbb21ade3f3368d0a9962d559753bea47088eb
demo_envs/close_showcase/evaluations/pi05_close_showcase_train_pi05_parallel_20261002_105333/124.mp4,555468,1b1ebb27e9258c8ced933bf2de254d34ef3084abe0318db34edc4b498d72023c
demo_envs/close_showcase/evaluations/pi05_close_showcase_train_pi05_parallel_20261002_105333/128.mp4,539570,91494a71d7f38408454553193a87efd08bec942586007014c25aceefdb9bd766
demo_envs/close_showcase/evaluations/pi05_close_showcase_train_pi05_parallel_20261002_105333/132.mp4,360762,a0f722e542f4e554574be1adf333b8741c9f578add162044659298972ed0bb68
demo_envs/close_showcase/evaluations/pi05_close_showcase_train_pi05_parallel_20261002_105333/136.mp4,861505,356e007d63cedad32b7fb7894e34957ac04845943bcdc277e57fb09c98fd5b61
demo_envs/close_showcase/evaluations/pi05_close_showcase_train_pi05_parallel_20261002_105333/16.mp4,395535,76a970c899ce341cbde70b18aace6423a17116cab8902a76b2eecb6f85c5c657
demo_envs/close_showcase/evaluations/pi05_close_showcase_train_pi05_parallel_20261002_105333/20.mp4,527521,5623abb86ffec704673e6b7a9e71359a372ad51cdf1f31e09d76d29b12d19635
demo_envs/close_showcase/evaluations/pi05_close_showcase_train_pi05_parallel_20261002_105333/20261002_035423.h5,800,26c4d449632ea072317c16e9d4857e419b67e1b7751f81a89a87c8e75fe9484e
demo_envs/close_showcase/evaluations/pi05_close_showcase_train_pi05_parallel_20261002_105333/20261002_035423.json,1188,741f7175f9ce249c22138ff4ac9df5ef4d67c05984191b2eed2bc015de019c6b
demo_envs/close_showcase/evaluations/pi05_close_showcase_train_pi05_parallel_20261002_105333/28.mp4,657109,67f97b997a8d0e9871b1cb24fe5a403de8cdd29f68c351bd7e80107c29d15ae8
demo_envs/close_showcase/evaluations/pi05_close_showcase_train_pi05_parallel_20261002_105333/32.mp4,799682,4a7af38310bb4c51bd203a762f8fed0b00561c156cfc22fd19cdc566b52a5e1e
demo_envs/close_showcase/evaluations/pi05_close_showcase_train_pi05_parallel_20261002_105333/36.mp4,278594,b0d620f8e96dc4848f838d81feba1c6a17b2ef2c59b3b0ec293c5ca4ac9369f1
demo_envs/close_showcase/evaluations/pi05_close_showcase_train_pi05_parallel_20261002_105333/44.mp4,615019,55be4f9ac44fb8b450097e06629ccc84b63fed25ba1f9f05d7e216569b9088b0
demo_envs/close_showcase/evaluations/pi05_close_showcase_train_pi05_parallel_20261002_105333/48.mp4,931024,b314755adada1f721a53c10260c2166a7ee7a7699535acf725bed6939132f365
demo_envs/close_showcase/evaluations/pi05_close_showcase_train_pi05_parallel_20261002_105333/52.mp4,783682,c5b267f4ade02a5b8eaf9e435fae00eb74693140a01fdb81bb261c75f9bffd8e
demo_envs/close_showcase/evaluations/pi05_close_showcase_train_pi05_parallel_20261002_105333/56.mp4,885206,6a7c5bc3dbdb8c87925443c3398b4e2a764c260e65b0519d234fcdcd5b1d26e7
demo_envs/close_showcase/evaluations/pi05_close_showcase_train_pi05_parallel_20261002_105333/60.mp4,289141,6d0a988e88f9eb92a1f325233601d4000e0449e2d3b2a23c1e9c367fcf8e519f
demo_envs/close_showcase/evaluations/pi05_close_showcase_train_pi05_parallel_20261002_105333/64.mp4,688543,742e8f6aaef24888f1754f09afe8d02382f2dd2f12dc1d70f641d01b99ed5fbc
demo_envs/close_showcase/evaluations/pi05_close_showcase_train_pi05_parallel_20261002_105333/68.mp4,657855,71625a5fb001bc5afaa5b7c0981ed448026fc1e17fa5d809b76627586674d38f
demo_envs/close_showcase/evaluations/pi05_close_showcase_train_pi05_parallel_20261002_105333/72.mp4,799836,90181821ac494fa282ac1a7ebdcce5557a5a93963f4a2f909957de2bf0d18f9b
demo_envs/close_showcase/evaluations/pi05_close_showcase_train_pi05_parallel_20261002_105333/76.mp4,377983,6fc8c1381cb2294392714cde8381733f5710be77c4c4e29ef02b11c34f351a7b
demo_envs/close_showcase/evaluations/pi05_close_showcase_train_pi05_parallel_20261002_105333/8.mp4,720584,3611f0b182aeceee7fd5404df70e76ef9911f6453d0ed39fe1ec705a67146e6d
demo_envs/close_showcase/evaluations/pi05_close_showcase_train_pi05_parallel_20261002_105333/80.mp4,585071,e793e2ac639c60739de1b7d4826e09fe76d621080f9196b8db818851b8058061
demo_envs/close_showcase/evaluations/pi05_close_showcase_train_pi05_parallel_20261002_105333/84.mp4,136702,02743926e9ac170cd8d903d225958eb8d279ec55b28f727303f4f98a0e2ef38b
demo_envs/close_showcase/evaluations/pi05_close_showcase_train_pi05_parallel_20261002_105333/88.mp4,1163037,9502f72e007b2f65d04697bc31ff28fadb7d8211680a9d93e3bc81b92a818ec4
demo_envs/close_showcase/evaluations/pi05_close_showcase_train_pi05_parallel_20261002_105333/96.mp4,994272,8f848cc2c31170f52be479d9f69881903a8520868ecf22d40aa645ec0e9ba492
demo_envs/close_showcase/evaluations/pi05_close_showcase_uns_pi05_parallel_20261002_105333/20261002_073738.h5,800,26c4d449632ea072317c16e9d4857e419b67e1b7751f81a89a87c8e75fe9484e
demo_envs/close_showcase/evaluations/pi05_close_showcase_uns_pi05_parallel_20261002_105333/20261002_073738.json,1151,a71e1cf2eb5c86598226ed680c62a0216e4e9a0e5d2da3bbb570852b216316fc
demo_envs/close_showcase/evaluations/pi05_close_showcase_uns_pi05_parallel_20261002_105333/42000.mp4,761724,09ff8d193d0dab8753b7246ce082017c2e440bb3c2c0b7ee861d79617a36f6b9
demo_envs/close_showcase/evaluations/pi05_close_showcase_uns_pi05_parallel_20261002_105333/42001.mp4,665308,f568e56821a0f40d044bc457f900898f9086bc6371d0bfd87281c1fe2869e38c
demo_envs/close_showcase/evaluations/pi05_close_showcase_uns_pi05_parallel_20261002_105333/42002.mp4,688759,42ddb8274a0c751678e9807fdf91802d70efad5fe004327205bf314654370893
demo_envs/close_showcase/evaluations/pi05_close_showcase_uns_pi05_parallel_20261002_105333/42003.mp4,502677,8d4608da430ded3d0485fd2f061dc1326325d35090435cbf3fd5042f7ee2691b
demo_envs/close_showcase/evaluations/pi05_close_showcase_uns_pi05_parallel_20261002_105333/42004.mp4,640424,ecd2b4a766a0f7731e254f767f81a5e84136c29a8201d2c591d0709f851029e1
demo_envs/close_showcase/evaluations/pi05_close_showcase_uns_pi05_parallel_20261002_105333/42005.mp4,115667,352315bd116891da8a91dd6657519bdddf51783d29f48f3e587c0872639dd3d5
demo_envs/close_showcase/evaluations/pi05_close_showcase_uns_pi05_parallel_20261002_105333/42006.mp4,732109,3c4f2b47fa2dbeafaa1fba315b018f08b1d7f3e43cdcc43e6b46ecb880c4d4e4
demo_envs/close_showcase/evaluations/pi05_close_showcase_uns_pi05_parallel_20261002_105333/42007.mp4,862751,d697df1c8f784efc128464089605578c962543cef55159b8e306ac567656720d
demo_envs/close_showcase/evaluations/pi05_close_showcase_uns_pi05_parallel_20261002_105333/42008.mp4,693762,8e2204345d58103e76b88f93efe168b9f3c592c5658a3415c92e903ad17303ac
demo_envs/close_showcase/evaluations/pi05_close_showcase_uns_pi05_parallel_20261002_105333/42009.mp4,532127,b17c5830d0a96d18cbe2c58632bab1bcf321a7e2250cf570b1f655ec68d54bc1
demo_envs/close_showcase/evaluations/pi05_close_showcase_uns_pi05_parallel_20261002_105333/42010.mp4,142404,5203b1213a796c62ea97e53e83e35a8759139c62b4bc923d6cef8f1731b64811
demo_envs/close_showcase/evaluations/pi05_close_showcase_uns_pi05_parallel_20261002_105333/42011.mp4,789448,d6b25ea27e225b402bc910df148a2defac5d3d41b7d3811c89653ab400178177
demo_envs/close_showcase/evaluations/pi05_close_showcase_uns_pi05_parallel_20261002_105333/42012.mp4,1000537,e2f785ac81d1e3ec941e33c27a52977a859c179bb332c02c2e3e2cba38163497
demo_envs/close_showcase/evaluations/pi05_close_showcase_uns_pi05_parallel_20261002_105333/42013.mp4,437120,6615d7296338b0c79a4d43dea01bd23674e3d63341670a2997f34626217cf421
demo_envs/close_showcase/evaluations/pi05_close_showcase_uns_pi05_parallel_20261002_105333/42014.mp4,667956,d8fe01f734950df56d5e8b256be994e5ffbf22051c0ff2b4c966ebb2732a67a9
demo_envs/close_showcase/evaluations/pi05_close_showcase_uns_pi05_parallel_20261002_105333/42015.mp4,932121,46ad9c21748eaac0c286cd27e8ddb741ca2fa5e6fb31db6b04351e30748bc267
demo_envs/close_showcase/evaluations/pi05_close_showcase_uns_pi05_parallel_20261002_105333/42016.mp4,616627,5a9bd72f75eb8da69f1d11767724e0d69879d525d65d4236bf693d5be93a8d3d
demo_envs/close_showcase/evaluations/pi05_close_showcase_uns_pi05_parallel_20261002_105333/42017.mp4,585016,e3ee0c5bba3155a8100a5d1e0b1cb946f801f73d7bba9a2fbf195439e9bd35f9
demo_envs/close_showcase/evaluations/pi05_close_showcase_uns_pi05_parallel_20261002_105333/42018.mp4,304756,f5e58f74b59e4f8285d949231a13770843a2003e3e032ce22e6fef7447128874
demo_envs/close_showcase/evaluations/pi05_close_showcase_uns_pi05_parallel_20261002_105333/42019.mp4,97484,6077cfdc1abfcd871eb329563a6537b24efb88138380570a9d0e89f723e0979a
demo_envs/close_showcase/evaluations/pi05_close_showcase_uns_pi05_parallel_20261002_105333/42020.mp4,684202,29e68655cd0bb191e52bf49640f42d32352e0ea85278de4879b09828b2cd2046
demo_envs/close_showcase/evaluations/pi05_close_showcase_uns_pi05_parallel_20261002_105333/42021.mp4,755413,e0e55c53a0f7799a371f9c66f7c0bf3a4e0aeef2e64a3f4ecbfc0bdd9f60c3e3
demo_envs/close_showcase/evaluations/pi05_close_showcase_uns_pi05_parallel_20261002_105333/42022.mp4,738359,ea465693dfcbc85f48d2bce61af989e02b14dbc5edb9853c03e25fb53fcb734e
demo_envs/close_showcase/evaluations/pi05_close_showcase_uns_pi05_parallel_20261002_105333/42023.mp4,735643,cb6a8d860ec54288ee0ed5d96872e80a6e5f47fef2f99cf6c1e906ea5f334521
demo_envs/close_showcase/evaluations/pi05_close_showcase_uns_pi05_parallel_20261002_105333/42024.mp4,848546,566ff0984909edf26e2de02b14e5b52ab216160f7a6af92e39d867b83ae94c8c
demo_envs/close_showcase/evaluations/pi05_close_showcase_uns_pi05_parallel_20261002_105333/42025.mp4,390175,0749500bd1dea2a9c8ed01f4a670af60ff54401f4fbbe45131551291a36e3b97
demo_envs/close_showcase/evaluations/pi05_close_showcase_uns_pi05_parallel_20261002_105333/42026.mp4,374880,4aa80e2b79907c0865683b835712c708579f91ed2cc6714cad959d0816947903
demo_envs/close_showcase/evaluations/pi05_close_showcase_uns_pi05_parallel_20261002_105333/42027.mp4,99995,c60362367f97c62166a5770bb0dce41ca7fd2fc5a3e49c92251e3ef74954bd7a
demo_envs/close_showcase/evaluations/pi05_close_showcase_uns_pi05_parallel_20261002_105333/42028.mp4,631213,c98ad6219ef0e4655d49088c93e32260258e0d7321beb71f607b71f5188609e6
demo_envs/close_showcase/evaluations/pi05_close_showcase_uns_pi05_parallel_20261002_105333/42029.mp4,673305,4403c61a528120ee8d68a78aab2563e5ab7959925694c9180bd0677737738581
demo_envs/move_from_board_to_board_duff/evaluations/pi05_board_duff_robo_pi05_parallel_20261002_105333/100.mp4,751754,dd2ad811aff1365d1f630d3fbaf6658e91e966878e8d3eb8e22f3ca65a8cf63d
demo_envs/move_from_board_to_board_duff/evaluations/pi05_board_duff_robo_pi05_parallel_20261002_105333/112.mp4,437872,11ff19daf082d0a8f2daf0739f105637e92169fec3ca5c0c06e689240722f680
demo_envs/move_from_board_to_board_duff/evaluations/pi05_board_duff_robo_pi05_parallel_20261002_105333/120.mp4,553443,725be24f329c5a5eee5413c7b6acb269be2746568e44cb67abc8583d2a5ee8e7
demo_envs/move_from_board_to_board_duff/evaluations/pi05_board_duff_robo_pi05_parallel_20261002_105333/128.mp4,241443,43236435a769925760a4dbe7ad39c84234735a86bd0b7b5d173d02f5f5802ba9
demo_envs/move_from_board_to_board_duff/evaluations/pi05_board_duff_robo_pi05_parallel_20261002_105333/132.mp4,684454,297b7f41d8272c3c7aaeffeee15d30bb13d3d7456bbe2374193883c65be458a5
demo_envs/move_from_board_to_board_duff/evaluations/pi05_board_duff_robo_pi05_parallel_20261002_105333/140.mp4,608856,722d457c84940690cd542fde8120cdace6d67b761251bccf2bd51b85c12537b6
demo_envs/move_from_board_to_board_duff/evaluations/pi05_board_duff_robo_pi05_parallel_20261002_105333/148.mp4,443501,588c49d90844a836cce6997d0fcc6e9f34be93333c84d794c138777d96927e34
demo_envs/move_from_board_to_board_duff/evaluations/pi05_board_duff_robo_pi05_parallel_20261002_105333/152.mp4,582773,76275dacab0ba7cbc778ce1db81ddfb136c976fa0fbde8ef6a827bebdba623be
demo_envs/move_from_board_to_board_duff/evaluations/pi05_board_duff_robo_pi05_parallel_20261002_105333/156.mp4,469605,724a53c4fdde177eac6cc5b65f86966801345966f42e84e0cd851fce321f2647
demo_envs/move_from_board_to_board_duff/evaluations/pi05_board_duff_robo_pi05_parallel_20261002_105333/160.mp4,738953,b976ef3f4eb7a7f577ea43ac54731b1d20246b8df902795ad1b67e0af28955bd
demo_envs/move_from_board_to_board_duff/evaluations/pi05_board_duff_robo_pi05_parallel_20261002_105333/164.mp4,286992,f7bb9f49bf15e8d8591104294e9b55b34f9f87183da7d6adece2d28e0cc0fed0
demo_envs/move_from_board_to_board_duff/evaluations/pi05_board_duff_robo_pi05_parallel_20261002_105333/168.mp4,604796,1960c5b16267294eb1d0dc2374403b55d2e3080bae63021c091288880372594b
demo_envs/move_from_board_to_board_duff/evaluations/pi05_board_duff_robo_pi05_parallel_20261002_105333/176.mp4,233192,00269d3997236095489c56e0ff819d62cebd1610202b45f670cac84f76718fc0
demo_envs/move_from_board_to_board_duff/evaluations/pi05_board_duff_robo_pi05_parallel_20261002_105333/184.mp4,512186,0856198ba3438d3aaf2243c3f7c0b1c91226d7b615a1591bac906e64535a1a87
demo_envs/move_from_board_to_board_duff/evaluations/pi05_board_duff_robo_pi05_parallel_20261002_105333/188.mp4,275007,797021dabddb4e8d27d8a75da82d478d7e31b864598fd23059aa8d6daa7fef80
demo_envs/move_from_board_to_board_duff/evaluations/pi05_board_duff_robo_pi05_parallel_20261002_105333/192.mp4,526176,cdd7c9e0398a44870c0d706b276eecdf47506f7dbd8854748e032572d63f81a8
demo_envs/move_from_board_to_board_duff/evaluations/pi05_board_duff_robo_pi05_parallel_20261002_105333/196.mp4,784733,34ed83190c2d7b822f2e70a5791dac7846126f5990395f0b33388073212e7fea
demo_envs/move_from_board_to_board_duff/evaluations/pi05_board_duff_robo_pi05_parallel_20261002_105333/20.mp4,470109,31bc1e586ae9a903031ee122795e0347a1869777be55684348ffb058800feb50
demo_envs/move_from_board_to_board_duff/evaluations/pi05_board_duff_robo_pi05_parallel_20261002_105333/20261002_054856.h5,800,26c4d449632ea072317c16e9d4857e419b67e1b7751f81a89a87c8e75fe9484e
demo_envs/move_from_board_to_board_duff/evaluations/pi05_board_duff_robo_pi05_parallel_20261002_105333/20261002_054856.json,1212,cda6d91a1489ac5fc61229c33d14855d09df6ec3ecba58adc7001200dd270cb1
demo_envs/move_from_board_to_board_duff/evaluations/pi05_board_duff_robo_pi05_parallel_20261002_105333/204.mp4,571902,2fba5891ce912e22d617d875db55e8a0c660822b4fdbe6e9497dfb6c75000fc1
demo_envs/move_from_board_to_board_duff/evaluations/pi05_board_duff_robo_pi05_parallel_20261002_105333/216.mp4,203992,230414ea2d345ebd0e4705e88de72c420c87d3b8a7049326c8e519ef8a56c1bc
demo_envs/move_from_board_to_board_duff/evaluations/pi05_board_duff_robo_pi05_parallel_20261002_105333/24.mp4,526753,1ccffc04ad58fcbcdfb2dad9bc422614e41bcd9c496b4a9ebad02a9a54625c8c
demo_envs/move_from_board_to_board_duff/evaluations/pi05_board_duff_robo_pi05_parallel_20261002_105333/32.mp4,207539,ddf937f61fd3755a26fee429b40faaec51c07e531e49d50e4c9db7dff117d2e7
demo_envs/move_from_board_to_board_duff/evaluations/pi05_board_duff_robo_pi05_parallel_20261002_105333/44.mp4,482804,2ade824f8273f0d160187427299fa3276658b76d776c11ef466aaab5793b1164
demo_envs/move_from_board_to_board_duff/evaluations/pi05_board_duff_robo_pi05_parallel_20261002_105333/48.mp4,758375,139c10e2d1f52e43114533b5fcd95b995c545be8df79406d3aed09dc9f44f231
demo_envs/move_from_board_to_board_duff/evaluations/pi05_board_duff_robo_pi05_parallel_20261002_105333/56.mp4,772651,22b79c86ecab4d9e706f1082a54df7d8f9c3fd45f898c54d7d81f2f4d8765021
demo_envs/move_from_board_to_board_duff/evaluations/pi05_board_duff_robo_pi05_parallel_20261002_105333/72.mp4,566115,363d892ec2e59d7f1020a897d3d836a68dad6d22ef444fe7112c65adb0766e44
demo_envs/move_from_board_to_board_duff/evaluations/pi05_board_duff_robo_pi05_parallel_20261002_105333/8.mp4,508459,9d0e49d7e205589a181e7a558958059ea53d88151ef95c0850c8d00bf69ae94b
demo_envs/move_from_board_to_board_duff/evaluations/pi05_board_duff_robo_pi05_parallel_20261002_105333/88.mp4,821417,e97432378fe2cd64f56a9cc9e4bdffa25b7e4f73a16cec317a0952ce8ed51364
demo_envs/move_from_board_to_board_duff/evaluations/pi05_board_duff_robo_pi05_parallel_20261002_105333/92.mp4,424903,6dec86b888ea76e16cf9eb4e05de068b5a3c006c8e509399be1e7eab850f06ba
demo_envs/move_from_board_to_board_duff/evaluations/pi05_board_duff_robo_pi05_parallel_20261002_105333/96.mp4,386826,e266e063e1e9360d9b50d8f61050be4eb9ed9b7bbd3181a945c64464ebc563b7
demo_envs/move_from_board_to_board_duff/evaluations/pi05_board_duff_train_pi05_parallel_20261002_105333/100.mp4,858778,fa3accceca1996bcd4c0e75870df4ae254f10ba8acbddcf5ad2601890c4ed65b
demo_envs/move_from_board_to_board_duff/evaluations/pi05_board_duff_train_pi05_parallel_20261002_105333/112.mp4,528685,f2b6cc511d43358d092cdf0da2bb7118364458635863abdb539cfd2e0a75b417
demo_envs/move_from_board_to_board_duff/evaluations/pi05_board_duff_train_pi05_parallel_20261002_105333/120.mp4,606341,84663b70a7f981509e4d627bfd3987261fd48ce619749bd91ac1154b706ec0e6
demo_envs/move_from_board_to_board_duff/evaluations/pi05_board_duff_train_pi05_parallel_20261002_105333/128.mp4,234225,c74715e83047c096e466d3cee8e8929e6d5d7794b1cf9245bd177868c2df27e3
demo_envs/move_from_board_to_board_duff/evaluations/pi05_board_duff_train_pi05_parallel_20261002_105333/132.mp4,596381,738884696f3ef2337626ce3cb7018060cb5a754a97a2f91e0043037fcc5628e7
demo_envs/move_from_board_to_board_duff/evaluations/pi05_board_duff_train_pi05_parallel_20261002_105333/140.mp4,587349,91cea82ed3ef9a07ba0801085e14d0ca0429572eb89d758e19f6bf8c8d9e4daa
demo_envs/move_from_board_to_board_duff/evaluations/pi05_board_duff_train_pi05_parallel_20261002_105333/148.mp4,437653,216f3981fc1b9e98ecb4100c01f5054e439900407903e664f0de16a668d78074
demo_envs/move_from_board_to_board_duff/evaluations/pi05_board_duff_train_pi05_parallel_20261002_105333/152.mp4,672416,402196db02124ab7779944745afa58cfb96e73911b6d3ae8574e39138864419b
demo_envs/move_from_board_to_board_duff/evaluations/pi05_board_duff_train_pi05_parallel_20261002_105333/156.mp4,443576,c9c293f030adb48390118a5eba52eb88e3f05dcdf8e011db770862a4e60357d4
demo_envs/move_from_board_to_board_duff/evaluations/pi05_board_duff_train_pi05_parallel_20261002_105333/160.mp4,487137,13e9e8c88b9bc2adcd5ceb50fbccb43cd51ab3db7e0519acd34d6762770ee1a8
demo_envs/move_from_board_to_board_duff/evaluations/pi05_board_duff_train_pi05_parallel_20261002_105333/164.mp4,286921,8199c1e4fd04eaf7daf3463457d7503711158aaf02882b99cbb3e02ab799bfe7
demo_envs/move_from_board_to_board_duff/evaluations/pi05_board_duff_train_pi05_parallel_20261002_105333/168.mp4,699840,080644a45f01c6b8fc18a1e0815df87c21e68a29f4aa4dd8d29b5c6844e56fbc
demo_envs/move_from_board_to_board_duff/evaluations/pi05_board_duff_train_pi05_parallel_20261002_105333/176.mp4,249297,08493e6269cad9492667285e2d4de08f1feaa6ed38194e498fc106f2f82622e0
demo_envs/move_from_board_to_board_duff/evaluations/pi05_board_duff_train_pi05_parallel_20261002_105333/184.mp4,664020,9ce1e94244716a53e2944cfcb77f03ca7898553445ca7c10e449cda20fdef1cd
demo_envs/move_from_board_to_board_duff/evaluations/pi05_board_duff_train_pi05_parallel_20261002_105333/188.mp4,276787,ea7c528594c959d3d362b0be786828513ae520c47cc25de4a17511378dc8ed66
demo_envs/move_from_board_to_board_duff/evaluations/pi05_board_duff_train_pi05_parallel_20261002_105333/192.mp4,493481,6643cbfa357f3b3b60ad5800c0025610188d649bb3bcf9a74d53b224d692cf18
demo_envs/move_from_board_to_board_duff/evaluations/pi05_board_duff_train_pi05_parallel_20261002_105333/196.mp4,546686,2addb307bcfd530b5a7f3824ceb971461e3f87a37c39a7ed336ac0cab5b1369f
demo_envs/move_from_board_to_board_duff/evaluations/pi05_board_duff_train_pi05_parallel_20261002_105333/20.mp4,501127,03872e6183fd358a3cba968133127ef7d9c8bea13ce8b2edfb229c72b34d0e17
demo_envs/move_from_board_to_board_duff/evaluations/pi05_board_duff_train_pi05_parallel_20261002_105333/20261002_035423.h5,800,26c4d449632ea072317c16e9d4857e419b67e1b7751f81a89a87c8e75fe9484e
demo_envs/move_from_board_to_board_duff/evaluations/pi05_board_duff_train_pi05_parallel_20261002_105333/20261002_035423.json,1212,cda6d91a1489ac5fc61229c33d14855d09df6ec3ecba58adc7001200dd270cb1
demo_envs/move_from_board_to_board_duff/evaluations/pi05_board_duff_train_pi05_parallel_20261002_105333/204.mp4,530517,6e0fa19adbb16a9f769a19a6c0d95add037f52fe813ac702b9191be46a5169e2
demo_envs/move_from_board_to_board_duff/evaluations/pi05_board_duff_train_pi05_parallel_20261002_105333/216.mp4,201458,3a2ecc1494e9456fc524e3e3ce44d36401d5c99f1cb2915edf378db0da9f34ef
demo_envs/move_from_board_to_board_duff/evaluations/pi05_board_duff_train_pi05_parallel_20261002_105333/24.mp4,575994,2b73df0bb111aa05168262bfff38852cd6ff867952dbfc0ad51159ac6db46ffd
demo_envs/move_from_board_to_board_duff/evaluations/pi05_board_duff_train_pi05_parallel_20261002_105333/32.mp4,208222,6d2f5308b476215a396261a26dbcd85d40a1dc9f8e4a15eb4d6c1686622a1d75
demo_envs/move_from_board_to_board_duff/evaluations/pi05_board_duff_train_pi05_parallel_20261002_105333/44.mp4,531152,c25642e1d358b07886f8880cc6ed89c83489a48b5ff809629c661b18dc929db5
demo_envs/move_from_board_to_board_duff/evaluations/pi05_board_duff_train_pi05_parallel_20261002_105333/48.mp4,524394,8381775e95d075eead5b32c7e867d75c8a86dec2879101c369e9331632269b11
demo_envs/move_from_board_to_board_duff/evaluations/pi05_board_duff_train_pi05_parallel_20261002_105333/56.mp4,765751,b450d13914c2fa86717cb46c7e5159b2ffaf04c02493f211d76bd257f7656cc8
demo_envs/move_from_board_to_board_duff/evaluations/pi05_board_duff_train_pi05_parallel_20261002_105333/72.mp4,635449,cdddd4042626c13f737bc3b4087e9012cb4dfb251c1e7f07acc96458ccc7f9b4
demo_envs/move_from_board_to_board_duff/evaluations/pi05_board_duff_train_pi05_parallel_20261002_105333/8.mp4,500406,382146eee30b114a13645c982abff23f8dadea38021c644ffcfef35ac294eb72
demo_envs/move_from_board_to_board_duff/evaluations/pi05_board_duff_train_pi05_parallel_20261002_105333/88.mp4,757819,164bb8433864acedfa21443da39a7c18852a983e057d2cbdd2f163ed9e53327a
demo_envs/move_from_board_to_board_duff/evaluations/pi05_board_duff_train_pi05_parallel_20261002_105333/92.mp4,468438,00e91d4ba6cee1d2a2e8e7e65f5e6cc71959f8a53a891f5ebd03395bafa561e6
demo_envs/move_from_board_to_board_duff/evaluations/pi05_board_duff_train_pi05_parallel_20261002_105333/96.mp4,441626,54f589b391a62d78d3f1ddf89b688d1d133933a17ce9096c141c46b13d87e1f1
demo_envs/move_from_board_to_board_nestle/evaluations/pi05_board_nestle_robo_pi05_parallel_20261002_105333/0.mp4,398753,b1d016123c2060d1a0c3377f18d762bfa9cd89b70c6bba560a389b620f5a8014
demo_envs/move_from_board_to_board_nestle/evaluations/pi05_board_nestle_robo_pi05_parallel_20261002_105333/112.mp4,462592,5f029ce5d7a3271ceb3da6190f140540ad44d3d1f2e932d470ec4fcf4ae3d098
demo_envs/move_from_board_to_board_nestle/evaluations/pi05_board_nestle_robo_pi05_parallel_20261002_105333/12.mp4,767253,e8e876da14164e7731aa1f84aa0d5c2918f53103a5e08a75ba0bf131d267871e
demo_envs/move_from_board_to_board_nestle/evaluations/pi05_board_nestle_robo_pi05_parallel_20261002_105333/124.mp4,467550,bc2c3d70f487fceab26dab173f5e8ae035031493c7f249dd550d19b12b7afb44
demo_envs/move_from_board_to_board_nestle/evaluations/pi05_board_nestle_robo_pi05_parallel_20261002_105333/128.mp4,452635,c177efa194b7abfc868dfe1ddb56d6aeb068e5da574a8e477eb52e04ac5251b1
demo_envs/move_from_board_to_board_nestle/evaluations/pi05_board_nestle_robo_pi05_parallel_20261002_105333/132.mp4,461236,46444f2bc29f0c02459539beb1f1e39388c1e6d8e94671edf5164319ec2e06ed
demo_envs/move_from_board_to_board_nestle/evaluations/pi05_board_nestle_robo_pi05_parallel_20261002_105333/144.mp4,610623,186df35932ebb53316842d91889f0259e07bd5824c5f2505b4714009b6871630
demo_envs/move_from_board_to_board_nestle/evaluations/pi05_board_nestle_robo_pi05_parallel_20261002_105333/148.mp4,403459,4edaf296aba341c326c0224ad7210ef39bac628fbe1e8f85b8bb8fe2eb32ed40
demo_envs/move_from_board_to_board_nestle/evaluations/pi05_board_nestle_robo_pi05_parallel_20261002_105333/156.mp4,628632,03807b728c0bc54cf54ed770117f31b34b77397e8e8f713af033868f079159f9
demo_envs/move_from_board_to_board_nestle/evaluations/pi05_board_nestle_robo_pi05_parallel_20261002_105333/160.mp4,659842,353f7fc61d671bb60d5f02dbd654925ded8e4c956c0e07cf7c5dbaaae9d0fec0
demo_envs/move_from_board_to_board_nestle/evaluations/pi05_board_nestle_robo_pi05_parallel_20261002_105333/176.mp4,471807,42faef4ee6afaf56231c506654795bd7cb754912ca2c928b16b166190b3623ab
demo_envs/move_from_board_to_board_nestle/evaluations/pi05_board_nestle_robo_pi05_parallel_20261002_105333/184.mp4,708141,edccaca0c852ac932d2dc9f7c4caabeb09db12f8b3a4439357e3cb2d1294704c
demo_envs/move_from_board_to_board_nestle/evaluations/pi05_board_nestle_robo_pi05_parallel_20261002_105333/188.mp4,495920,ae34164790e85c504784c4e89c8e99064a7921304ebfa9b83378d2cfea8e128e
demo_envs/move_from_board_to_board_nestle/evaluations/pi05_board_nestle_robo_pi05_parallel_20261002_105333/192.mp4,515399,d0e44a31626af65178fd6c126735ac733c54a47827d5ec15301df3df968756ec
demo_envs/move_from_board_to_board_nestle/evaluations/pi05_board_nestle_robo_pi05_parallel_20261002_105333/20.mp4,415003,c2de83d8ba7453e5e695fa8db3d3e85576dca7bad34768ad45f636d563a1855a
demo_envs/move_from_board_to_board_nestle/evaluations/pi05_board_nestle_robo_pi05_parallel_20261002_105333/20261002_054800.h5,800,26c4d449632ea072317c16e9d4857e419b67e1b7751f81a89a87c8e75fe9484e
demo_envs/move_from_board_to_board_nestle/evaluations/pi05_board_nestle_robo_pi05_parallel_20261002_105333/20261002_054800.json,1214,d142ae5c4444d1c77e7fb4d3e47854a04baba2b8461319725d41ca09b1b5ce82
demo_envs/move_from_board_to_board_nestle/evaluations/pi05_board_nestle_robo_pi05_parallel_20261002_105333/212.mp4,563654,05d046c398cee3b26b54240176278db543873935746a19e4c613dcab356747df
demo_envs/move_from_board_to_board_nestle/evaluations/pi05_board_nestle_robo_pi05_parallel_20261002_105333/220.mp4,397287,41610b626040190ba71c09027e2590593b66f51ac21f1ae8fe91751983cda8f3
demo_envs/move_from_board_to_board_nestle/evaluations/pi05_board_nestle_robo_pi05_parallel_20261002_105333/24.mp4,609171,b35129ad81d8db218df9b8ab338ff32e7bce456aa22d9db0673fcac1ab9b7cd5
demo_envs/move_from_board_to_board_nestle/evaluations/pi05_board_nestle_robo_pi05_parallel_20261002_105333/244.mp4,923181,12fc1606f50158626efc748f05ffb74893a9d09e41f58a6fbd9387419c0ecf81
demo_envs/move_from_board_to_board_nestle/evaluations/pi05_board_nestle_robo_pi05_parallel_20261002_105333/256.mp4,576563,ff905dd740954714bd2d2692fdbe71a12d96271bc75d58d1f71bcd4d4cf69ce9
demo_envs/move_from_board_to_board_nestle/evaluations/pi05_board_nestle_robo_pi05_parallel_20261002_105333/276.mp4,457202,3342c01939b01e6d4e868020c66317374c050a2d0893534e96d7ac4b8a168fb1
demo_envs/move_from_board_to_board_nestle/evaluations/pi05_board_nestle_robo_pi05_parallel_20261002_105333/28.mp4,466388,0858ccc5ddef173733f912a8e6517e901b1b70b4dd0ea1cc71e32a9b3e095aff
demo_envs/move_from_board_to_board_nestle/evaluations/pi05_board_nestle_robo_pi05_parallel_20261002_105333/288.mp4,538600,0f1c5fb8908628b4ea691f34f49a0678a6de29423c018ea6c893e75217b38427
demo_envs/move_from_board_to_board_nestle/evaluations/pi05_board_nestle_robo_pi05_parallel_20261002_105333/296.mp4,267203,95e120298374c97aa6d469c034899cce9884360c8c66d5b9dae1a180bee681ac
demo_envs/move_from_board_to_board_nestle/evaluations/pi05_board_nestle_robo_pi05_parallel_20261002_105333/304.mp4,682149,687072650efe6354f9d9ce6472f96807b92a949f1ae8d21d1803d347d8798a4d
demo_envs/move_from_board_to_board_nestle/evaluations/pi05_board_nestle_robo_pi05_parallel_20261002_105333/308.mp4,669480,0b3bc691941d18c114d8ff13b8be5f3e4af7006c94fb918f6e432e37b659153e
demo_envs/move_from_board_to_board_nestle/evaluations/pi05_board_nestle_robo_pi05_parallel_20261002_105333/44.mp4,409040,6a288f1e48ed63ae9d85d047daa74f1ad4339c1b40936c674edb673bd9286d45
demo_envs/move_from_board_to_board_nestle/evaluations/pi05_board_nestle_robo_pi05_parallel_20261002_105333/60.mp4,490617,97bfbc9d8132cf69c8cbab5012f5eb9cd84de6856f187110818479ff45a9c3c5
demo_envs/move_from_board_to_board_nestle/evaluations/pi05_board_nestle_robo_pi05_parallel_20261002_105333/68.mp4,464496,97816295c4eb61d7f4b8ce89977afb62a781d08a3048a3bd7d577bfc9a0165c4
demo_envs/move_from_board_to_board_nestle/evaluations/pi05_board_nestle_robo_pi05_parallel_20261002_105333/80.mp4,620253,ed45cfe8555dac52723327c442b156fb7303046df37ee8f231b61d338ac5cc53
demo_envs/move_from_board_to_board_nestle/evaluations/pi05_board_nestle_train_pi05_parallel_20261002_105333/0.mp4,404694,d392575c6bcf90a4843688989e0d56275530e1d87e329baccd341d082670af5c
demo_envs/move_from_board_to_board_nestle/evaluations/pi05_board_nestle_train_pi05_parallel_20261002_105333/112.mp4,518793,9f12000d1b35cc9a399bec54bca36eec34f352073b9b9fe6819b758f31197c00
demo_envs/move_from_board_to_board_nestle/evaluations/pi05_board_nestle_train_pi05_parallel_20261002_105333/12.mp4,586171,a14e3b36fce83e888dfaed5e9efa5e00749b24f81c547c0167f1e38a83059de2
demo_envs/move_from_board_to_board_nestle/evaluations/pi05_board_nestle_train_pi05_parallel_20261002_105333/124.mp4,501567,67b9cda55cb1325d5524f350c844832eccdcd37b50ff2ffd83b7336a95d516c1
demo_envs/move_from_board_to_board_nestle/evaluations/pi05_board_nestle_train_pi05_parallel_20261002_105333/128.mp4,481902,cf90c049d7cb0b39c7c95b5b7a533f9d42b0287b5fcafbfbcd29e88065e3b583
demo_envs/move_from_board_to_board_nestle/evaluations/pi05_board_nestle_train_pi05_parallel_20261002_105333/132.mp4,600709,c5af8ba4181625594be596f48012202cd32364022d6bf2943a8ad05478d7f9b4
demo_envs/move_from_board_to_board_nestle/evaluations/pi05_board_nestle_train_pi05_parallel_20261002_105333/144.mp4,807971,256831bb296c07cbd7f7d3e62c35e4e3dce7650d18a932c7e61b3c60208ef3d1
demo_envs/move_from_board_to_board_nestle/evaluations/pi05_board_nestle_train_pi05_parallel_20261002_105333/148.mp4,369847,dfdbfe7637c49507c67a360635a7303cea99c8fa210910c8c30bc5f4d2d14abe
demo_envs/move_from_board_to_board_nestle/evaluations/pi05_board_nestle_train_pi05_parallel_20261002_105333/156.mp4,427278,67414cf3ef38c5af7d92beea3723a6b34a6ed54baa068cd8e5b548798a250b40
demo_envs/move_from_board_to_board_nestle/evaluations/pi05_board_nestle_train_pi05_parallel_20261002_105333/160.mp4,648609,c7b3894adb095052fd8e605c391b1d726644e96f767017bc36af76a524909964
demo_envs/move_from_board_to_board_nestle/evaluations/pi05_board_nestle_train_pi05_parallel_20261002_105333/176.mp4,422085,095aebecb54d6123b2b4375a746502d3fe915b055b2b5f2e3488943512abdc94
demo_envs/move_from_board_to_board_nestle/evaluations/pi05_board_nestle_train_pi05_parallel_20261002_105333/184.mp4,948164,ab237230efa4b80449f5e092a92bffdf4cd8150714b5e9e7a9ff84902a2584c0
demo_envs/move_from_board_to_board_nestle/evaluations/pi05_board_nestle_train_pi05_parallel_20261002_105333/188.mp4,506195,8f12d800a7c663ed1ae37fd44e022f1b2cb2c049a41975871ad32d44ada7ee5b
demo_envs/move_from_board_to_board_nestle/evaluations/pi05_board_nestle_train_pi05_parallel_20261002_105333/192.mp4,522817,fd5727f4e1671b9547a6fae8c41326b3869c40056fb33d0064c0aee40d704fbc
demo_envs/move_from_board_to_board_nestle/evaluations/pi05_board_nestle_train_pi05_parallel_20261002_105333/20.mp4,577059,5039e50e42e1c0f997127dc33533ad0331f8dc0ec5fb2b93cd61be1c5685e32d
demo_envs/move_from_board_to_board_nestle/evaluations/pi05_board_nestle_train_pi05_parallel_20261002_105333/20261002_035423.h5,800,26c4d449632ea072317c16e9d4857e419b67e1b7751f81a89a87c8e75fe9484e
demo_envs/move_from_board_to_board_nestle/evaluations/pi05_board_nestle_train_pi05_parallel_20261002_105333/20261002_035423.json,1214,d142ae5c4444d1c77e7fb4d3e47854a04baba2b8461319725d41ca09b1b5ce82
demo_envs/move_from_board_to_board_nestle/evaluations/pi05_board_nestle_train_pi05_parallel_20261002_105333/212.mp4,472757,d8e4536a57402f1b01f7a92dbbe2ad982f45926a31a22c9e033cf594584b2994
demo_envs/move_from_board_to_board_nestle/evaluations/pi05_board_nestle_train_pi05_parallel_20261002_105333/220.mp4,407203,fb0592b760a014fa84ea5f51283c1cb9fb082d21719a891a07b18eee39b273a9
demo_envs/move_from_board_to_board_nestle/evaluations/pi05_board_nestle_train_pi05_parallel_20261002_105333/24.mp4,595806,2137ba2fb67f8c950d2ec548731e67828b122aff6b65ffba40aeeaa95140c92b
demo_envs/move_from_board_to_board_nestle/evaluations/pi05_board_nestle_train_pi05_parallel_20261002_105333/244.mp4,695956,7bfa33f85432d5c1bfa24d5dfa138c7f46bce09be18222f303debd128711d1b4
demo_envs/move_from_board_to_board_nestle/evaluations/pi05_board_nestle_train_pi05_parallel_20261002_105333/256.mp4,560349,85d423af35d3c14b69bd2a57b8cdb3c71dc88f7212f354eaedabdf2d284ddcbf
demo_envs/move_from_board_to_board_nestle/evaluations/pi05_board_nestle_train_pi05_parallel_20261002_105333/276.mp4,461714,a2c97f99b59d3209ec95112e2093682c70259bd21da42ab343f7a386498da332
demo_envs/move_from_board_to_board_nestle/evaluations/pi05_board_nestle_train_pi05_parallel_20261002_105333/28.mp4,449004,14fb161a9a4bceec9c0c957d252ace376934fb02636df309c7d3f7d3ab030e66
demo_envs/move_from_board_to_board_nestle/evaluations/pi05_board_nestle_train_pi05_parallel_20261002_105333/288.mp4,575903,c75b79870063e77481ab027667fc367c9670f7778bdc6e195ee02787704d1b3b
demo_envs/move_from_board_to_board_nestle/evaluations/pi05_board_nestle_train_pi05_parallel_20261002_105333/296.mp4,280538,222700ab63a0ef72d084f2fad528b1881f49bfab4c73eeb04174e45e5bca12f3
demo_envs/move_from_board_to_board_nestle/evaluations/pi05_board_nestle_train_pi05_parallel_20261002_105333/304.mp4,579600,897516ca8f8aa33104002ffa615206a44f117ae7e2e021dbb457b89511b6931f
demo_envs/move_from_board_to_board_nestle/evaluations/pi05_board_nestle_train_pi05_parallel_20261002_105333/308.mp4,432934,8ff7782821559b1c1ba8da00d42a556965fdfbfa126f20147ea014c9d0f3f53b
demo_envs/move_from_board_to_board_nestle/evaluations/pi05_board_nestle_train_pi05_parallel_20261002_105333/44.mp4,322389,bb6c054d5220a2979f0c68ebf3ed5159caa6cb2a62b6f99c2ad89421faf4cfc6
demo_envs/move_from_board_to_board_nestle/evaluations/pi05_board_nestle_train_pi05_parallel_20261002_105333/60.mp4,433627,80f87c03e9791a56bc1864ce8b128dbe2fbd2a08731f286026e41f09a257f0d4
demo_envs/move_from_board_to_board_nestle/evaluations/pi05_board_nestle_train_pi05_parallel_20261002_105333/68.mp4,459368,0698ad098eaaa353deb914e18ffa57518cb5667ac6525db003741e50f45da87c
demo_envs/move_from_board_to_board_nestle/evaluations/pi05_board_nestle_train_pi05_parallel_20261002_105333/80.mp4,619751,79d0337a18641d492bf252ad41a30ddd4e6398ab5547ca95d68fc4418ec4b6a1
demo_envs/move_from_board_to_board_vanish/evaluations/pi05_board_vanish_robo_pi05_parallel_20261002_105333/108.mp4,630341,64eaf9da216b470e5506e16e3876fb698b16fdf6be9edecdef702f0d512bd71d
demo_envs/move_from_board_to_board_vanish/evaluations/pi05_board_vanish_robo_pi05_parallel_20261002_105333/128.mp4,448484,49d852065ceb9eb4ef2f95d6da3ec4c4758d2bd0c9290af3935d57f8968cba14
demo_envs/move_from_board_to_board_vanish/evaluations/pi05_board_vanish_robo_pi05_parallel_20261002_105333/132.mp4,509229,01ea8f0b860f80b1ad7841977a1c0e3170eac2cb9b041b0989ef99df42b9492e
demo_envs/move_from_board_to_board_vanish/evaluations/pi05_board_vanish_robo_pi05_parallel_20261002_105333/176.mp4,433926,7090716c0f6f5c88cae7d9a2d68f4ec6579c3c8baa3550e3296395b7eb7432b6
demo_envs/move_from_board_to_board_vanish/evaluations/pi05_board_vanish_robo_pi05_parallel_20261002_105333/184.mp4,604893,9262a4d52cf3b1c7ed0b155bd16a10f388994e6dbb3ddaa4ccbc67140c2276a2
demo_envs/move_from_board_to_board_vanish/evaluations/pi05_board_vanish_robo_pi05_parallel_20261002_105333/188.mp4,470075,ee7ae87cb14fe832da3752dbfc8d608ef8bfff4c1b0164a274bcf0a67e5d6305
demo_envs/move_from_board_to_board_vanish/evaluations/pi05_board_vanish_robo_pi05_parallel_20261002_105333/192.mp4,541479,985f36498d47d05be38db5764cadf0ef436ef4b310cf0afb43038ec8332255c8
demo_envs/move_from_board_to_board_vanish/evaluations/pi05_board_vanish_robo_pi05_parallel_20261002_105333/20261002_061953.h5,800,26c4d449632ea072317c16e9d4857e419b67e1b7751f81a89a87c8e75fe9484e
demo_envs/move_from_board_to_board_vanish/evaluations/pi05_board_vanish_robo_pi05_parallel_20261002_105333/20261002_061953.json,1217,2e288cc81feacdac59be019fb120375af22cfcd4af3887ab4afe8cb3b7221804
demo_envs/move_from_board_to_board_vanish/evaluations/pi05_board_vanish_robo_pi05_parallel_20261002_105333/204.mp4,544734,384b7d93abfefc6c094912cc15153b2ff4e2248107207ff13f063b47643e1b9c
demo_envs/move_from_board_to_board_vanish/evaluations/pi05_board_vanish_robo_pi05_parallel_20261002_105333/220.mp4,444064,1e5c07fc952b410ae211eac891f37b3fff65cde8f2f04a641382b168623d2144
demo_envs/move_from_board_to_board_vanish/evaluations/pi05_board_vanish_robo_pi05_parallel_20261002_105333/24.mp4,586237,5f88cd6aab4ed2092b4b3509d26e506edd7434bd48dbf2141ea55ceeec73ccab
demo_envs/move_from_board_to_board_vanish/evaluations/pi05_board_vanish_robo_pi05_parallel_20261002_105333/272.mp4,493706,ece66bc37d0eb5c8ec33b54af4cdcd3dd027702652a7af40a584f49103a3cb42
demo_envs/move_from_board_to_board_vanish/evaluations/pi05_board_vanish_robo_pi05_parallel_20261002_105333/28.mp4,509122,51551718e483394c11d1258b7beb30a67081fea9ab5cae0b48f8eb164951bcc5
demo_envs/move_from_board_to_board_vanish/evaluations/pi05_board_vanish_robo_pi05_parallel_20261002_105333/288.mp4,627698,dda025132e6b2bf53f7e7995bed908f58cbf549b51bd6725712d2d5d809e5b3e
demo_envs/move_from_board_to_board_vanish/evaluations/pi05_board_vanish_robo_pi05_parallel_20261002_105333/296.mp4,296647,a83f935dbba9760d9c462d5ee2150170f3122242441138d47f984e29c66c70f1
demo_envs/move_from_board_to_board_vanish/evaluations/pi05_board_vanish_robo_pi05_parallel_20261002_105333/300.mp4,501175,cce9852d74aa218f7539118ec042575fb5a0754aa261c9737c25d5a62457048f
demo_envs/move_from_board_to_board_vanish/evaluations/pi05_board_vanish_robo_pi05_parallel_20261002_105333/304.mp4,621419,77b616a414fd816c94bfb10fe5ae19e596e9ee693d3f8f3fb906d5a185eb1e43
demo_envs/move_from_board_to_board_vanish/evaluations/pi05_board_vanish_robo_pi05_parallel_20261002_105333/336.mp4,482337,fdacaa1ab0d63eb5789444b99f14416d28e8750d8a526817aa8ce0aff29b5d1c
demo_envs/move_from_board_to_board_vanish/evaluations/pi05_board_vanish_robo_pi05_parallel_20261002_105333/348.mp4,563928,8d27138c23d0f2f9816a70bb3f16008a04aaabbc64ff884fd82297d768b55beb
demo_envs/move_from_board_to_board_vanish/evaluations/pi05_board_vanish_robo_pi05_parallel_20261002_105333/352.mp4,626638,e542f745fbaa405b9cc651fcf831322208869dcff3d6081aa34110943e715376
demo_envs/move_from_board_to_board_vanish/evaluations/pi05_board_vanish_robo_pi05_parallel_20261002_105333/380.mp4,470745,0973422f09ea4d195995048faddada7bc6cf0545405471c4749e1d2bda8e2fae
demo_envs/move_from_board_to_board_vanish/evaluations/pi05_board_vanish_robo_pi05_parallel_20261002_105333/408.mp4,460043,82de068ce2907e2570561a9f3d37762cd53deffe93130179b88c15b6d8f3718a
demo_envs/move_from_board_to_board_vanish/evaluations/pi05_board_vanish_robo_pi05_parallel_20261002_105333/412.mp4,512846,3dfe66442755ad2f9ced34c289f7b9787ea1c7abd203fc97f700e347a56b2801
demo_envs/move_from_board_to_board_vanish/evaluations/pi05_board_vanish_robo_pi05_parallel_20261002_105333/420.mp4,458214,d9b9ec6b24adf8a0a500b0bf236461522e6dfcaacc474c30c9f8ea59523242f8
demo_envs/move_from_board_to_board_vanish/evaluations/pi05_board_vanish_robo_pi05_parallel_20261002_105333/428.mp4,644725,bdd31db42a7a2204ccbd71f24a5f359c207e8069ab962cb91dc3064397e97237
demo_envs/move_from_board_to_board_vanish/evaluations/pi05_board_vanish_robo_pi05_parallel_20261002_105333/448.mp4,512150,15284cea64f67ed0a14cb63cefe1288c1c5b183b072db7bcbf967df3c08cedb0
demo_envs/move_from_board_to_board_vanish/evaluations/pi05_board_vanish_robo_pi05_parallel_20261002_105333/452.mp4,681163,45ce8282b0f92a9afd9ca2b40e9170a1c62406a959a96b278b3e9373f2c03b79
demo_envs/move_from_board_to_board_vanish/evaluations/pi05_board_vanish_robo_pi05_parallel_20261002_105333/460.mp4,714058,1c0ebdff15882ce81adbf1c69eeb5a43dc734a7aa8b7fae8f155a085ee9e20b7
demo_envs/move_from_board_to_board_vanish/evaluations/pi05_board_vanish_robo_pi05_parallel_20261002_105333/68.mp4,516251,3362b421667fc8362c8d713b89ce99e44bcf92a78a4ff9b9fe5b2eee7bd262a1
demo_envs/move_from_board_to_board_vanish/evaluations/pi05_board_vanish_robo_pi05_parallel_20261002_105333/8.mp4,193429,278c5b02c12222c5ee028b76fd6eac0c8f82d43b5eb5d81fd81bea03f00b14f4
demo_envs/move_from_board_to_board_vanish/evaluations/pi05_board_vanish_robo_pi05_parallel_20261002_105333/84.mp4,587309,0840971665f4c0688c8728000b14ee2be56ead7909f6928c1e93f86704c4e6ba
demo_envs/move_from_board_to_board_vanish/evaluations/pi05_board_vanish_train_pi05_parallel_20261002_105333/108.mp4,497562,27d0ac804b4dd1a82f7e7fc0fafa5df37b2694adf37e76e91221e74e9eee105e
demo_envs/move_from_board_to_board_vanish/evaluations/pi05_board_vanish_train_pi05_parallel_20261002_105333/128.mp4,501806,c247938538e9ff91e9ef40081f350da52585ed447fe0eca343dddbe213897993
demo_envs/move_from_board_to_board_vanish/evaluations/pi05_board_vanish_train_pi05_parallel_20261002_105333/132.mp4,548176,64eed639658d4ac911605e2761e5bbd5f1413a5ab545973dbe7959021c6b481d
demo_envs/move_from_board_to_board_vanish/evaluations/pi05_board_vanish_train_pi05_parallel_20261002_105333/176.mp4,491159,6b7550f29fcd1be300ad82d89b1fcc53100c594067b891cceff5991cdeb09e3b
demo_envs/move_from_board_to_board_vanish/evaluations/pi05_board_vanish_train_pi05_parallel_20261002_105333/184.mp4,733331,e4da953eed5fc7f16e8dd1251bebf70504d1b2efe4d7017ef6eab6352861ccbc
demo_envs/move_from_board_to_board_vanish/evaluations/pi05_board_vanish_train_pi05_parallel_20261002_105333/188.mp4,548623,f7c0021734b574381d73d3438cb9618bce775b3390020812842ce0c9cc5d72fc
demo_envs/move_from_board_to_board_vanish/evaluations/pi05_board_vanish_train_pi05_parallel_20261002_105333/192.mp4,622224,46f5f36aceec7075352c8efbb0b66fe8c40d159fd75841cb81e4fb7324b0c3a1
demo_envs/move_from_board_to_board_vanish/evaluations/pi05_board_vanish_train_pi05_parallel_20261002_105333/20261002_044428.h5,800,26c4d449632ea072317c16e9d4857e419b67e1b7751f81a89a87c8e75fe9484e
demo_envs/move_from_board_to_board_vanish/evaluations/pi05_board_vanish_train_pi05_parallel_20261002_105333/20261002_044428.json,1217,2e288cc81feacdac59be019fb120375af22cfcd4af3887ab4afe8cb3b7221804
demo_envs/move_from_board_to_board_vanish/evaluations/pi05_board_vanish_train_pi05_parallel_20261002_105333/204.mp4,597546,bcc5a4b1a6fea9afd7a06ea657aa9958b9beb9c49ca56315c3d036ddf1a98c6f
demo_envs/move_from_board_to_board_vanish/evaluations/pi05_board_vanish_train_pi05_parallel_20261002_105333/220.mp4,431055,433fd35c81dc6c46fdcbb27d21aa9d1f60e8d3f5163121a2574416a1768276e7
demo_envs/move_from_board_to_board_vanish/evaluations/pi05_board_vanish_train_pi05_parallel_20261002_105333/24.mp4,656204,8e5097226752678462e32ceb123802a7ec39fcf98c7e44aea128757043d0d619
demo_envs/move_from_board_to_board_vanish/evaluations/pi05_board_vanish_train_pi05_parallel_20261002_105333/272.mp4,504224,bf5f3615a0360924630aa45d3d616a7bd87a6864c93788d7c678baab8f319a38
demo_envs/move_from_board_to_board_vanish/evaluations/pi05_board_vanish_train_pi05_parallel_20261002_105333/28.mp4,492781,c2eec5efcde4accccba03429106257d2fd4f06ca210025f06b788a669d0ca88b
demo_envs/move_from_board_to_board_vanish/evaluations/pi05_board_vanish_train_pi05_parallel_20261002_105333/288.mp4,488151,16f278d04fa26d5878d05a6582d5199724794ff8339f06a2b669f2f55999f32e
demo_envs/move_from_board_to_board_vanish/evaluations/pi05_board_vanish_train_pi05_parallel_20261002_105333/296.mp4,349445,ea7d9a440778b56540c88a12f282820dfd863586a225c2dc939287a3627a8d81
demo_envs/move_from_board_to_board_vanish/evaluations/pi05_board_vanish_train_pi05_parallel_20261002_105333/300.mp4,560351,bb8468b5287af52988bb4e4cf7b41122e5124a18431d2267311d6ea1944c48ef
demo_envs/move_from_board_to_board_vanish/evaluations/pi05_board_vanish_train_pi05_parallel_20261002_105333/304.mp4,664699,77b6c3de9ec55cd90c73d88688c36bb0f65cd887e4c664b72fffa69f021843a2
demo_envs/move_from_board_to_board_vanish/evaluations/pi05_board_vanish_train_pi05_parallel_20261002_105333/336.mp4,457873,55d3a5eb16f15d58b6fc04d736d4e24120597e9022d0eeae526033db7a35f035
demo_envs/move_from_board_to_board_vanish/evaluations/pi05_board_vanish_train_pi05_parallel_20261002_105333/348.mp4,548370,e3e216094865d7def921d309e82aac7121ad2ba96d3c252ca310f18480e5d91f
demo_envs/move_from_board_to_board_vanish/evaluations/pi05_board_vanish_train_pi05_parallel_20261002_105333/352.mp4,567029,1e7d09f6b1be947ed77fc6eae94be457bfaf950d8f554ea27c1916f50a6cdab7
demo_envs/move_from_board_to_board_vanish/evaluations/pi05_board_vanish_train_pi05_parallel_20261002_105333/380.mp4,516116,91c414ac5f383f49d2392d7f398ddb3a04ff3126e3d29764fc167bacd82cb819
demo_envs/move_from_board_to_board_vanish/evaluations/pi05_board_vanish_train_pi05_parallel_20261002_105333/408.mp4,596167,ecc87820af51de74fe4386842530bf6ffca700cc77060060d0bf94648680515b
demo_envs/move_from_board_to_board_vanish/evaluations/pi05_board_vanish_train_pi05_parallel_20261002_105333/412.mp4,714258,bf292ad2bebbf7810bef43944cf9cd5088303b5c88245ba9bd82b433026d4fb9
demo_envs/move_from_board_to_board_vanish/evaluations/pi05_board_vanish_train_pi05_parallel_20261002_105333/420.mp4,467680,58c2ee881b0f27c32c2c9071dfd7f839acacc43433ee4ea79f32652af61f5f44
demo_envs/move_from_board_to_board_vanish/evaluations/pi05_board_vanish_train_pi05_parallel_20261002_105333/428.mp4,503493,c743ab26501690fea5c65efb74cafe4858287b17aed1c23eb52032a32824200e
demo_envs/move_from_board_to_board_vanish/evaluations/pi05_board_vanish_train_pi05_parallel_20261002_105333/448.mp4,587196,7546308086954dd66c909aa68ba65ba6533f4cb45ab60a837ac25857a5a54cbf
demo_envs/move_from_board_to_board_vanish/evaluations/pi05_board_vanish_train_pi05_parallel_20261002_105333/452.mp4,728654,11aac88598e1f8c74fd672347fc33000bf9766c9aefaabdafda8275b3a6c082c
demo_envs/move_from_board_to_board_vanish/evaluations/pi05_board_vanish_train_pi05_parallel_20261002_105333/460.mp4,544536,d713b25d92922f8ecf722597ea6463df73edd789b881062d24c3e0f8ff502f9b
demo_envs/move_from_board_to_board_vanish/evaluations/pi05_board_vanish_train_pi05_parallel_20261002_105333/68.mp4,473546,ef09eabda3fafab649a09933ba5f43d32d5ca717423ad205cf687e1a77e38f55
demo_envs/move_from_board_to_board_vanish/evaluations/pi05_board_vanish_train_pi05_parallel_20261002_105333/8.mp4,161665,735baf48b932a1590130f7d41f7413c0296aee230f99f0305cef354dcadc60ca
demo_envs/move_from_board_to_board_vanish/evaluations/pi05_board_vanish_train_pi05_parallel_20261002_105333/84.mp4,599987,ac4a5581a0398cb45c74fc52e05b78a80f34e31f2e97dc0b9e1263c802a26eb2
demo_envs/open_fridge/evaluations/pi05_open_fridge_robo_pi05_parallel_20261002_105333/0.mp4,471720,5092e504958391307752e00558079f4eadf1c563cb586347204be7fbf114a876
demo_envs/open_fridge/evaluations/pi05_open_fridge_robo_pi05_parallel_20261002_105333/100.mp4,369744,4a0bd0f195fa91f13f5424709b56f631c46373169867b074a9b138ff1a714ac1
demo_envs/open_fridge/evaluations/pi05_open_fridge_robo_pi05_parallel_20261002_105333/104.mp4,322514,89ea9c942d6cec7a69b1da6c842b608fc980117bfd26116a4f52f983577b3c3d
demo_envs/open_fridge/evaluations/pi05_open_fridge_robo_pi05_parallel_20261002_105333/108.mp4,362037,6899c16e3fefedac3ec9cc4a6b359947a2deb2693be72064cca6795d2060ee0b
demo_envs/open_fridge/evaluations/pi05_open_fridge_robo_pi05_parallel_20261002_105333/112.mp4,346381,43c1873d4723bf435e586dbd3d78bb2b6bb670e291d74a531dd0c6879e4d03e4
demo_envs/open_fridge/evaluations/pi05_open_fridge_robo_pi05_parallel_20261002_105333/116.mp4,373560,1acc0f59ac35f89883b79978b360cc26b9a75acdd0ec8e32931ac0c2e3c2d43f
demo_envs/open_fridge/evaluations/pi05_open_fridge_robo_pi05_parallel_20261002_105333/12.mp4,337229,cfa7660de0efc99f02c41f17d3b9969b4ebfc48c8dd057ad685b32678e0fe8b6
demo_envs/open_fridge/evaluations/pi05_open_fridge_robo_pi05_parallel_20261002_105333/16.mp4,343381,529bbe8a16911d7965d6ac473f6737d5bd50fd31610515a56ff1c8525ae19966
demo_envs/open_fridge/evaluations/pi05_open_fridge_robo_pi05_parallel_20261002_105333/20.mp4,494816,2e1f52ea38ecaad7f5422b36f291b2bfb9787956bb2a54b5b872d8203662171e
demo_envs/open_fridge/evaluations/pi05_open_fridge_robo_pi05_parallel_20261002_105333/20261002_064725.h5,800,26c4d449632ea072317c16e9d4857e419b67e1b7751f81a89a87c8e75fe9484e
demo_envs/open_fridge/evaluations/pi05_open_fridge_robo_pi05_parallel_20261002_105333/20261002_064725.json,1183,9ba5d76a5c7b9ea43930d44dc562f04b921afde48e3180f0f49b87f46062fe96
demo_envs/open_fridge/evaluations/pi05_open_fridge_robo_pi05_parallel_20261002_105333/24.mp4,307055,c9b2a5edb572c5d4b3602bb10d925324387733d7820e1cde174af8144c8c34db
demo_envs/open_fridge/evaluations/pi05_open_fridge_robo_pi05_parallel_20261002_105333/28.mp4,397062,82b7131a720baa543e448a6c1afc22a9696de9a817c5d0794d11262d38753326
demo_envs/open_fridge/evaluations/pi05_open_fridge_robo_pi05_parallel_20261002_105333/32.mp4,319841,f63ad367f786b762212e3d13e63513183674f0ffd3fd22a73faec83014822631
demo_envs/open_fridge/evaluations/pi05_open_fridge_robo_pi05_parallel_20261002_105333/36.mp4,341129,582f85639dfed9931527f61a33dee88c31f42e5281a9f459a8247fa38458ad7e
demo_envs/open_fridge/evaluations/pi05_open_fridge_robo_pi05_parallel_20261002_105333/4.mp4,364757,de93b44ef63cef3b0ee43db827e0ffac57cf08634166dff05ea2986b770ee132
demo_envs/open_fridge/evaluations/pi05_open_fridge_robo_pi05_parallel_20261002_105333/40.mp4,437158,c16528b97f0d545f46ffb197fcdb1e6d554188b8763ef59f7b6ba62d25cde421
demo_envs/open_fridge/evaluations/pi05_open_fridge_robo_pi05_parallel_20261002_105333/44.mp4,306824,40a7044c329643db4cfe8c7fbb014bda0bfa3e638817f7123bb1a510fccde667
demo_envs/open_fridge/evaluations/pi05_open_fridge_robo_pi05_parallel_20261002_105333/48.mp4,295544,ff347e7a98f7c8ebad44c185da1bab5263de4c6b6352ee59fcb3d36ca6b3b13d
demo_envs/open_fridge/evaluations/pi05_open_fridge_robo_pi05_parallel_20261002_105333/52.mp4,437872,07c63e0daa009ef0de4e2d6f6e5cefc3b0bdb71167b1c2a33d0289ccb3af5697
demo_envs/open_fridge/evaluations/pi05_open_fridge_robo_pi05_parallel_20261002_105333/56.mp4,470046,53cb6db5070ed65ddd452398aedc7ffb46e9e3e48ee8a9229cc186749668df57
demo_envs/open_fridge/evaluations/pi05_open_fridge_robo_pi05_parallel_20261002_105333/60.mp4,362867,7daa51c565bd6064717d09837c18ac7fcc0f99915c6812696bed153578c99a4b
demo_envs/open_fridge/evaluations/pi05_open_fridge_robo_pi05_parallel_20261002_105333/64.mp4,330480,6f24aea03f92892d3f8361a7822d195f2419562585b52f300da48182678c467c
demo_envs/open_fridge/evaluations/pi05_open_fridge_robo_pi05_parallel_20261002_105333/68.mp4,322543,f8b67f8b35dd1d7d4837fb4c43f8cc236b8ea08eb7f54020b34908ef2d6fd087
demo_envs/open_fridge/evaluations/pi05_open_fridge_robo_pi05_parallel_20261002_105333/72.mp4,352429,c1f7df06d7848d5a2778157ebceda5a81fc2af52a87541c4fd39a6d588891146
demo_envs/open_fridge/evaluations/pi05_open_fridge_robo_pi05_parallel_20261002_105333/76.mp4,383856,9b3e753e898c053467aeb2af948eaf154b90e6b102177128ac2d192809186da8
demo_envs/open_fridge/evaluations/pi05_open_fridge_robo_pi05_parallel_20261002_105333/8.mp4,402121,3da01b5cc1d95299d1d3d7439be98b0f1d135002f32549331f72a5bd9e48d1b4
demo_envs/open_fridge/evaluations/pi05_open_fridge_robo_pi05_parallel_20261002_105333/80.mp4,315242,e0b88615e2daf21586f5fdd47042da1b2b35c02bafd97b5dedd849609128ae8b
demo_envs/open_fridge/evaluations/pi05_open_fridge_robo_pi05_parallel_20261002_105333/84.mp4,334077,3d76083e547451cdeea23bdeb6558edb3276838c6d1e0a0411b041f416ca9993
demo_envs/open_fridge/evaluations/pi05_open_fridge_robo_pi05_parallel_20261002_105333/88.mp4,461776,47d742c72598556d29d858b92a670d7ef95c13d9e3257d8432dc9106a0555587
demo_envs/open_fridge/evaluations/pi05_open_fridge_robo_pi05_parallel_20261002_105333/92.mp4,376131,ba2054eb81de96d433440bcb48a3c962d690c6fce3b990beeff6a5d43e85e869
demo_envs/open_fridge/evaluations/pi05_open_fridge_robo_pi05_parallel_20261002_105333/96.mp4,271440,56febbae2e22ee977ddbaf71329d339d2a3d65d1b99dfb72064e39ed3f1b3336
demo_envs/open_fridge/evaluations/pi05_open_fridge_train_pi05_parallel_20261002_105333/0.mp4,622569,e4bda5bd1f58a3ce669cf954dd100d6a0b046f920d52dbabae039e2aa258c3d7
demo_envs/open_fridge/evaluations/pi05_open_fridge_train_pi05_parallel_20261002_105333/100.mp4,363957,6a4bbaa8b4d082cafb463c510f495d3d2e8ec0bdf9829b65bd6893400d604924
demo_envs/open_fridge/evaluations/pi05_open_fridge_train_pi05_parallel_20261002_105333/104.mp4,333075,c2c46b213285b7855d1c7b5105b97a3cf37b14c70e89976ef01294bc00e704e2
demo_envs/open_fridge/evaluations/pi05_open_fridge_train_pi05_parallel_20261002_105333/108.mp4,396270,1a10fac043bd65d5eff1756f576bbeb588c0adb02a45e66a5436d0d9a8fa07d7
demo_envs/open_fridge/evaluations/pi05_open_fridge_train_pi05_parallel_20261002_105333/112.mp4,336448,04f83ec5e10506b9df39f6e4cc5281cfe7c5196e58df3ee90932ea84a34d1857
demo_envs/open_fridge/evaluations/pi05_open_fridge_train_pi05_parallel_20261002_105333/116.mp4,353550,59b48d588a2865a04f35557daef0d8c653f0f23482899b6226d3823e1c654026
demo_envs/open_fridge/evaluations/pi05_open_fridge_train_pi05_parallel_20261002_105333/12.mp4,303419,5571cb3637180082b4f75a10c7056a95445182342e6b3ae0e33c29d7831df4ed
demo_envs/open_fridge/evaluations/pi05_open_fridge_train_pi05_parallel_20261002_105333/16.mp4,307688,eaf623bda1af10cfb2e9a1c884c327b175ded8b56df0f42ee9f6b613d2f89dac
demo_envs/open_fridge/evaluations/pi05_open_fridge_train_pi05_parallel_20261002_105333/20.mp4,456221,6d6af286aafe03dd72c2d4bb7b58643e0a024200d5aac864835e8113787dc7ba
demo_envs/open_fridge/evaluations/pi05_open_fridge_train_pi05_parallel_20261002_105333/20261002_044412.h5,800,26c4d449632ea072317c16e9d4857e419b67e1b7751f81a89a87c8e75fe9484e
demo_envs/open_fridge/evaluations/pi05_open_fridge_train_pi05_parallel_20261002_105333/20261002_044412.json,1183,9ba5d76a5c7b9ea43930d44dc562f04b921afde48e3180f0f49b87f46062fe96
demo_envs/open_fridge/evaluations/pi05_open_fridge_train_pi05_parallel_20261002_105333/24.mp4,308004,7d355392b0ceeea051796b3ce18ae5eaa1ca9309ebf885623ef136bec68b0e6c
demo_envs/open_fridge/evaluations/pi05_open_fridge_train_pi05_parallel_20261002_105333/28.mp4,354575,fc1539f7296ae3bf47bd09fe6518e9b76b05666df966068e9b9ced4cb88af4b9
demo_envs/open_fridge/evaluations/pi05_open_fridge_train_pi05_parallel_20261002_105333/32.mp4,335582,df23dd18f332f84b450ba3180cee498a258584dd380f35008c2dd4402a700104
demo_envs/open_fridge/evaluations/pi05_open_fridge_train_pi05_parallel_20261002_105333/36.mp4,343062,9b4c3fc9b4e19136a1b6b25d42908efb40ab5373cec4c650a98edc4e2287cc3a
demo_envs/open_fridge/evaluations/pi05_open_fridge_train_pi05_parallel_20261002_105333/4.mp4,379785,d55cd6161d028246b1e3fe3025a70e6bd8a1af4f3b7a1729934ed79ffb153295
demo_envs/open_fridge/evaluations/pi05_open_fridge_train_pi05_parallel_20261002_105333/40.mp4,443655,a4cc1c8ac470e74fa100b25f4cf850a850df99c0d174a4ee77e88c0b05db478f
demo_envs/open_fridge/evaluations/pi05_open_fridge_train_pi05_parallel_20261002_105333/44.mp4,326521,07a9a838dc3f6e2b1ee3dbeafec188a0780f51b4a93b78d07d37e4791255ed71
demo_envs/open_fridge/evaluations/pi05_open_fridge_train_pi05_parallel_20261002_105333/48.mp4,297741,21fbd15cc6ca6a7848611d1183ec7196cd816b1339623c33afc1ffe253f2e5f7
demo_envs/open_fridge/evaluations/pi05_open_fridge_train_pi05_parallel_20261002_105333/52.mp4,434904,1c769988ea3016b3288aa9e123d3d90dd874e345f199c8b18f41109e8715f62e
demo_envs/open_fridge/evaluations/pi05_open_fridge_train_pi05_parallel_20261002_105333/56.mp4,454439,ace327f57036dbfbaf6a99e6c9d5b3c71b780b3f4a06557366edc313e391fc9a
demo_envs/open_fridge/evaluations/pi05_open_fridge_train_pi05_parallel_20261002_105333/60.mp4,370351,58fe86a19b53018614381d3f6fe3c9dd683b75b164f8bc9e8a86643ead0f43ed
demo_envs/open_fridge/evaluations/pi05_open_fridge_train_pi05_parallel_20261002_105333/64.mp4,328803,0fc3c59c39c7ea28a68ebd7e67ec94fa8c6573bf4e96e0981c0f7763ed898814
demo_envs/open_fridge/evaluations/pi05_open_fridge_train_pi05_parallel_20261002_105333/68.mp4,322389,3c3923667a193998c10e2b4d02fca3d8a0242f9a6b2f1d428fc5c770948fba6b
demo_envs/open_fridge/evaluations/pi05_open_fridge_train_pi05_parallel_20261002_105333/72.mp4,334029,c841da7801e8cc077314970c2d6aaebbc71ab47989e25752259b979840ab4b08
demo_envs/open_fridge/evaluations/pi05_open_fridge_train_pi05_parallel_20261002_105333/76.mp4,373336,34cefdf1e4629be84091ef3626a4a00f8aadffd6d7d1d9f6f5936f968a37fb12
demo_envs/open_fridge/evaluations/pi05_open_fridge_train_pi05_parallel_20261002_105333/8.mp4,405996,4f5405569340435fd8ab7b5944fc7d812a9f5838fb54027f1953281b2e9798d8
demo_envs/open_fridge/evaluations/pi05_open_fridge_train_pi05_parallel_20261002_105333/80.mp4,315570,416dc4d2f7fa673bd2bec285d7e633005aef94ef20c7b2d89bb49a70acf52edc
demo_envs/open_fridge/evaluations/pi05_open_fridge_train_pi05_parallel_20261002_105333/84.mp4,337133,07363188de4636ea330fbbed46f842fa33d91f8e0d114d945d62965ca139ec1f
demo_envs/open_fridge/evaluations/pi05_open_fridge_train_pi05_parallel_20261002_105333/88.mp4,464607,d604cec9c144b909b26b4b39fb1314dc52ec3e75e84e65c3c50bc15bb5ae3746
demo_envs/open_fridge/evaluations/pi05_open_fridge_train_pi05_parallel_20261002_105333/92.mp4,377572,aa8772d1e07994dc892f9b7635182c8c532a639f07af77a83cb717f13e4c9e36
demo_envs/open_fridge/evaluations/pi05_open_fridge_train_pi05_parallel_20261002_105333/96.mp4,255599,0b816cb033be67bddb4985d0a9b0909131d8d8e5276d8cee10268a2b98382e0d
demo_envs/open_fridge/evaluations/pi05_open_fridge_uns_pi05_parallel_20261002_105333/20261002_095949.h5,800,26c4d449632ea072317c16e9d4857e419b67e1b7751f81a89a87c8e75fe9484e
demo_envs/open_fridge/evaluations/pi05_open_fridge_uns_pi05_parallel_20261002_105333/20261002_095949.json,1145,c39db62855179a74cac59fc9f86c453dd8a197ce6cc45e9211c54aa3128f40ad
demo_envs/open_fridge/evaluations/pi05_open_fridge_uns_pi05_parallel_20261002_105333/42000.mp4,364083,d724f8493fc6723ce2b8564479e4f7d143dee19d6d3c6734d2bcce798fea8285
demo_envs/open_fridge/evaluations/pi05_open_fridge_uns_pi05_parallel_20261002_105333/42001.mp4,277948,5f03d4e933d4418b544a4dc696e4046aeefabce58a9c62166be36a8b573220e8
demo_envs/open_fridge/evaluations/pi05_open_fridge_uns_pi05_parallel_20261002_105333/42002.mp4,337053,aa954479b0b82bea6df5946433ab52bdc359a034d947890a9e7a72146da5a360
demo_envs/open_fridge/evaluations/pi05_open_fridge_uns_pi05_parallel_20261002_105333/42003.mp4,327932,d5a7f620a52016429806ecc884f8d049ea474bd4ce8e6c7b8dcae726c93932e0
demo_envs/open_fridge/evaluations/pi05_open_fridge_uns_pi05_parallel_20261002_105333/42004.mp4,367164,dfe46bcf536dd7993f255e3e5d75971195df9c894174b64c36bdd222519bb98d
demo_envs/open_fridge/evaluations/pi05_open_fridge_uns_pi05_parallel_20261002_105333/42005.mp4,357738,e06b43cd3dc6a30b918290b3358f5f53a366ad9bc5e63f9ac5f9a0e4cbc0332e
demo_envs/open_fridge/evaluations/pi05_open_fridge_uns_pi05_parallel_20261002_105333/42006.mp4,335147,ee14bc5dec3446527112d85ae1f3ba50d2c1c702d604fdc7fd4de1561dc4f569
demo_envs/open_fridge/evaluations/pi05_open_fridge_uns_pi05_parallel_20261002_105333/42007.mp4,474803,13e3a194c992673e1a3d3bd9c0ae29479a6d2217cb56bb88bacb30358e7901be
demo_envs/open_fridge/evaluations/pi05_open_fridge_uns_pi05_parallel_20261002_105333/42008.mp4,376405,e1203dc6c3f82ac66670187d1651f4c469d22378979985370f84e249bb0073ec
demo_envs/open_fridge/evaluations/pi05_open_fridge_uns_pi05_parallel_20261002_105333/42009.mp4,329002,7189e1502aa5860cc9d40bbda5e3f2d05131ef60dfb9d7b913a9ce4eb0459d79
demo_envs/open_fridge/evaluations/pi05_open_fridge_uns_pi05_parallel_20261002_105333/42010.mp4,338105,b31cdee40703d26a929966696a530a1e4507496d841c64e09c01c2402a99dbdc
demo_envs/open_fridge/evaluations/pi05_open_fridge_uns_pi05_parallel_20261002_105333/42011.mp4,378449,2c83ae5d3f6a7b3f31db714e7433f48039b9c7e5dd70ee9d3577eb0c29a5ff71
demo_envs/open_fridge/evaluations/pi05_open_fridge_uns_pi05_parallel_20261002_105333/42012.mp4,347661,7d3bc970346ffa5ed33e8f8dd4404aee1f2f35c8ba47297083c78540c4ebbd73
demo_envs/open_fridge/evaluations/pi05_open_fridge_uns_pi05_parallel_20261002_105333/42013.mp4,293937,34d9b8e98e432f478612c199be9acac8c51488ae92ae2dc66bbe76727365da72
demo_envs/open_fridge/evaluations/pi05_open_fridge_uns_pi05_parallel_20261002_105333/42014.mp4,368182,fa3c6eba25cb9abb7e5ab517372f21bae01b3565679f0a3462c35e2662e06084
demo_envs/open_fridge/evaluations/pi05_open_fridge_uns_pi05_parallel_20261002_105333/42015.mp4,441382,bdc77e0adf377cdcc937382c31edeaa4971116e2ce406a8695cf1a8a8599e8aa
demo_envs/open_fridge/evaluations/pi05_open_fridge_uns_pi05_parallel_20261002_105333/42016.mp4,342742,ab085b11e064a8ac887a02e466b74351b570a18af563cdce9d0187babc48a823
demo_envs/open_fridge/evaluations/pi05_open_fridge_uns_pi05_parallel_20261002_105333/42017.mp4,356827,cab36e6b3cb33c13ec455a1e07e1e3a74bf72b008f286ec23bb7c5cd64067e8b
demo_envs/open_fridge/evaluations/pi05_open_fridge_uns_pi05_parallel_20261002_105333/42018.mp4,453201,b234c6f6646153cfac8889a122ad17911b9e22fd6c37d075f7d319f3f6d4e2f0
demo_envs/open_fridge/evaluations/pi05_open_fridge_uns_pi05_parallel_20261002_105333/42019.mp4,332437,3a04347a0baeab9d00276b5c6782ec22dac24c5169a4f1c7235dd264a42cac79
demo_envs/open_fridge/evaluations/pi05_open_fridge_uns_pi05_parallel_20261002_105333/42020.mp4,302254,243ce1911af03581d30091bf7987cc9fc6f445bc38e5b1165456ccf963ab4ecf
demo_envs/open_fridge/evaluations/pi05_open_fridge_uns_pi05_parallel_20261002_105333/42021.mp4,338931,2be4fdfde2495c38214a44bd66dc424208956c3921a08d9e517a45f4b299f7d1
demo_envs/open_fridge/evaluations/pi05_open_fridge_uns_pi05_parallel_20261002_105333/42022.mp4,295362,19a14b2da92cd1914fdacc6dbd8567b8c759cf030b01939a1a97ace9df125043
demo_envs/open_fridge/evaluations/pi05_open_fridge_uns_pi05_parallel_20261002_105333/42023.mp4,272956,4ff884f5b76871ab76601cdaf8d2e4491182a7582fe8dc370cb4128e5fdaf233
demo_envs/open_fridge/evaluations/pi05_open_fridge_uns_pi05_parallel_20261002_105333/42024.mp4,457352,b068bb1a3be376317484676a28500cfd4df1e2105b85655111213db15ca4226f
demo_envs/open_fridge/evaluations/pi05_open_fridge_uns_pi05_parallel_20261002_105333/42025.mp4,329215,0c0a77ed5243efa0aea17c1ae940058b797d2396b9f3e8fe953054b08742fbc7
demo_envs/open_fridge/evaluations/pi05_open_fridge_uns_pi05_parallel_20261002_105333/42026.mp4,301941,ba8f92f7436b7a469a9f3f78a05a06eb3a4ae73d69a1d494c034eb635e7106dd
demo_envs/open_fridge/evaluations/pi05_open_fridge_uns_pi05_parallel_20261002_105333/42027.mp4,371709,a0639984e81cbd8151ac10d10a09dd867cc5285ba201c95a9a11f4a164281ccd
demo_envs/open_fridge/evaluations/pi05_open_fridge_uns_pi05_parallel_20261002_105333/42028.mp4,298531,4bc3429c714a2b05a107e7028cfa529a6fbd0dcd7379710002b9972127f4d9d7
demo_envs/open_fridge/evaluations/pi05_open_fridge_uns_pi05_parallel_20261002_105333/42029.mp4,231090,0d04ec66924d5293bfa019039daf0384fd4050006b957c2bd53928332001db8c
demo_envs/open_showcase/evaluations/pi05_open_showcase_robo_pi05_parallel_20261002_105333/0.mp4,1165858,96f6e3773f6248e7cfeb0de740224dbec488c6d826da8574721f081404987a1f
demo_envs/open_showcase/evaluations/pi05_open_showcase_robo_pi05_parallel_20261002_105333/100.mp4,1260964,a696a93ab0ee1105a13cf76bd51bf54990a59fbcb6d03b6b8f55cd93820b8e0a
demo_envs/open_showcase/evaluations/pi05_open_showcase_robo_pi05_parallel_20261002_105333/104.mp4,1008549,cf1b9fb44fd08f07db2efb9737df1832056cfd3d5e00c82a7c95fd35f6a226c4
demo_envs/open_showcase/evaluations/pi05_open_showcase_robo_pi05_parallel_20261002_105333/108.mp4,851383,e33ea792fe13dcbfbd04539fa10448a622ac400ab5fa4ea30a943ff8f0200ce3
demo_envs/open_showcase/evaluations/pi05_open_showcase_robo_pi05_parallel_20261002_105333/112.mp4,934874,1519735252d5b08e2786048ce1a4ab0ba2cc1ab3950fa09a9ff13464c71e929f
demo_envs/open_showcase/evaluations/pi05_open_showcase_robo_pi05_parallel_20261002_105333/116.mp4,675907,cb4b597b3ed8ed5cc8f8626cefdecbe995fb2f52ba1dffa663a5aab790dd3fd7
demo_envs/open_showcase/evaluations/pi05_open_showcase_robo_pi05_parallel_20261002_105333/12.mp4,849424,9c32bbe980ef90efdf3e86037cd9ee00903d164fe4d567de13409cadd3dd8ac1
demo_envs/open_showcase/evaluations/pi05_open_showcase_robo_pi05_parallel_20261002_105333/120.mp4,1172136,8b519a5d1506441e439b12cc300d2d4d010b0d15e145cccad3002582b16d5b54
demo_envs/open_showcase/evaluations/pi05_open_showcase_robo_pi05_parallel_20261002_105333/124.mp4,491447,816aa7ef4c7864f1964baac04c90f7d39f589b6b7ecf1b47e143789b76d4ceb2
demo_envs/open_showcase/evaluations/pi05_open_showcase_robo_pi05_parallel_20261002_105333/128.mp4,725904,5345d8fde0d1ed9f22859de4eb31d9bebb7998bb4f3517007ac2db426238ed29
demo_envs/open_showcase/evaluations/pi05_open_showcase_robo_pi05_parallel_20261002_105333/136.mp4,1029759,2509bb2c8eae47ede4df464ba963866b281769768d4a30043edbc7cd085ff75a
demo_envs/open_showcase/evaluations/pi05_open_showcase_robo_pi05_parallel_20261002_105333/16.mp4,1128926,22596c94adf1b3d12e6b5f77b037c63670976c1dbcd6512ce2b01d61a1430ba6
demo_envs/open_showcase/evaluations/pi05_open_showcase_robo_pi05_parallel_20261002_105333/20.mp4,711023,5cfdde61287b70194bf48e75686e08bfb21fd419c8262f21605199955211ef2e
demo_envs/open_showcase/evaluations/pi05_open_showcase_robo_pi05_parallel_20261002_105333/20261002_063317.h5,800,26c4d449632ea072317c16e9d4857e419b67e1b7751f81a89a87c8e75fe9484e
demo_envs/open_showcase/evaluations/pi05_open_showcase_robo_pi05_parallel_20261002_105333/20261002_063317.json,1186,a7e39bbed0f3aec1fd4d4927a6a73ee9934c391c8dfb6556e32803790c402b5a
demo_envs/open_showcase/evaluations/pi05_open_showcase_robo_pi05_parallel_20261002_105333/28.mp4,798139,46b76fdebc84d25d5c64dbc09f0e2176121ec5af5aefa06545d0a3dfef3dce78
demo_envs/open_showcase/evaluations/pi05_open_showcase_robo_pi05_parallel_20261002_105333/32.mp4,862334,2481cf49f3885d239c00d3c36ed35f22b461049c86296dddb96864364e5b21d9
demo_envs/open_showcase/evaluations/pi05_open_showcase_robo_pi05_parallel_20261002_105333/36.mp4,884201,71373554cf4408bdaac268d4cd6d9d9673d4c5274db4424d7d8767443357af35
demo_envs/open_showcase/evaluations/pi05_open_showcase_robo_pi05_parallel_20261002_105333/44.mp4,991351,a675e4a770412d187d138482380c288c5713a9cd89cfb5a8d1de55788b17b9a8
demo_envs/open_showcase/evaluations/pi05_open_showcase_robo_pi05_parallel_20261002_105333/48.mp4,1296081,8d6328c0c230f188f10a723d7a401aa0af1f5e7ea874185fd545aa730dfccb63
demo_envs/open_showcase/evaluations/pi05_open_showcase_robo_pi05_parallel_20261002_105333/52.mp4,888589,5b9b63c4b61ecaf7d57c3bfb33468ea73afc30960cc8f2245c1233837a9d087c
demo_envs/open_showcase/evaluations/pi05_open_showcase_robo_pi05_parallel_20261002_105333/56.mp4,1097986,970c5ecc558aa61f611bd758fd76be36e424f39db1ea5a2aca71ead0f4a55182
demo_envs/open_showcase/evaluations/pi05_open_showcase_robo_pi05_parallel_20261002_105333/60.mp4,959033,50820da13c5e370c1dcce8f2653cf3258519cc84b3f22098dcc2d3737d7ca9ac
demo_envs/open_showcase/evaluations/pi05_open_showcase_robo_pi05_parallel_20261002_105333/64.mp4,1049090,d5a550eb909d8d35cd6482612473130ef7c634134eabacab4d0c76fd4a787186
demo_envs/open_showcase/evaluations/pi05_open_showcase_robo_pi05_parallel_20261002_105333/68.mp4,803888,a16411b6c0beb7c0f8d2b70eb177d2073c08df9a14ac0fbaf8083070b7c71c93
demo_envs/open_showcase/evaluations/pi05_open_showcase_robo_pi05_parallel_20261002_105333/72.mp4,1157132,8e6b756378317db5de67f9e2355617f5ad2f7c9a08883ec9646f964d3bd9e5b0
demo_envs/open_showcase/evaluations/pi05_open_showcase_robo_pi05_parallel_20261002_105333/76.mp4,1097780,f5eb5d84afe6556f00a28d6065d18bbea3532d4f06315af0c192957ab790e554
demo_envs/open_showcase/evaluations/pi05_open_showcase_robo_pi05_parallel_20261002_105333/8.mp4,810186,80d836880a0dd240f781ba60b651310a5579da5baafc3753339ec52b87bce165
demo_envs/open_showcase/evaluations/pi05_open_showcase_robo_pi05_parallel_20261002_105333/80.mp4,865706,df0d6109ed07a439f9b7981f9d9cbcab63422825b279f0997cd73a0688cdeff9
demo_envs/open_showcase/evaluations/pi05_open_showcase_robo_pi05_parallel_20261002_105333/84.mp4,558302,ffb738fafe8314388a74b2af7bfd8edec67b654ce5914748da68de53c7edf8a7
demo_envs/open_showcase/evaluations/pi05_open_showcase_robo_pi05_parallel_20261002_105333/88.mp4,1262976,7a53da7a1d24d8dc4b09e7b1fe207050ed69e0574620e163c00c29dee61506da
demo_envs/open_showcase/evaluations/pi05_open_showcase_robo_pi05_parallel_20261002_105333/96.mp4,987114,1eca209450acee5e520f69724af82cbab3b711c99a4d92ec50916ec483e8d249
demo_envs/open_showcase/evaluations/pi05_open_showcase_train_pi05_parallel_20261002_105333/0.mp4,894946,8e4a138acd09950276ae64310cc367e1dcd9f42daabe04782feb1bd4e1108a17
demo_envs/open_showcase/evaluations/pi05_open_showcase_train_pi05_parallel_20261002_105333/100.mp4,1230873,a9b9acad7d1ed132c1386284d7b63e7d07cbef3b6f0e9af838ef7b588baaa378
demo_envs/open_showcase/evaluations/pi05_open_showcase_train_pi05_parallel_20261002_105333/104.mp4,1100051,34a19af9f253a62be6269e6774e081e679cf6332f18e5b090cc5f9dc0bdd9414
demo_envs/open_showcase/evaluations/pi05_open_showcase_train_pi05_parallel_20261002_105333/108.mp4,864995,14b6e2aef150ce14b54545cbee5733c074557b81cef7f2660a61c7d52738208c
demo_envs/open_showcase/evaluations/pi05_open_showcase_train_pi05_parallel_20261002_105333/112.mp4,1088838,e2775fb52e687bef56dabb38c59f27d295567d67102181e54ceae911ebdcebf7
demo_envs/open_showcase/evaluations/pi05_open_showcase_train_pi05_parallel_20261002_105333/116.mp4,1038483,e0494e722fbef63c58d98cfecbf34d1b7da9546809dc5f342300516e06151415
demo_envs/open_showcase/evaluations/pi05_open_showcase_train_pi05_parallel_20261002_105333/12.mp4,811388,78a63b876df6b3aff1a4a4b043a6535ce68ef05d62df4a6ffd5d5f244feb9749
demo_envs/open_showcase/evaluations/pi05_open_showcase_train_pi05_parallel_20261002_105333/120.mp4,845667,5d681abb66d3c7874c209d2130d0a7182a5d4ff3a83bae1da206909860babf1a
demo_envs/open_showcase/evaluations/pi05_open_showcase_train_pi05_parallel_20261002_105333/124.mp4,508709,524852b507016785b521c9c81f3e045d6d038a671322c54181152fecd797a727
demo_envs/open_showcase/evaluations/pi05_open_showcase_train_pi05_parallel_20261002_105333/128.mp4,494436,664eb43a4c9f2d4d3e0fbc3c801cc6f9f474a9ed76ba509219850765da1d10c0
demo_envs/open_showcase/evaluations/pi05_open_showcase_train_pi05_parallel_20261002_105333/136.mp4,933756,0fc34fc6b43f639e992e06b3a4c38c3e6fa1d6279651074c8efda4965f0c3265
demo_envs/open_showcase/evaluations/pi05_open_showcase_train_pi05_parallel_20261002_105333/16.mp4,987330,8b35224d3a7426f1ff3f9cd4214113cea34f4130049c4280f93aeee465a16e89
demo_envs/open_showcase/evaluations/pi05_open_showcase_train_pi05_parallel_20261002_105333/20.mp4,695045,fe4590c2a4d46c4ec92be07ad7cd725a7376487c55020f00803f4ae0bf8447cd
demo_envs/open_showcase/evaluations/pi05_open_showcase_train_pi05_parallel_20261002_105333/20261002_035422.h5,800,26c4d449632ea072317c16e9d4857e419b67e1b7751f81a89a87c8e75fe9484e
demo_envs/open_showcase/evaluations/pi05_open_showcase_train_pi05_parallel_20261002_105333/20261002_035422.json,1186,a7e39bbed0f3aec1fd4d4927a6a73ee9934c391c8dfb6556e32803790c402b5a
demo_envs/open_showcase/evaluations/pi05_open_showcase_train_pi05_parallel_20261002_105333/28.mp4,739498,c51ebf4d015e580823707a6e6c4415e95cc91172fcf1cd39b1f2bf60672fa4c7
demo_envs/open_showcase/evaluations/pi05_open_showcase_train_pi05_parallel_20261002_105333/32.mp4,726873,d21e466caae781648a88c970a5cd97ff36c21369cdbcec262437cb5abffef45b
demo_envs/open_showcase/evaluations/pi05_open_showcase_train_pi05_parallel_20261002_105333/36.mp4,910227,64c19843c02cb909f0456b76583ccc29a8f5d6102b386144bd4f7663bff8b1ac
demo_envs/open_showcase/evaluations/pi05_open_showcase_train_pi05_parallel_20261002_105333/44.mp4,1009455,f8f17a4bb0753cc5da9fca4a959068e7fcc50226b22809925aff9c839c66cee2
demo_envs/open_showcase/evaluations/pi05_open_showcase_train_pi05_parallel_20261002_105333/48.mp4,1475445,beb11661f69400aa3400d81e8c746ca9861f71bae6207e5b8963243c6b8ff3c2
demo_envs/open_showcase/evaluations/pi05_open_showcase_train_pi05_parallel_20261002_105333/52.mp4,885575,4f64490b1d31155019f4f7074972f8c6e312694fe6ee5a05b3fb6ef9bd0deff0
demo_envs/open_showcase/evaluations/pi05_open_showcase_train_pi05_parallel_20261002_105333/56.mp4,799512,34aa474c23b352d310d2d850541c9277ee702591a9c58ec9ff9017d60ef2f1cf
demo_envs/open_showcase/evaluations/pi05_open_showcase_train_pi05_parallel_20261002_105333/60.mp4,859430,88609b31a394a1e61840da34a178d601f33e2009973b2187de45f866a72a5b5a
demo_envs/open_showcase/evaluations/pi05_open_showcase_train_pi05_parallel_20261002_105333/64.mp4,1157884,ddaf234c31afb92b5dd8039947c67dfaec26eca1e9dbd8e7fccd114b65abf007
demo_envs/open_showcase/evaluations/pi05_open_showcase_train_pi05_parallel_20261002_105333/68.mp4,798779,88044dae1ff82bb540ad16f0d90f17d4fd7586f3c9f69d383537865bbba63450
demo_envs/open_showcase/evaluations/pi05_open_showcase_train_pi05_parallel_20261002_105333/72.mp4,1101499,3990f5b4758a7928166c8887df278aa7eddebaa7116d79cded94989c92d212cc
demo_envs/open_showcase/evaluations/pi05_open_showcase_train_pi05_parallel_20261002_105333/76.mp4,890059,20db10981d08fdf6fcf47710590bf4698adbe72cac3d5950b33e33bd8876781a
demo_envs/open_showcase/evaluations/pi05_open_showcase_train_pi05_parallel_20261002_105333/8.mp4,814355,82ed8f4340cc3ded73b2d823fff535b8b9762b684191cf634c339de6a24967ad
demo_envs/open_showcase/evaluations/pi05_open_showcase_train_pi05_parallel_20261002_105333/80.mp4,681279,678f06c68664b656b433400addb6af3c2ce5897b0a5ed551c983c99df18488fe
demo_envs/open_showcase/evaluations/pi05_open_showcase_train_pi05_parallel_20261002_105333/84.mp4,544717,e088a20ad412ada492ffd9c34365214de346fcf0c800f834037f522101be4956
demo_envs/open_showcase/evaluations/pi05_open_showcase_train_pi05_parallel_20261002_105333/88.mp4,1371419,f80b2667c4374ccb726da2faa0db369966e9a3e46ef4d84b23f7f119013ad0de
demo_envs/open_showcase/evaluations/pi05_open_showcase_train_pi05_parallel_20261002_105333/96.mp4,966324,9f3a58903c572d1a25a38d95721dc216636426a009ab4a0cfe08abe29bb59478
demo_envs/open_showcase/evaluations/pi05_open_showcase_uns_pi05_parallel_20261002_105333/20261002_091034.h5,800,26c4d449632ea072317c16e9d4857e419b67e1b7751f81a89a87c8e75fe9484e
demo_envs/open_showcase/evaluations/pi05_open_showcase_uns_pi05_parallel_20261002_105333/20261002_091034.json,1148,9caad3a1152acc213812254179c515f8d74ac52d66f8bbdcd9000a712e774767
demo_envs/open_showcase/evaluations/pi05_open_showcase_uns_pi05_parallel_20261002_105333/42000.mp4,1228129,7a04aa906d02841dedb19a14afadd318adea1f0f2155f89688a6a6746c4d2d46
demo_envs/open_showcase/evaluations/pi05_open_showcase_uns_pi05_parallel_20261002_105333/42001.mp4,969580,2caa93ba15880bbb056f757b916d90ebbaf3914d3c01339cf00c9d0096187332
demo_envs/open_showcase/evaluations/pi05_open_showcase_uns_pi05_parallel_20261002_105333/42002.mp4,825942,9439409f9d48814961da6e39dbdf37c40994902c34e5f9e6dc512a59190f71aa
demo_envs/open_showcase/evaluations/pi05_open_showcase_uns_pi05_parallel_20261002_105333/42003.mp4,352060,ae47d2be3f8c03e561a3fe619e94b61aeb79a358e4412f6e1177a55b4c56bb89
demo_envs/open_showcase/evaluations/pi05_open_showcase_uns_pi05_parallel_20261002_105333/42004.mp4,1158957,7e022b5b26adf23b24318798f81c76307f29b7bebcdf8b96d406a8fa676327ed
demo_envs/open_showcase/evaluations/pi05_open_showcase_uns_pi05_parallel_20261002_105333/42005.mp4,493491,db3f7650ce9a9ed231286a577405d24765166217c7f1a2d13ecb85cbe11458d8
demo_envs/open_showcase/evaluations/pi05_open_showcase_uns_pi05_parallel_20261002_105333/42006.mp4,709708,f943d029b042b1cb07abcc304c938e5b0b8b56816b019291dabb287792c0dc22
demo_envs/open_showcase/evaluations/pi05_open_showcase_uns_pi05_parallel_20261002_105333/42007.mp4,841505,011a1949346cd85e1f041625c5179bd3d53c18245a4ca2ff76deee3b1d568727
demo_envs/open_showcase/evaluations/pi05_open_showcase_uns_pi05_parallel_20261002_105333/42008.mp4,1183539,32dcb58fd6e283ab17f2377f0e865fa5023895384f79211de94057db6858174b
demo_envs/open_showcase/evaluations/pi05_open_showcase_uns_pi05_parallel_20261002_105333/42009.mp4,390025,5745696f2e2fc9a01ce3818fba8cfb68948cd0b9c250f7a8349163aa1a0f8100
demo_envs/open_showcase/evaluations/pi05_open_showcase_uns_pi05_parallel_20261002_105333/42010.mp4,500637,437e7b868d021a3dce7c03cbd4b8b9f22c34ae1490115481a15bfa696f9973f1
demo_envs/open_showcase/evaluations/pi05_open_showcase_uns_pi05_parallel_20261002_105333/42011.mp4,1103814,e08d19381131d78dbb1f34f6ea1e20de9f25699f2903e515f8e88401fe32e1fa
demo_envs/open_showcase/evaluations/pi05_open_showcase_uns_pi05_parallel_20261002_105333/42012.mp4,890313,b53e80c375ecffe842ce36aa242f1ec5292066dc2538d5d00dd45d26767461a7
demo_envs/open_showcase/evaluations/pi05_open_showcase_uns_pi05_parallel_20261002_105333/42013.mp4,969347,1f16be82bb722e426a84bb761b2c753bb232b6b2b151bebd22bb8663ec5b37f2
demo_envs/open_showcase/evaluations/pi05_open_showcase_uns_pi05_parallel_20261002_105333/42014.mp4,710617,a4f1eae376b2fc1246d026eef52f05beaa1593199ceb77d712c15abd6aafbca3
demo_envs/open_showcase/evaluations/pi05_open_showcase_uns_pi05_parallel_20261002_105333/42015.mp4,1301983,a847fd96ff179c5b9593242ab2a0c94e4e29eea4a6a790892ec748a26773690b
demo_envs/open_showcase/evaluations/pi05_open_showcase_uns_pi05_parallel_20261002_105333/42016.mp4,790752,fcb6d1401e2194127ff067fba37af63da92df1d135b7ae36fa2738427a864c4e
demo_envs/open_showcase/evaluations/pi05_open_showcase_uns_pi05_parallel_20261002_105333/42017.mp4,998758,a0991466fd53831558326830a46da88196800d4b0a71ee0092c6e32a513e5deb
demo_envs/open_showcase/evaluations/pi05_open_showcase_uns_pi05_parallel_20261002_105333/42018.mp4,1117459,71d2fd9108dcba763d209f0dd7f7647cea4a0dd0a54c74c3c3aeb82c84164aa3
demo_envs/open_showcase/evaluations/pi05_open_showcase_uns_pi05_parallel_20261002_105333/42019.mp4,482076,89dbc3c6f9e431649768acef623199dba4a44f7a0225e74cd86d1df50bd99b1a
demo_envs/open_showcase/evaluations/pi05_open_showcase_uns_pi05_parallel_20261002_105333/42020.mp4,1058458,cd410e2741d0b0943a1be7cf40660af3c3ad97aef9d8dda52232c62f4bc13218
demo_envs/open_showcase/evaluations/pi05_open_showcase_uns_pi05_parallel_20261002_105333/42021.mp4,1199248,36985c8fb712529a88df92f5872c8338dab2ec5e1dc79462883ecc059783f97e
demo_envs/open_showcase/evaluations/pi05_open_showcase_uns_pi05_parallel_20261002_105333/42022.mp4,734203,3770e9807f7a194b524ea0e95846b288e789dd4230dbc0d893db302c1e8cb538
demo_envs/open_showcase/evaluations/pi05_open_showcase_uns_pi05_parallel_20261002_105333/42023.mp4,1012958,c64621a50e2d991f684a4e84ffd5d6c63f943f57af15d1a4a05a7a77e9c664d1
demo_envs/open_showcase/evaluations/pi05_open_showcase_uns_pi05_parallel_20261002_105333/42024.mp4,923758,d0468ff032ff6408609073ef8b9b20b2266005f42a0eb49b18510572cf7ff313
demo_envs/open_showcase/evaluations/pi05_open_showcase_uns_pi05_parallel_20261002_105333/42025.mp4,398298,91c8a82f3ce4521a16c40a2ee0b0298db9bc9e0d5f5b650797345c8b8bf4ec88
demo_envs/open_showcase/evaluations/pi05_open_showcase_uns_pi05_parallel_20261002_105333/42026.mp4,441981,c79306faf456ebb1f25f243e7ec6575381199aa83f06158d6859c297814f775f
demo_envs/open_showcase/evaluations/pi05_open_showcase_uns_pi05_parallel_20261002_105333/42027.mp4,399088,bb94b13fb0506d08a2a8afe48eb87e6160bc377688d917227acea568000187b1
demo_envs/open_showcase/evaluations/pi05_open_showcase_uns_pi05_parallel_20261002_105333/42028.mp4,878938,10ae298b727f8480dfdb4f4c263f351f4a23eeaefd214d18578528595d289797
demo_envs/open_showcase/evaluations/pi05_open_showcase_uns_pi05_parallel_20261002_105333/42029.mp4,1190069,409600498ef1dfe3819db27df896bf93fd8aca0c0196fc9a346de717a6cdd49c
demo_envs/pick_from_floor/evaluations/pi05_floor_beans_robo_pi05_parallel_20261002_105333/0.mp4,779506,db23b73f5535743d74cacc39d5112d021c9b4f50b00a361e80b9390e103a0ab5
demo_envs/pick_from_floor/evaluations/pi05_floor_beans_robo_pi05_parallel_20261002_105333/100.mp4,653197,dcc946406b64dcb3dc9e7e2f642987ad45db18bc183162422ed79aa45ad17d84
demo_envs/pick_from_floor/evaluations/pi05_floor_beans_robo_pi05_parallel_20261002_105333/104.mp4,548093,ea8045bcf791a1c01a943a005c57bb14f83a12dae7f4245f52ce26aa2077964c
demo_envs/pick_from_floor/evaluations/pi05_floor_beans_robo_pi05_parallel_20261002_105333/108.mp4,685220,8c59cb5ca6100065b339485092963585d580c92595ff66e8da25b63293c5244a
demo_envs/pick_from_floor/evaluations/pi05_floor_beans_robo_pi05_parallel_20261002_105333/116.mp4,458084,71e8f9e02445937247e2cc251c74c838b4cc4b602e28d28ca948260c629adc6e
demo_envs/pick_from_floor/evaluations/pi05_floor_beans_robo_pi05_parallel_20261002_105333/120.mp4,643737,3dc207a44dbbeabb91121a501e5ad54f066823abd2c74f125252a9a7db5076c6
demo_envs/pick_from_floor/evaluations/pi05_floor_beans_robo_pi05_parallel_20261002_105333/124.mp4,558271,1cbc216fa117050f068bb2d77c6c375cec357e8bc0e82401688defed63851408
demo_envs/pick_from_floor/evaluations/pi05_floor_beans_robo_pi05_parallel_20261002_105333/128.mp4,408781,d7b719e4d585dc79fd50f5815ad6f2f1b1b3f5c31b80450c097277142f1bbc63
demo_envs/pick_from_floor/evaluations/pi05_floor_beans_robo_pi05_parallel_20261002_105333/140.mp4,715789,00d9abe00de526dd2d5def50feb79b69cf601fee312efc431fa3334550a2bc1a
demo_envs/pick_from_floor/evaluations/pi05_floor_beans_robo_pi05_parallel_20261002_105333/152.mp4,326130,49d1a515b5c7f0ca774da674eb8e00848308eb632ff413951cdd8f967e8e3c2d
demo_envs/pick_from_floor/evaluations/pi05_floor_beans_robo_pi05_parallel_20261002_105333/160.mp4,160846,fb9e72d1f2ab752e60cc5b8c7a5ea2bed1f1bb94f1720f3a3f57e699b2f40356
demo_envs/pick_from_floor/evaluations/pi05_floor_beans_robo_pi05_parallel_20261002_105333/168.mp4,630451,4552e353139f35438ebfe7d090cdb550ab9e93ef05f35b115bfe6306ac0d1256
demo_envs/pick_from_floor/evaluations/pi05_floor_beans_robo_pi05_parallel_20261002_105333/172.mp4,533815,d3e23e5409ba3038eb96bd5054d4f5bee77a947f0ddb50222bbcf63a51e9e571
demo_envs/pick_from_floor/evaluations/pi05_floor_beans_robo_pi05_parallel_20261002_105333/196.mp4,654959,fa75ed6e6e2d25905691abef280c356bf751c19db161834f4e263fd6e1f0c06a
demo_envs/pick_from_floor/evaluations/pi05_floor_beans_robo_pi05_parallel_20261002_105333/20.mp4,623576,3ea701387910f42f662b73bfa5981f26d6ca53884c90d19bbf0393fc8ef1a33b
demo_envs/pick_from_floor/evaluations/pi05_floor_beans_robo_pi05_parallel_20261002_105333/20261002_070321.h5,800,26c4d449632ea072317c16e9d4857e419b67e1b7751f81a89a87c8e75fe9484e
demo_envs/pick_from_floor/evaluations/pi05_floor_beans_robo_pi05_parallel_20261002_105333/20261002_070321.json,1190,dc6c41eb0f11bc27f4606bd78fcda21aacb441b212ec1a6d13fb102e583eb3f6
demo_envs/pick_from_floor/evaluations/pi05_floor_beans_robo_pi05_parallel_20261002_105333/204.mp4,654109,eb6f5787c8fc9e03e533278b57abaa8435b85ae28fdfabd1eb320c4501e3debd
demo_envs/pick_from_floor/evaluations/pi05_floor_beans_robo_pi05_parallel_20261002_105333/208.mp4,545619,246e0525513df47acc6df47281d6e64d7582e229a8b35593cc6a91c219b5e1ae
demo_envs/pick_from_floor/evaluations/pi05_floor_beans_robo_pi05_parallel_20261002_105333/216.mp4,603644,6d35034ceb7d82a1880c0ec601cc24521a36f00e25c1153fa09558271c9781d4
demo_envs/pick_from_floor/evaluations/pi05_floor_beans_robo_pi05_parallel_20261002_105333/220.mp4,725022,ed976b68a39bbbd360a7e9c4878793491f2f02df48c4ec549e40118719d8a30c
demo_envs/pick_from_floor/evaluations/pi05_floor_beans_robo_pi05_parallel_20261002_105333/224.mp4,814644,a99d87e80392149277e5c75bb520a5465438f66c5cbf99ae2eba4d029d9f2d59
demo_envs/pick_from_floor/evaluations/pi05_floor_beans_robo_pi05_parallel_20261002_105333/236.mp4,748178,55a2110bf8d7fea0bffa986bb78a9df0e90e0a0a31c89c7b1defb0c898acec8a
demo_envs/pick_from_floor/evaluations/pi05_floor_beans_robo_pi05_parallel_20261002_105333/36.mp4,679952,7d71ab906cda6ac5f1c2c5189ebd0a3804da5e8a1d964904db759532836f972b
demo_envs/pick_from_floor/evaluations/pi05_floor_beans_robo_pi05_parallel_20261002_105333/40.mp4,647661,afbcc1c09fedd921a46d88b9dc3b25d9e168510fd20ba25a6cdbafe13cea3db8
demo_envs/pick_from_floor/evaluations/pi05_floor_beans_robo_pi05_parallel_20261002_105333/48.mp4,849949,bdf4a30ea989f1121e809fcab5d7e1727dff157d7ea172dc43f193630efbc3a0
demo_envs/pick_from_floor/evaluations/pi05_floor_beans_robo_pi05_parallel_20261002_105333/56.mp4,583221,6852a5e93d13c06b6c0f1ef3a25b8039cca66d42ad9bdea5f749be95c79d5e60
demo_envs/pick_from_floor/evaluations/pi05_floor_beans_robo_pi05_parallel_20261002_105333/64.mp4,792225,2eb62dc7003d02205f7358c6a925b41564393ad062c70d328e85e052bcb8c7c4
demo_envs/pick_from_floor/evaluations/pi05_floor_beans_robo_pi05_parallel_20261002_105333/8.mp4,657265,3be6b2ca0e2c8b1763266917cf56a68bdd2056d69d4191edd379656b27c3c7c0
demo_envs/pick_from_floor/evaluations/pi05_floor_beans_robo_pi05_parallel_20261002_105333/80.mp4,640579,b84a3e9ddcdba7e110081d2d27fb7f9fd3c2126412f69b5f8a763538c16b2eed
demo_envs/pick_from_floor/evaluations/pi05_floor_beans_robo_pi05_parallel_20261002_105333/88.mp4,470429,c8c8e5260c0ed5dc120246185dd496999c9a4c2dbc682d7ecae69f825cbffcb2
demo_envs/pick_from_floor/evaluations/pi05_floor_beans_robo_pi05_parallel_20261002_105333/96.mp4,322513,7821a53f134b82b9c3c66718ce6503be220cfdd43c16bf9840edebd718aea6ee
demo_envs/pick_from_floor/evaluations/pi05_floor_beans_train_pi05_parallel_20261002_105333/0.mp4,674454,88e734b4eed6bbe6b509cfae01070daf89a06ca4138d7f08711f396ed1b68b6d
demo_envs/pick_from_floor/evaluations/pi05_floor_beans_train_pi05_parallel_20261002_105333/100.mp4,743080,55d920dd9ebc5cbd2453f1990c737bf65731cd64095ce350f53b017ecc935aeb
demo_envs/pick_from_floor/evaluations/pi05_floor_beans_train_pi05_parallel_20261002_105333/104.mp4,624879,231b5fc27865be9e3a424d6af51695fde2be6769675786f1c0725fdc790487ba
demo_envs/pick_from_floor/evaluations/pi05_floor_beans_train_pi05_parallel_20261002_105333/108.mp4,688960,ddc346567eb72707672e0a7a7264da5253c1fa0fc14cbcc1e5c25ca0a34445a5
demo_envs/pick_from_floor/evaluations/pi05_floor_beans_train_pi05_parallel_20261002_105333/116.mp4,416863,a8f8c408cf8f263a7b6e2b31c249090fc95eaf1b438ae38ae44ea910c06dd0ed
demo_envs/pick_from_floor/evaluations/pi05_floor_beans_train_pi05_parallel_20261002_105333/120.mp4,572767,2d270dbc858f3fe948922224412d8d169a70fe77b49b11529457679c421cc685
demo_envs/pick_from_floor/evaluations/pi05_floor_beans_train_pi05_parallel_20261002_105333/124.mp4,493799,eb3d0f64cc859ab819a723d978ac71b3ef9a25eef37189076999b8b096b69d45
demo_envs/pick_from_floor/evaluations/pi05_floor_beans_train_pi05_parallel_20261002_105333/128.mp4,467191,3f946d6cedb20dd491ba3faaffcde9b5037988460e468171d0aa2d4ac8667d10
demo_envs/pick_from_floor/evaluations/pi05_floor_beans_train_pi05_parallel_20261002_105333/140.mp4,690305,3a14bec2f81df043a35cb842cd4c9ee6c8572b437e767e9cb7359bc2ff6137ce
demo_envs/pick_from_floor/evaluations/pi05_floor_beans_train_pi05_parallel_20261002_105333/152.mp4,268808,39765a5bf3b442811172de032e4846d5cc3aea71710107cc16c76dac43a494b8
demo_envs/pick_from_floor/evaluations/pi05_floor_beans_train_pi05_parallel_20261002_105333/160.mp4,158544,69f34095906bdb24c0036b5bd2f0ab18d93087fe6d6adbb991f2962970e3e63d
demo_envs/pick_from_floor/evaluations/pi05_floor_beans_train_pi05_parallel_20261002_105333/168.mp4,615084,d12562b0bb7e49819f28be90735460cf265f4874fd23e0d44e5b497ff59915f5
demo_envs/pick_from_floor/evaluations/pi05_floor_beans_train_pi05_parallel_20261002_105333/172.mp4,506844,dc704e34eb485ac56047d9c011cb8ba173af80b18fb2f23a3bea1ec0fac369b6
demo_envs/pick_from_floor/evaluations/pi05_floor_beans_train_pi05_parallel_20261002_105333/196.mp4,729580,6698a432f65fe41ba9d88523b2cd8d4377a644e7e805360320a661abed55bd08
demo_envs/pick_from_floor/evaluations/pi05_floor_beans_train_pi05_parallel_20261002_105333/20.mp4,633091,4bd50caca893c11c4d7fc3e7840edc1a5378bc0250a669237bd7288c9397020d
demo_envs/pick_from_floor/evaluations/pi05_floor_beans_train_pi05_parallel_20261002_105333/20261002_050028.h5,800,26c4d449632ea072317c16e9d4857e419b67e1b7751f81a89a87c8e75fe9484e
demo_envs/pick_from_floor/evaluations/pi05_floor_beans_train_pi05_parallel_20261002_105333/20261002_050028.json,1190,dc6c41eb0f11bc27f4606bd78fcda21aacb441b212ec1a6d13fb102e583eb3f6
demo_envs/pick_from_floor/evaluations/pi05_floor_beans_train_pi05_parallel_20261002_105333/204.mp4,587810,cc9a296a2c817a1833f674b78e2a60f42d801475fde907425137f46128285fd8
demo_envs/pick_from_floor/evaluations/pi05_floor_beans_train_pi05_parallel_20261002_105333/208.mp4,490384,edce40136f671348622972841a1db2ab772fd73a7a746cef664e06e60c81f67c
demo_envs/pick_from_floor/evaluations/pi05_floor_beans_train_pi05_parallel_20261002_105333/216.mp4,613233,2b3cc0e22cdadc1f997da9cb1d2638a5720ceaabd55fa10e70b58ebf175d7399
demo_envs/pick_from_floor/evaluations/pi05_floor_beans_train_pi05_parallel_20261002_105333/220.mp4,741449,755b735821f7cd8445d99ccfa73dcf4dd3d4548afe3174b0d0055fece804d9bf
demo_envs/pick_from_floor/evaluations/pi05_floor_beans_train_pi05_parallel_20261002_105333/224.mp4,679237,39f2ed35c5ac2f90f4792ddf1e24094c7ac5165d81f59c440c23efbbaa096b62
demo_envs/pick_from_floor/evaluations/pi05_floor_beans_train_pi05_parallel_20261002_105333/236.mp4,643622,ea8ed1b9010b09afd4aca9599cc9855537b2d6f0ca068fe3d586a3782b38c4ca
demo_envs/pick_from_floor/evaluations/pi05_floor_beans_train_pi05_parallel_20261002_105333/36.mp4,605645,c35a24ea724f6adf55563a9efb151b3ddb29d2450b15e8f3a053b4e06e19421f
demo_envs/pick_from_floor/evaluations/pi05_floor_beans_train_pi05_parallel_20261002_105333/40.mp4,695968,01e2edfa839d842ac0c98ca16f6bec034acb2415c2930ed199222ed175059993
demo_envs/pick_from_floor/evaluations/pi05_floor_beans_train_pi05_parallel_20261002_105333/48.mp4,852885,dfc24ca9722c560530a7a2f11fece897fbbf34491248335439b182af9fec386b
demo_envs/pick_from_floor/evaluations/pi05_floor_beans_train_pi05_parallel_20261002_105333/56.mp4,601549,6a7db36efd27f9a7dc87d97aff7ea576053afea63c49264d0d94faba695c3f7e
demo_envs/pick_from_floor/evaluations/pi05_floor_beans_train_pi05_parallel_20261002_105333/64.mp4,644386,2d852998cdcc899a0f0b5adb6a24ad586dbb9c67d96047a70ca6b41f42a358fd
demo_envs/pick_from_floor/evaluations/pi05_floor_beans_train_pi05_parallel_20261002_105333/8.mp4,670511,d0934703cb8631c14a79d7204309eb1d575b7efbd8d2ec501e332070350cd0a8
demo_envs/pick_from_floor/evaluations/pi05_floor_beans_train_pi05_parallel_20261002_105333/80.mp4,587593,881aaaab329cef2ffd2ac4255edb246162e1fe200dc5c6d195a0e29b94bb90eb
demo_envs/pick_from_floor/evaluations/pi05_floor_beans_train_pi05_parallel_20261002_105333/88.mp4,477968,490d368e00ed6701226ffaa51999524a3a8368f9634b5abc410cb892d3c61c18
demo_envs/pick_from_floor/evaluations/pi05_floor_beans_train_pi05_parallel_20261002_105333/96.mp4,291603,1690d7ff939bf2a730bc1a2bf826062624ac77fe43d9397bea21baaa21743903
demo_envs/pick_from_floor/evaluations/pi05_floor_slam_robo_pi05_parallel_20261002_105333/0.mp4,751088,28d26399d7cece1f1a589bc95c1a46e966ae92791368bbb6f040e6dac33c48af
demo_envs/pick_from_floor/evaluations/pi05_floor_slam_robo_pi05_parallel_20261002_105333/108.mp4,734634,9a1814f46226f499d2ae546a16dad57e44ef0573aeaaaad589a9e6666272cd9c
demo_envs/pick_from_floor/evaluations/pi05_floor_slam_robo_pi05_parallel_20261002_105333/112.mp4,215106,c14a590b00bf573a974f82d7ec6f3b5ea3a48ff1dfd8826080899cbe9edb7284
demo_envs/pick_from_floor/evaluations/pi05_floor_slam_robo_pi05_parallel_20261002_105333/116.mp4,363717,d3a1d5347085d5da8eccd39381fdfb88c2afe0500e62b52cae6d2a3c43d7772e
demo_envs/pick_from_floor/evaluations/pi05_floor_slam_robo_pi05_parallel_20261002_105333/12.mp4,638202,3b1cbbef8216b6fe6da3f61315f9a06aa8806f334eb70378758a25482eb67a5e
demo_envs/pick_from_floor/evaluations/pi05_floor_slam_robo_pi05_parallel_20261002_105333/124.mp4,579746,0105079645c0a3cc0145115e298092d8bb37dcb50ae4ca075977a09a46b2e087
demo_envs/pick_from_floor/evaluations/pi05_floor_slam_robo_pi05_parallel_20261002_105333/128.mp4,553060,881406315e6fa981e32644ae0b6af5933f7f84414673516ef3e1ceaaebbe986a
demo_envs/pick_from_floor/evaluations/pi05_floor_slam_robo_pi05_parallel_20261002_105333/132.mp4,607836,b4f3e1a029ddde387b810601c7494ae49a6503bc7176a6e4128cf329945769f9
demo_envs/pick_from_floor/evaluations/pi05_floor_slam_robo_pi05_parallel_20261002_105333/140.mp4,546199,740e60facaeea982c6c6824e62931f751ea3af0130be1700cde897b9eb72b12f
demo_envs/pick_from_floor/evaluations/pi05_floor_slam_robo_pi05_parallel_20261002_105333/144.mp4,565393,04e4211b2350176279534abfa41dc6652777c0e60d02d054832b674aefc45a38
demo_envs/pick_from_floor/evaluations/pi05_floor_slam_robo_pi05_parallel_20261002_105333/148.mp4,662691,f3cbbceaabb2b3dec2cde51beb2ebac583152da539fb7012c688966c764ee5db
demo_envs/pick_from_floor/evaluations/pi05_floor_slam_robo_pi05_parallel_20261002_105333/16.mp4,637390,f15f4775341fba0085fd8bd6c70ae2939fa5f317d3708efb4a7b5b00c4ec458d
demo_envs/pick_from_floor/evaluations/pi05_floor_slam_robo_pi05_parallel_20261002_105333/160.mp4,164261,43f14d82aa6f45ae2ba1d71ac5c7f92377ac86ea41b13d69a533fdb2e8660534
demo_envs/pick_from_floor/evaluations/pi05_floor_slam_robo_pi05_parallel_20261002_105333/168.mp4,602258,6d94c4cce1ff9ec0270872b4bba3628c6a63985e53ac35d3bbac44fc27159924
demo_envs/pick_from_floor/evaluations/pi05_floor_slam_robo_pi05_parallel_20261002_105333/172.mp4,514380,bbeeeb58bf2cf1ef1c1fd923cfc34dfa5e19ba0488cb00b5caea644a9d1f02cd
demo_envs/pick_from_floor/evaluations/pi05_floor_slam_robo_pi05_parallel_20261002_105333/180.mp4,642939,52e35e1105f79372164a7e6d5499459629019053efebc8b5905d796a16b9e6d5
demo_envs/pick_from_floor/evaluations/pi05_floor_slam_robo_pi05_parallel_20261002_105333/184.mp4,737450,552241d003552cbbfa088a0f15c5b85cdb13be83b36ad8a21adca95013c8fc86
demo_envs/pick_from_floor/evaluations/pi05_floor_slam_robo_pi05_parallel_20261002_105333/188.mp4,460210,003f87330fc390e8073b3d547ccc1998610e069138c386c3a10de9d9b36c40bf
demo_envs/pick_from_floor/evaluations/pi05_floor_slam_robo_pi05_parallel_20261002_105333/20261002_065133.h5,800,26c4d449632ea072317c16e9d4857e419b67e1b7751f81a89a87c8e75fe9484e
demo_envs/pick_from_floor/evaluations/pi05_floor_slam_robo_pi05_parallel_20261002_105333/20261002_065133.json,1193,5d06526eba36200818846276c2e8caa175077d2984cec7af25a4e059119b6cf5
demo_envs/pick_from_floor/evaluations/pi05_floor_slam_robo_pi05_parallel_20261002_105333/28.mp4,643740,1a3c04942a5b8386d558ba69b485f2c952cec56619c3d3d426e8680c42f97e22
demo_envs/pick_from_floor/evaluations/pi05_floor_slam_robo_pi05_parallel_20261002_105333/36.mp4,603382,7a411b063d03ba6f42dc54539082887c03b01f6add0bcd385cc09c6168376ed2
demo_envs/pick_from_floor/evaluations/pi05_floor_slam_robo_pi05_parallel_20261002_105333/44.mp4,365433,545f5ff700d61db107b03c786c04ed38fe136408f6383a1f700255d6f230bdd9
demo_envs/pick_from_floor/evaluations/pi05_floor_slam_robo_pi05_parallel_20261002_105333/48.mp4,788813,65b4f5aba06a4afd746626b37a1490f4e9c9e74b8241aa251f73fd22be23460c
demo_envs/pick_from_floor/evaluations/pi05_floor_slam_robo_pi05_parallel_20261002_105333/52.mp4,473061,ef8cb5ee57dfdff85a0e2cc60fa2c2df6b1648ca6af9984ddb211af02f03ec79
demo_envs/pick_from_floor/evaluations/pi05_floor_slam_robo_pi05_parallel_20261002_105333/56.mp4,599311,075cb3cfd5a026d72aec14cc76be3cb2f08af8cb888ba72a1b1233f00ca36d08
demo_envs/pick_from_floor/evaluations/pi05_floor_slam_robo_pi05_parallel_20261002_105333/68.mp4,561701,9b19e8629e27a3e24f2c69d0f7e4fd0f595263148ac849f5aa78d19a0e645621
demo_envs/pick_from_floor/evaluations/pi05_floor_slam_robo_pi05_parallel_20261002_105333/76.mp4,810484,fcf6f6bc36892469455bf2c8c942aa5ca94ec61abd5a21953e5e94a9abfae3c4
demo_envs/pick_from_floor/evaluations/pi05_floor_slam_robo_pi05_parallel_20261002_105333/8.mp4,746670,6244c5d2d9e6dbff5f7dc25b8a668c3d005e9669a154889875e3497db4d79e17
demo_envs/pick_from_floor/evaluations/pi05_floor_slam_robo_pi05_parallel_20261002_105333/84.mp4,714959,d4c792e9d7ca6c58ee29efc429af27f7706dcbb32c790f11ea344441d06f8ca2
demo_envs/pick_from_floor/evaluations/pi05_floor_slam_robo_pi05_parallel_20261002_105333/88.mp4,438712,28be791ebb7f8947b181751d133496d4fac15c6146488cad501ce4675d46a990
demo_envs/pick_from_floor/evaluations/pi05_floor_slam_robo_pi05_parallel_20261002_105333/96.mp4,313850,f6dcc95364bf5a4432b35bd40c08d79857e5125e3adbf91b0d88591f5a94ff16
demo_envs/pick_from_floor/evaluations/pi05_floor_slam_train_pi05_parallel_20261002_105333/0.mp4,697018,e5ed70a23b203ffdca210f9ef473feaa242d5a41610b40c07bdd72c994b2cf7d
demo_envs/pick_from_floor/evaluations/pi05_floor_slam_train_pi05_parallel_20261002_105333/108.mp4,670273,0dde415ed4ad9a7fb04b2ca20820033d854897c68bc6402fa8561529f2d51823
demo_envs/pick_from_floor/evaluations/pi05_floor_slam_train_pi05_parallel_20261002_105333/112.mp4,324567,c2b92a6e84545998ca9788a44b6140ce5f7ab3b1e8ee3e59b2d267211a9f5690
demo_envs/pick_from_floor/evaluations/pi05_floor_slam_train_pi05_parallel_20261002_105333/116.mp4,404900,b5068dd5ec0b807846989880b9556f335d06fc7688ab4b50e72ca97c5362c440
demo_envs/pick_from_floor/evaluations/pi05_floor_slam_train_pi05_parallel_20261002_105333/12.mp4,688699,f4104743cd6b5ccb84693d53dfc52b3fd508774a42ed8d2069e21051497dd042
demo_envs/pick_from_floor/evaluations/pi05_floor_slam_train_pi05_parallel_20261002_105333/124.mp4,569830,e0a63cd9141a0d58b9cffab720f300097bb4b47e39558a42badeeb81047e9302
demo_envs/pick_from_floor/evaluations/pi05_floor_slam_train_pi05_parallel_20261002_105333/128.mp4,409062,6eb3e316dedb6a17ef5576d64de19ff625291c7d42a9a838bf2a9e7c9a355675
demo_envs/pick_from_floor/evaluations/pi05_floor_slam_train_pi05_parallel_20261002_105333/132.mp4,639408,e5874d7dd07f86a74b0447304c3132e3872bb17074030d2e73b1e12433151a03
demo_envs/pick_from_floor/evaluations/pi05_floor_slam_train_pi05_parallel_20261002_105333/140.mp4,585901,bf79ed5acf4a42548021eb38a900a692d44869c4ac308e88e620c0b8ba8b727f
demo_envs/pick_from_floor/evaluations/pi05_floor_slam_train_pi05_parallel_20261002_105333/144.mp4,523855,b1311f799706df450ff44b868bd8ba1592b3a9809adeb275436be2715caac6f8
demo_envs/pick_from_floor/evaluations/pi05_floor_slam_train_pi05_parallel_20261002_105333/148.mp4,591817,99af392d3571edfe7dea8a15f6bed076578d3de0242bc8f9d7dad478e4ac3377
demo_envs/pick_from_floor/evaluations/pi05_floor_slam_train_pi05_parallel_20261002_105333/16.mp4,640556,60bf652bb9beccdc2cf2f78c103632b68895bbb90ed1936c2f2c610eeb7e4394
demo_envs/pick_from_floor/evaluations/pi05_floor_slam_train_pi05_parallel_20261002_105333/160.mp4,168610,71733c3eb8ca0d4705502e00bd8b542e896f345601b550c0824b1451f033503f
demo_envs/pick_from_floor/evaluations/pi05_floor_slam_train_pi05_parallel_20261002_105333/168.mp4,536038,7e548c7f365728e5c23f79102dd1d232e73adc471378d8e3dd31fd7e3cd318af
demo_envs/pick_from_floor/evaluations/pi05_floor_slam_train_pi05_parallel_20261002_105333/172.mp4,528414,827c4074d0e788cf8f9fb858461abeb8c48c0eeb835eaa55c37b87433b6827cf
demo_envs/pick_from_floor/evaluations/pi05_floor_slam_train_pi05_parallel_20261002_105333/180.mp4,779457,0fbf07aef9413bb91f97d8f1a513878365bb498df6a0bc57f0469c2dafc5f183
demo_envs/pick_from_floor/evaluations/pi05_floor_slam_train_pi05_parallel_20261002_105333/184.mp4,558855,aa75627110205781aebac8d610c2b407e20725b396a9dae28e01aea67e522246
demo_envs/pick_from_floor/evaluations/pi05_floor_slam_train_pi05_parallel_20261002_105333/188.mp4,408875,719adb177646716fa994ae26a0abac32841d41f40a4f40037692237712febf18
demo_envs/pick_from_floor/evaluations/pi05_floor_slam_train_pi05_parallel_20261002_105333/20261002_053102.h5,800,26c4d449632ea072317c16e9d4857e419b67e1b7751f81a89a87c8e75fe9484e
demo_envs/pick_from_floor/evaluations/pi05_floor_slam_train_pi05_parallel_20261002_105333/20261002_053102.json,1193,5d06526eba36200818846276c2e8caa175077d2984cec7af25a4e059119b6cf5
demo_envs/pick_from_floor/evaluations/pi05_floor_slam_train_pi05_parallel_20261002_105333/28.mp4,458673,2d10f53aea200ba5f0dfd53221b19ec5cccf88386fe9512b20f6dc84af9e7c36
demo_envs/pick_from_floor/evaluations/pi05_floor_slam_train_pi05_parallel_20261002_105333/36.mp4,511228,0b06ef1fa3ea0619daba1976aea389585b4f07569c71ed945b19b2a2e9770738
demo_envs/pick_from_floor/evaluations/pi05_floor_slam_train_pi05_parallel_20261002_105333/44.mp4,550349,c9a1a56b0d2c2580904246ab810f334994f89bb33b052e5deb32dd49b948188b
demo_envs/pick_from_floor/evaluations/pi05_floor_slam_train_pi05_parallel_20261002_105333/48.mp4,887483,cb8346c230693fba42e85d45334dfa7ba54e4258f22d0ccdb3780fb495d7169b
demo_envs/pick_from_floor/evaluations/pi05_floor_slam_train_pi05_parallel_20261002_105333/52.mp4,469836,46e77e86fcffae305446a6c3a77b38cd761af8e9387c135718c3acf7832e5dff
demo_envs/pick_from_floor/evaluations/pi05_floor_slam_train_pi05_parallel_20261002_105333/56.mp4,622174,af37824e1ae597e0a28fb7b74fdcfa28cb4f2945a482a45b3116209b451b9cfb
demo_envs/pick_from_floor/evaluations/pi05_floor_slam_train_pi05_parallel_20261002_105333/68.mp4,497721,bb9b6323cf183ca4c80cf64d8d22afd3ca3b8572b1e725f8c3995bcd7e165769
demo_envs/pick_from_floor/evaluations/pi05_floor_slam_train_pi05_parallel_20261002_105333/76.mp4,827563,5c36a554b7dfa0e1a6092da72f9122214c7ec454e2b671c94409d002e82504b1
demo_envs/pick_from_floor/evaluations/pi05_floor_slam_train_pi05_parallel_20261002_105333/8.mp4,682102,d0e42fd0188dcdff86335baa3e6746665b32f945cb7118a35eef14bfd78bc06b
demo_envs/pick_from_floor/evaluations/pi05_floor_slam_train_pi05_parallel_20261002_105333/84.mp4,717182,7421f4d58970c947ef3bda9daeb25f1089f501b22917eb6fe32ff673819177a4
demo_envs/pick_from_floor/evaluations/pi05_floor_slam_train_pi05_parallel_20261002_105333/88.mp4,441832,a2e431dbb11a693c321f248c5c5a3256fab1d405f0de31e6b482baf5035988e9
demo_envs/pick_from_floor/evaluations/pi05_floor_slam_train_pi05_parallel_20261002_105333/96.mp4,279281,4e95c208cd6f50eb4758064611ad00421747790b50666f7246beb9eb379794ea
demo_envs/pick_to_basket/evaluations/pi05_basket_fanta_robo_pi05_parallel_20261002_105333/100.mp4,499795,cfb8549a61549956acc40f4e38340801d8f6301453b1b5de512b637cbec01b29
demo_envs/pick_to_basket/evaluations/pi05_basket_fanta_robo_pi05_parallel_20261002_105333/104.mp4,481336,458e516ead014baea391591d3248c348d273c966ffcd309ae6c561e97c34092e
demo_envs/pick_to_basket/evaluations/pi05_basket_fanta_robo_pi05_parallel_20261002_105333/108.mp4,461304,6450e19103425836697d1e690a9da77ae5da9bf40637b48cd4a440a995514408
demo_envs/pick_to_basket/evaluations/pi05_basket_fanta_robo_pi05_parallel_20261002_105333/116.mp4,167638,1409839151f087ce2e493ca2afcd729f9359710728957c8062e286c8ca97c15b
demo_envs/pick_to_basket/evaluations/pi05_basket_fanta_robo_pi05_parallel_20261002_105333/12.mp4,387071,5c1567ba6efce3ae8cff87fd288782ddc1539d1d945f7818a7fbbe37edf8eeee
demo_envs/pick_to_basket/evaluations/pi05_basket_fanta_robo_pi05_parallel_20261002_105333/120.mp4,416645,5bceaabcdaf7d2fd986ccb6cbbcf9d6ddd07d1cec5a8e3ae96dc6484c6bf3247
demo_envs/pick_to_basket/evaluations/pi05_basket_fanta_robo_pi05_parallel_20261002_105333/124.mp4,439746,9473d25ea0ee6eee25f3c39777d52893f23a2fdf1d51f221f0c8f8f2b61675a8
demo_envs/pick_to_basket/evaluations/pi05_basket_fanta_robo_pi05_parallel_20261002_105333/128.mp4,174106,d097e36e9c036a9fbb70717bd719dac046f9a05e1d88d4286ccd4d6a42d00ac8
demo_envs/pick_to_basket/evaluations/pi05_basket_fanta_robo_pi05_parallel_20261002_105333/132.mp4,347479,db7ad01fca105c6f402f44c1a0eee1f91aa2f0bf89eddccc12fcdffcff8877a1
demo_envs/pick_to_basket/evaluations/pi05_basket_fanta_robo_pi05_parallel_20261002_105333/136.mp4,515035,83f9c69a2f618b68740ca47f0f88d219069117ea7fcce634347b7292500560bc
demo_envs/pick_to_basket/evaluations/pi05_basket_fanta_robo_pi05_parallel_20261002_105333/140.mp4,389056,a9f74dc9fe8c48f498c735e07dedaa773dcfcb33d4a7818b4a0a9963f603625a
demo_envs/pick_to_basket/evaluations/pi05_basket_fanta_robo_pi05_parallel_20261002_105333/148.mp4,430478,60ab465df96a96e9b4cbb375db8f472f4df1d7c9b9870f119e4767cbba59b8a1
demo_envs/pick_to_basket/evaluations/pi05_basket_fanta_robo_pi05_parallel_20261002_105333/152.mp4,444506,c9d480fe6b7038e207b8c31bd13b791e1f47e6dc66e6fe81aea5aca3a9d640d3
demo_envs/pick_to_basket/evaluations/pi05_basket_fanta_robo_pi05_parallel_20261002_105333/16.mp4,494962,e8436986efbcb7c37ef85cb1ed05f464678af9265d4e40c27d38eca8612e0ef9
demo_envs/pick_to_basket/evaluations/pi05_basket_fanta_robo_pi05_parallel_20261002_105333/20.mp4,385852,58e3dfde0ea7791a733f36485bd8fb3fb7ffdeab6201883083cc4c4f340d989a
demo_envs/pick_to_basket/evaluations/pi05_basket_fanta_robo_pi05_parallel_20261002_105333/20261002_083707.h5,800,26c4d449632ea072317c16e9d4857e419b67e1b7751f81a89a87c8e75fe9484e
demo_envs/pick_to_basket/evaluations/pi05_basket_fanta_robo_pi05_parallel_20261002_105333/20261002_083707.json,1187,d35be8842088796595a50ebb9dc83be4eac596c903c946524373d55b61c846bc
demo_envs/pick_to_basket/evaluations/pi05_basket_fanta_robo_pi05_parallel_20261002_105333/24.mp4,445212,1517ff6b6cc4fcb7241792e2a45497483ca327b410a2e441fd5c171a3938f68d
demo_envs/pick_to_basket/evaluations/pi05_basket_fanta_robo_pi05_parallel_20261002_105333/28.mp4,310332,5cf3b3a224170493594cf4e96e72287a6233fca80b4fb5d364af2605074433d3
demo_envs/pick_to_basket/evaluations/pi05_basket_fanta_robo_pi05_parallel_20261002_105333/32.mp4,461045,3613840cc550d44a6f097719223d1efca55c90a6d75931ed6c8bc62a09cc4c1c
demo_envs/pick_to_basket/evaluations/pi05_basket_fanta_robo_pi05_parallel_20261002_105333/36.mp4,417440,e314f54d13959a6f207f3f1b0ee9c12254b1fc78f7ca3c5fd89aa749cfacfcd6
demo_envs/pick_to_basket/evaluations/pi05_basket_fanta_robo_pi05_parallel_20261002_105333/4.mp4,437820,0f7a4fda86cb00c010f52ec2ed10f77534e2f2bd2f532511ab128c3b65997a2a
demo_envs/pick_to_basket/evaluations/pi05_basket_fanta_robo_pi05_parallel_20261002_105333/40.mp4,252987,36e204041f5d0ce6951597fb53aaab259ff2256c7f70ffea159d271beb4ede8c
demo_envs/pick_to_basket/evaluations/pi05_basket_fanta_robo_pi05_parallel_20261002_105333/44.mp4,404031,9bdfa01cc67cb020d977f87ad2e34cf38cc2c2762b5508f8fd7cd9933f72442f
demo_envs/pick_to_basket/evaluations/pi05_basket_fanta_robo_pi05_parallel_20261002_105333/52.mp4,463649,fc74ee16b600cadba9a378a398f25e92c9f811a028d2106bfcbcb57db1b7a3b3
demo_envs/pick_to_basket/evaluations/pi05_basket_fanta_robo_pi05_parallel_20261002_105333/56.mp4,322655,c2b620804ee625fc20e804c1a1a9494dca0e8b4c8ff8849195876f1d37aa8558
demo_envs/pick_to_basket/evaluations/pi05_basket_fanta_robo_pi05_parallel_20261002_105333/72.mp4,457506,8af6e2a7273efc8e77e8a5b191f8ca6d7a4eb1cc19a0e519d9085ab2a09dbcd2
demo_envs/pick_to_basket/evaluations/pi05_basket_fanta_robo_pi05_parallel_20261002_105333/76.mp4,469801,b8587873e04b393c6e02bf8b718c1c8cedd7d21b53770889b9b72714f953a6d9
demo_envs/pick_to_basket/evaluations/pi05_basket_fanta_robo_pi05_parallel_20261002_105333/8.mp4,451835,4cd962928d4ef832dbd66d8f26babe6d0d6bda5f078d123ddc00d8d37b97d668
demo_envs/pick_to_basket/evaluations/pi05_basket_fanta_robo_pi05_parallel_20261002_105333/80.mp4,413550,982f9cc9e3eebbc3a1ab9e026d565b730129846afe345bb735cdd8d843c4b2f8
demo_envs/pick_to_basket/evaluations/pi05_basket_fanta_robo_pi05_parallel_20261002_105333/88.mp4,401075,715639aecdd8d693ff82a69edeb6a54170e1fa247c72b75b34f21d20fe8f7b36
demo_envs/pick_to_basket/evaluations/pi05_basket_fanta_robo_pi05_parallel_20261002_105333/96.mp4,238772,b56a497384eaa7b95361e7c12130931ffe9e552ff7ecbf9a04a2b1a7ed0ce487
demo_envs/pick_to_basket/evaluations/pi05_basket_fanta_train_pi05_parallel_20261002_105333/100.mp4,504950,3fefe0ebc6f64431bc6f7ec49e6478de9aa50d1e8eaaba75fd5ce80ab51b2ccc
demo_envs/pick_to_basket/evaluations/pi05_basket_fanta_train_pi05_parallel_20261002_105333/104.mp4,470586,7bd27baeb88547694026eb74845d6d386cace589631a6bd950b13f5d5750e8b2
demo_envs/pick_to_basket/evaluations/pi05_basket_fanta_train_pi05_parallel_20261002_105333/108.mp4,463842,895a8a1bb64cbc1679f77ea63db044f3cd035ab03c38724e4372e1a9cca3737d
demo_envs/pick_to_basket/evaluations/pi05_basket_fanta_train_pi05_parallel_20261002_105333/116.mp4,170015,52628f3bfbc81057581008608a9f5316805e819ef31496f89582204caf4122f1
demo_envs/pick_to_basket/evaluations/pi05_basket_fanta_train_pi05_parallel_20261002_105333/12.mp4,362330,57eb20c146e1d9ee50a1810c51d59bc0778c5bdb4f0ec155709aad733af40430
demo_envs/pick_to_basket/evaluations/pi05_basket_fanta_train_pi05_parallel_20261002_105333/120.mp4,420220,10f8a6f2ff35d8c8158041dfa777fcf31f035d24ad195e2a10e600a9bae45685
demo_envs/pick_to_basket/evaluations/pi05_basket_fanta_train_pi05_parallel_20261002_105333/124.mp4,467054,45ff92af31cc0a4dded7565b3b65c9d3c78bc1663b1ff46159f5293b0bd08c0f
demo_envs/pick_to_basket/evaluations/pi05_basket_fanta_train_pi05_parallel_20261002_105333/128.mp4,174106,d097e36e9c036a9fbb70717bd719dac046f9a05e1d88d4286ccd4d6a42d00ac8
demo_envs/pick_to_basket/evaluations/pi05_basket_fanta_train_pi05_parallel_20261002_105333/132.mp4,357978,912bf1457eb6a2884eee9cea7743e4c8a281214cff7d63374899d0e7b23596d5
demo_envs/pick_to_basket/evaluations/pi05_basket_fanta_train_pi05_parallel_20261002_105333/136.mp4,438432,71d8f13d871c3d8589ccdf52eaac75f6316009aa5471d0045648239f6d35d145
demo_envs/pick_to_basket/evaluations/pi05_basket_fanta_train_pi05_parallel_20261002_105333/140.mp4,400804,0961297672b494234de97c962d5702495ed0689261d9aead55db96c546be9259
demo_envs/pick_to_basket/evaluations/pi05_basket_fanta_train_pi05_parallel_20261002_105333/148.mp4,434345,ff59830554b8d32cb09caa4790346f7f9f76466b4dfdcbb01e8da78666d30d51
demo_envs/pick_to_basket/evaluations/pi05_basket_fanta_train_pi05_parallel_20261002_105333/152.mp4,421941,027d57057e274cd909393ba53f4527d6dd9e7cec06fbc5d5483f48f9abafaf53
demo_envs/pick_to_basket/evaluations/pi05_basket_fanta_train_pi05_parallel_20261002_105333/16.mp4,462708,8a056d047d8a6511f5a7ffa09bd02c383d4b0ff4ceef3092d49829fd33e10292
demo_envs/pick_to_basket/evaluations/pi05_basket_fanta_train_pi05_parallel_20261002_105333/20.mp4,367392,bfa80f69e140f7754bd7c715930bd929c13eee7338755b1b109a36e938119a16
demo_envs/pick_to_basket/evaluations/pi05_basket_fanta_train_pi05_parallel_20261002_105333/20261002_054849.h5,800,26c4d449632ea072317c16e9d4857e419b67e1b7751f81a89a87c8e75fe9484e
demo_envs/pick_to_basket/evaluations/pi05_basket_fanta_train_pi05_parallel_20261002_105333/20261002_054849.json,1187,d35be8842088796595a50ebb9dc83be4eac596c903c946524373d55b61c846bc
demo_envs/pick_to_basket/evaluations/pi05_basket_fanta_train_pi05_parallel_20261002_105333/24.mp4,428417,f3d3b0863c22c07cff507860a117c0f2b2de925dbe40c6b1204fc84f48061f2c
demo_envs/pick_to_basket/evaluations/pi05_basket_fanta_train_pi05_parallel_20261002_105333/28.mp4,320520,200149c02c2b8c85e4f22c648269aa0fa7bc5523dec7e9fe4716be093579bf56
demo_envs/pick_to_basket/evaluations/pi05_basket_fanta_train_pi05_parallel_20261002_105333/32.mp4,475831,82d26748a69bb18d7bb1e613a6ea6a0aef7d6f286413e418bea0a8b64c593976
demo_envs/pick_to_basket/evaluations/pi05_basket_fanta_train_pi05_parallel_20261002_105333/36.mp4,395817,f4fe7f3ebe2f7a27e7e9d5e47a8d2d3812e7448db3fe4c742063ecc02772cc27
demo_envs/pick_to_basket/evaluations/pi05_basket_fanta_train_pi05_parallel_20261002_105333/4.mp4,422569,6467dcc2e110f81d0e72fae0378275f6246beb2d993e869ae94f29b074b908c2
demo_envs/pick_to_basket/evaluations/pi05_basket_fanta_train_pi05_parallel_20261002_105333/40.mp4,268976,0e1e1055b3a52f49cdb5e59a9b731c0886755c88297d3d86308109f784931e17
demo_envs/pick_to_basket/evaluations/pi05_basket_fanta_train_pi05_parallel_20261002_105333/44.mp4,463701,a41e330fe2026fce55c50853fba451964dd08b19e37c54fb3601aa564f1835a3
demo_envs/pick_to_basket/evaluations/pi05_basket_fanta_train_pi05_parallel_20261002_105333/52.mp4,449054,83d49bbaccefe51d025c732eff927c4b383b64e6c8f0f55b6ef8b1759644785a
demo_envs/pick_to_basket/evaluations/pi05_basket_fanta_train_pi05_parallel_20261002_105333/56.mp4,343392,a0518c2ef606575d15e3085f0208b9e786a8918cbd3962610e0d226d83bbb58b
demo_envs/pick_to_basket/evaluations/pi05_basket_fanta_train_pi05_parallel_20261002_105333/72.mp4,458194,8cfc1d85ab55191de9e5afc123d964533341b8d6bc54d7f4a104c508eb829803
demo_envs/pick_to_basket/evaluations/pi05_basket_fanta_train_pi05_parallel_20261002_105333/76.mp4,473434,4c89bfdf4a53492902c84943701f484fe35308147337dda6666ee852768f7212
demo_envs/pick_to_basket/evaluations/pi05_basket_fanta_train_pi05_parallel_20261002_105333/8.mp4,440363,1705e49df6410565d0d9624d0d6e3270f29aa52becb1448ea39b8589e83c5541
demo_envs/pick_to_basket/evaluations/pi05_basket_fanta_train_pi05_parallel_20261002_105333/80.mp4,397218,76c8a546a991d6232d178bf18b81e6d5cd08c78143e2bddad7e4bc49c1e9a872
demo_envs/pick_to_basket/evaluations/pi05_basket_fanta_train_pi05_parallel_20261002_105333/88.mp4,412290,4fa871c4039798952f98ce4c59d38a80e0ca6bbfc793d59514d047e9b856b9f6
demo_envs/pick_to_basket/evaluations/pi05_basket_fanta_train_pi05_parallel_20261002_105333/96.mp4,272204,b1b15fc62919d60a7d5f46b62283d2fc16ebda9a3e89f6405b7c7f33f86a3c25
demo_envs/pick_to_basket/evaluations/pi05_basket_nivea_robo_pi05_parallel_20261002_105333/0.mp4,500871,38d74112a214ca315077020ea02a1925106dae62761e040cc75ac7432dffe86c
demo_envs/pick_to_basket/evaluations/pi05_basket_nivea_robo_pi05_parallel_20261002_105333/100.mp4,467660,d718848e8983e03018968eb6e8aa4ef8c5b46e33b4fa7f02dc280507c7a2ad25
demo_envs/pick_to_basket/evaluations/pi05_basket_nivea_robo_pi05_parallel_20261002_105333/108.mp4,431754,7d2547ddb77ce18239a4983cd686dda243a425021ade57a01e13a7f4bf86c275
demo_envs/pick_to_basket/evaluations/pi05_basket_nivea_robo_pi05_parallel_20261002_105333/116.mp4,167866,9394e085df1d33f5a051c2159c1b1a4696796e4216ffaf5f80e7d26de154c9bd
demo_envs/pick_to_basket/evaluations/pi05_basket_nivea_robo_pi05_parallel_20261002_105333/12.mp4,381516,0172b70fbad3e5550a03c56b3c620f7095a2795663694608d4af1aef3ff49a7a
demo_envs/pick_to_basket/evaluations/pi05_basket_nivea_robo_pi05_parallel_20261002_105333/120.mp4,414872,57e9ec42fc4f662db4039b93af24ce96ed48f89ea9bb9764aab1302fb9565835
demo_envs/pick_to_basket/evaluations/pi05_basket_nivea_robo_pi05_parallel_20261002_105333/124.mp4,439789,20701a87ed9d91a244e52ac26020b5bf36a0148bfa8c7a800d2a5cd095aa4672
demo_envs/pick_to_basket/evaluations/pi05_basket_nivea_robo_pi05_parallel_20261002_105333/128.mp4,173871,f25f46e77545da6b2332fcf963e1c006f4a2b418c7fbe5e3da12c568dc5bed62
demo_envs/pick_to_basket/evaluations/pi05_basket_nivea_robo_pi05_parallel_20261002_105333/132.mp4,341588,f7609193ff1de3718e05a25ffb0b074ea61a92057ea50a97d2fc40e255be87cc
demo_envs/pick_to_basket/evaluations/pi05_basket_nivea_robo_pi05_parallel_20261002_105333/136.mp4,453715,9481b07b6ee7149b7ca21174afa43956d4e5afd1c19646d9f16d56a9213a3fdd
demo_envs/pick_to_basket/evaluations/pi05_basket_nivea_robo_pi05_parallel_20261002_105333/140.mp4,432439,0863a8649dcd2413eef786881a63f35d1fcd6f2419a745332b323b5e74443785
demo_envs/pick_to_basket/evaluations/pi05_basket_nivea_robo_pi05_parallel_20261002_105333/20.mp4,355645,20d78bbc4c75abb3dd44e7e6e781a0121d6dff44855a9dfc7be5c6fcae120f20
demo_envs/pick_to_basket/evaluations/pi05_basket_nivea_robo_pi05_parallel_20261002_105333/20261002_080454.h5,800,26c4d449632ea072317c16e9d4857e419b67e1b7751f81a89a87c8e75fe9484e
demo_envs/pick_to_basket/evaluations/pi05_basket_nivea_robo_pi05_parallel_20261002_105333/20261002_080454.json,1190,66ae977bf45a45f8e9debced11dd61fa301432293ffcf8a83b762bb030eee608
demo_envs/pick_to_basket/evaluations/pi05_basket_nivea_robo_pi05_parallel_20261002_105333/24.mp4,441878,035e038a2376c04ed4b46b2e02d86d00c3397702fc6207d8a6da1a57ab675a7b
demo_envs/pick_to_basket/evaluations/pi05_basket_nivea_robo_pi05_parallel_20261002_105333/32.mp4,445537,8e9ce33bdf4e1fa67a4139140f9ec3319c9fefd64b5ddc024eaccd6286a0bac7
demo_envs/pick_to_basket/evaluations/pi05_basket_nivea_robo_pi05_parallel_20261002_105333/36.mp4,402668,011156859d04c503916e57f1f8eaaea06aeda0a13a4fd07977ea163257e1f080
demo_envs/pick_to_basket/evaluations/pi05_basket_nivea_robo_pi05_parallel_20261002_105333/4.mp4,445635,997dc7249d578546391037183f20e366dc978ae6f450a6b015b5f9e1abfa2766
demo_envs/pick_to_basket/evaluations/pi05_basket_nivea_robo_pi05_parallel_20261002_105333/40.mp4,246591,2e4dcfedb21095d791edf4f8a08ddc9ed4ef24fa68d0c6731f3693181060ba6c
demo_envs/pick_to_basket/evaluations/pi05_basket_nivea_robo_pi05_parallel_20261002_105333/44.mp4,438948,da2e1c38ce1e09f9cb7f5564ab4d7cf887244995d99e5d7b4dd32c4abab25a62
demo_envs/pick_to_basket/evaluations/pi05_basket_nivea_robo_pi05_parallel_20261002_105333/48.mp4,460266,bb587f51bf1126e4e8a3b36657409d27cab9432116abcbc3a8ef2bd315d8e268
demo_envs/pick_to_basket/evaluations/pi05_basket_nivea_robo_pi05_parallel_20261002_105333/52.mp4,441201,37ac5a4ff8c66d1941cf3553ff15dd3a683d8a38f98d7f098d17f33e93c101eb
demo_envs/pick_to_basket/evaluations/pi05_basket_nivea_robo_pi05_parallel_20261002_105333/56.mp4,325139,e0b7e70ef0ad2102891d480b8e3f3bbe627762ff17772490f4eaff5bcea275fa
demo_envs/pick_to_basket/evaluations/pi05_basket_nivea_robo_pi05_parallel_20261002_105333/60.mp4,445568,9caec777f4035082f672ec9654c2410d44af83b91da541cc334b2231895dccbb
demo_envs/pick_to_basket/evaluations/pi05_basket_nivea_robo_pi05_parallel_20261002_105333/64.mp4,369940,78383c8e382e7d4aa11d419d4ff470a841eedcb6c27b22b2d858c7df3be518cc
demo_envs/pick_to_basket/evaluations/pi05_basket_nivea_robo_pi05_parallel_20261002_105333/72.mp4,458687,86f75c1ef9bf636f7a29eafbf011de5201bad1f949a3efc8b805673a3c4840b3
demo_envs/pick_to_basket/evaluations/pi05_basket_nivea_robo_pi05_parallel_20261002_105333/8.mp4,396815,7cefe003526990657363835756343a46eb48fd15197fce8a5f91b69da32763cc
demo_envs/pick_to_basket/evaluations/pi05_basket_nivea_robo_pi05_parallel_20261002_105333/80.mp4,380376,d4cdae77633e61d1c85616772a123b1e0be42ea635921b2979940231f5283460
demo_envs/pick_to_basket/evaluations/pi05_basket_nivea_robo_pi05_parallel_20261002_105333/84.mp4,484437,909583ac8cf5a6aa8d721a543d5683b60ffbc04d47fbc3d1a5573c00d2614d5d
demo_envs/pick_to_basket/evaluations/pi05_basket_nivea_robo_pi05_parallel_20261002_105333/88.mp4,394951,3b94bc8f6e47f633c7ee2fffc331c2dc3c041e39f150930c69514c4383a53b72
demo_envs/pick_to_basket/evaluations/pi05_basket_nivea_robo_pi05_parallel_20261002_105333/92.mp4,405341,c6b6000a1a3c031b9ea6700cdc5363722016f1e49b16708b99b1fffbc9941fe1
demo_envs/pick_to_basket/evaluations/pi05_basket_nivea_robo_pi05_parallel_20261002_105333/96.mp4,251461,8a8b4625938a65bc31959d2f0959356dab56e89a6d2840970431e1154fe1d0b9
demo_envs/pick_to_basket/evaluations/pi05_basket_nivea_train_pi05_parallel_20261002_105333/0.mp4,457870,b331c97499f8ef7c4775637daf190ab1fea34b89c27d48258b2656c8a1838cfd
demo_envs/pick_to_basket/evaluations/pi05_basket_nivea_train_pi05_parallel_20261002_105333/100.mp4,479108,5699065baa83a2e9edce1341b0e0abba992da3bc107f6b3dd4a4e764eefeb89f
demo_envs/pick_to_basket/evaluations/pi05_basket_nivea_train_pi05_parallel_20261002_105333/108.mp4,432997,f2b77b714ef7857e612b03773c5e625665002143c89fbe70a4fa2b294d14840d
demo_envs/pick_to_basket/evaluations/pi05_basket_nivea_train_pi05_parallel_20261002_105333/116.mp4,169945,999042165614df1dd3704e91db1e5fc07ef0e59cd370eb1d15a86a899b805347
demo_envs/pick_to_basket/evaluations/pi05_basket_nivea_train_pi05_parallel_20261002_105333/12.mp4,345784,5e424e7cff353f2bfc978992979d8288c47b4484cbcfdf706fb70a519f0a882d
demo_envs/pick_to_basket/evaluations/pi05_basket_nivea_train_pi05_parallel_20261002_105333/120.mp4,426658,12c185548634923c5d2b0c42eb54eae5433cec4657153cf0dbc84e4905765c04
demo_envs/pick_to_basket/evaluations/pi05_basket_nivea_train_pi05_parallel_20261002_105333/124.mp4,445436,2bd53e8fc3f14cd613866fbb47ceedb6273fed74bd73b3e59f776b1a6c78c1f9
demo_envs/pick_to_basket/evaluations/pi05_basket_nivea_train_pi05_parallel_20261002_105333/128.mp4,174106,d097e36e9c036a9fbb70717bd719dac046f9a05e1d88d4286ccd4d6a42d00ac8
demo_envs/pick_to_basket/evaluations/pi05_basket_nivea_train_pi05_parallel_20261002_105333/132.mp4,365103,640912c2e09749e807fb475135ef9ab283d34ac92333e8fa0db65201500f007d
demo_envs/pick_to_basket/evaluations/pi05_basket_nivea_train_pi05_parallel_20261002_105333/136.mp4,428583,b7df8d116e2720e1b237163ae910dcf1d833dd5c252154d636bf8b5510b6666d
demo_envs/pick_to_basket/evaluations/pi05_basket_nivea_train_pi05_parallel_20261002_105333/140.mp4,400292,a94b7c21c6eb8af1c6c299fe160296b71eb02005e376577d4f1c39e7b5d08301
demo_envs/pick_to_basket/evaluations/pi05_basket_nivea_train_pi05_parallel_20261002_105333/20.mp4,365318,00430ea7660f965cf3d5dc766ac2704daf5837bdf9474f897089ad2229bf7775
demo_envs/pick_to_basket/evaluations/pi05_basket_nivea_train_pi05_parallel_20261002_105333/20261002_061616.h5,800,26c4d449632ea072317c16e9d4857e419b67e1b7751f81a89a87c8e75fe9484e
demo_envs/pick_to_basket/evaluations/pi05_basket_nivea_train_pi05_parallel_20261002_105333/20261002_061616.json,1190,66ae977bf45a45f8e9debced11dd61fa301432293ffcf8a83b762bb030eee608
demo_envs/pick_to_basket/evaluations/pi05_basket_nivea_train_pi05_parallel_20261002_105333/24.mp4,449483,e8b0b68ff6d6cdfb385355e0abed90cbe7d3e0140c984329fabd6108dc261142
demo_envs/pick_to_basket/evaluations/pi05_basket_nivea_train_pi05_parallel_20261002_105333/32.mp4,457913,7ade4fc0109fe47b0b6acad61c3c9c907a7251d9886a3bbbc839a5fe6013a475
demo_envs/pick_to_basket/evaluations/pi05_basket_nivea_train_pi05_parallel_20261002_105333/36.mp4,402938,6c3780e25e82c50b12173e20710026642b931ff3e3a9a3ce5719491aaeacbb8a
demo_envs/pick_to_basket/evaluations/pi05_basket_nivea_train_pi05_parallel_20261002_105333/4.mp4,442450,14a3e437ef6f7455be11cb8284ac978fa40e74823edad27fd06a5328c461f573
demo_envs/pick_to_basket/evaluations/pi05_basket_nivea_train_pi05_parallel_20261002_105333/40.mp4,262152,c2a59d60f5c155a3a06085df28e1229bb290264793b04f27c53d22841dd2acd5
demo_envs/pick_to_basket/evaluations/pi05_basket_nivea_train_pi05_parallel_20261002_105333/44.mp4,437981,ec10055a7d70242cbc9630a985ee34e3886958bb2ef3f074a09041c3a65eeeff
demo_envs/pick_to_basket/evaluations/pi05_basket_nivea_train_pi05_parallel_20261002_105333/48.mp4,445779,0bc380e71576ff960af7a76517c8be66d3abec56b0094981fd7dfcaf69fffc30
demo_envs/pick_to_basket/evaluations/pi05_basket_nivea_train_pi05_parallel_20261002_105333/52.mp4,475733,95662e8efa7903f3c99e227b097bed0455eb2de96f7a72478e1316ae4246c785
demo_envs/pick_to_basket/evaluations/pi05_basket_nivea_train_pi05_parallel_20261002_105333/56.mp4,343868,1522728b3db803057cd3645a498d53518b9fdfa897bfdace4fd9e293693955bf
demo_envs/pick_to_basket/evaluations/pi05_basket_nivea_train_pi05_parallel_20261002_105333/60.mp4,452758,dd7a5575ec7c8f1b580c1381ceb85bc8e91becf7cb31ff508c7cf4f978272a9f
demo_envs/pick_to_basket/evaluations/pi05_basket_nivea_train_pi05_parallel_20261002_105333/64.mp4,368042,96dd81115deb63fab0622e044b844b3c780c0ae0625f9862161636c57164f048
demo_envs/pick_to_basket/evaluations/pi05_basket_nivea_train_pi05_parallel_20261002_105333/72.mp4,415262,65b3aab287c6475805339ec1b122b041bafeb93b922269d765a04dfb795a264b
demo_envs/pick_to_basket/evaluations/pi05_basket_nivea_train_pi05_parallel_20261002_105333/8.mp4,412972,e842f75ef1c6316b8cb9c2ede8a11c78f119c55dc97f3f18151c2b24afc7159d
demo_envs/pick_to_basket/evaluations/pi05_basket_nivea_train_pi05_parallel_20261002_105333/80.mp4,391707,eb1bd72aeafd6ba5383229d9a4a06175ad4e0ff6683dd8843cb9fe5b44afb9a9
demo_envs/pick_to_basket/evaluations/pi05_basket_nivea_train_pi05_parallel_20261002_105333/84.mp4,479883,6b1df1df64117b0999d14ad5478aa26e471af4a8d85272e11b36552f7f467eb5
demo_envs/pick_to_basket/evaluations/pi05_basket_nivea_train_pi05_parallel_20261002_105333/88.mp4,383278,364fd6c1d1febe7a3046809ab24e40e410368ae62e0b5ab1d7b2343119fcd480
demo_envs/pick_to_basket/evaluations/pi05_basket_nivea_train_pi05_parallel_20261002_105333/92.mp4,429476,f76146e8f0e55a9710adb40944844a840dcd7dd422533d6e60a7232e86396309
demo_envs/pick_to_basket/evaluations/pi05_basket_nivea_train_pi05_parallel_20261002_105333/96.mp4,264567,d2ca05aa25e51a9ad77458906499dcff447cc8af408d95dbbe9c1c8e8a063806
demo_envs/pick_to_basket/evaluations/pi05_basket_stars_robo_pi05_parallel_20261002_105333/0.mp4,502393,1724bddda5252a6e94a3277a7827722e7d9a1b254fcfe88f4d1d538378d49090
demo_envs/pick_to_basket/evaluations/pi05_basket_stars_robo_pi05_parallel_20261002_105333/104.mp4,455025,715a7e3781ba980ea563f2e22af6e733a3722d82c52f24ac5cb8e7350de38ebb
demo_envs/pick_to_basket/evaluations/pi05_basket_stars_robo_pi05_parallel_20261002_105333/108.mp4,422130,c241667912df40dcf85bb635fac6de06558c06468ab850cead456bfbff2d59eb
demo_envs/pick_to_basket/evaluations/pi05_basket_stars_robo_pi05_parallel_20261002_105333/116.mp4,167941,8e036cb6fdf15192958384a893da5e5a8a201cea04ba5ddfa368d26e44707101
demo_envs/pick_to_basket/evaluations/pi05_basket_stars_robo_pi05_parallel_20261002_105333/120.mp4,418336,91c35b30990c5b7cddc9607bd86eff6acf9bfa1138780af1b24ba4f725d8e17d
demo_envs/pick_to_basket/evaluations/pi05_basket_stars_robo_pi05_parallel_20261002_105333/124.mp4,426241,95fcf893823bac3b92019c5c700bf22751516de44b4346b81a49eb9563cbe50a
demo_envs/pick_to_basket/evaluations/pi05_basket_stars_robo_pi05_parallel_20261002_105333/128.mp4,174106,d097e36e9c036a9fbb70717bd719dac046f9a05e1d88d4286ccd4d6a42d00ac8
demo_envs/pick_to_basket/evaluations/pi05_basket_stars_robo_pi05_parallel_20261002_105333/132.mp4,367156,931393acf11eb107f2e8bbf6ad7e91e067e653bc81fe7f733f686b81c6a7d500
demo_envs/pick_to_basket/evaluations/pi05_basket_stars_robo_pi05_parallel_20261002_105333/136.mp4,437757,4b9621e4369ced0f4cfb829fe9ccf941ca1c462c396212e1a396a82b4faa184d
demo_envs/pick_to_basket/evaluations/pi05_basket_stars_robo_pi05_parallel_20261002_105333/140.mp4,419303,c32fdff32b9a93e22fea0df836008164904757caab98ecc4ceaeac6b0f079eea
demo_envs/pick_to_basket/evaluations/pi05_basket_stars_robo_pi05_parallel_20261002_105333/144.mp4,396301,cdf9533a8065e3f18ee6b9ed14e3d0519b0b193e7c606757969202d1861f13cd
demo_envs/pick_to_basket/evaluations/pi05_basket_stars_robo_pi05_parallel_20261002_105333/152.mp4,468629,8215fdd7a4182ae353bd39691e2fceb14f3a8fc90871573d67df7b59d20a35e3
demo_envs/pick_to_basket/evaluations/pi05_basket_stars_robo_pi05_parallel_20261002_105333/156.mp4,424162,ed3c609bc993d92505330b0ab5b7af99a0ecc2804ee3b764e44d06cece99f8b6
demo_envs/pick_to_basket/evaluations/pi05_basket_stars_robo_pi05_parallel_20261002_105333/16.mp4,526677,38590733c25268dd29ea4c40fd55c70904ee58571ffe3855c90fff5c82c29251
demo_envs/pick_to_basket/evaluations/pi05_basket_stars_robo_pi05_parallel_20261002_105333/160.mp4,393800,8025351bb656291154e9105769dfe80ef143814e69aae618478fa1826b96c6b3
demo_envs/pick_to_basket/evaluations/pi05_basket_stars_robo_pi05_parallel_20261002_105333/168.mp4,478474,a70c5ffd444254899832ae9a6f8ffb533034c9e1f9b305828e6114f7f12b516b
demo_envs/pick_to_basket/evaluations/pi05_basket_stars_robo_pi05_parallel_20261002_105333/20.mp4,383038,4b2de1f2a8d48772e94df0f376b6e4d972eb3342e02789b9e6d81f32784e37f4
demo_envs/pick_to_basket/evaluations/pi05_basket_stars_robo_pi05_parallel_20261002_105333/20261002_074943.h5,800,26c4d449632ea072317c16e9d4857e419b67e1b7751f81a89a87c8e75fe9484e
demo_envs/pick_to_basket/evaluations/pi05_basket_stars_robo_pi05_parallel_20261002_105333/20261002_074943.json,1191,a05f3f0d06035a5b6a84a26ccb8b95e29cedc4e7e57c733bca52e3f4b7c98667
demo_envs/pick_to_basket/evaluations/pi05_basket_stars_robo_pi05_parallel_20261002_105333/28.mp4,405748,91368d636765b01a13f09970d37e08a8a8194c6aa4a0c908e8ae9759025b17b2
demo_envs/pick_to_basket/evaluations/pi05_basket_stars_robo_pi05_parallel_20261002_105333/36.mp4,360905,117031eadd85102e029f101b2d01728946fff823c46130bc4cf185ce434a20f0
demo_envs/pick_to_basket/evaluations/pi05_basket_stars_robo_pi05_parallel_20261002_105333/4.mp4,438731,d224fad076994bc8b369a3bfd938918bb75132df8aeae41ab0ed24cb9179a66e
demo_envs/pick_to_basket/evaluations/pi05_basket_stars_robo_pi05_parallel_20261002_105333/40.mp4,271904,66132f45bb18ccfdf988943d4ec8fa145dbfe67330ff2c30a9de5f654ae694e8
demo_envs/pick_to_basket/evaluations/pi05_basket_stars_robo_pi05_parallel_20261002_105333/48.mp4,516133,0022818fe4ddeb3f71ba73f5748319f517868fe6b499d548fe36ecd25c5bb535
demo_envs/pick_to_basket/evaluations/pi05_basket_stars_robo_pi05_parallel_20261002_105333/60.mp4,436190,68bc6bfcdeb247258576fd9a6f9e3e995f7fb75e724908d6471767e1141dfbe9
demo_envs/pick_to_basket/evaluations/pi05_basket_stars_robo_pi05_parallel_20261002_105333/68.mp4,176866,76a7b1b0d59079d43f04b09398fe18318841c11e5b4dea340ec1ae1817b3390f
demo_envs/pick_to_basket/evaluations/pi05_basket_stars_robo_pi05_parallel_20261002_105333/76.mp4,517132,b8199e33e60bbe498a74f8e88720aa6b1c19c73f2c2e8cf49e3b8d95b0f679c1
demo_envs/pick_to_basket/evaluations/pi05_basket_stars_robo_pi05_parallel_20261002_105333/8.mp4,475984,2426804c65f0f1c7e08492c72e672f51750feb63da47aeec1c45aa60feea46d1
demo_envs/pick_to_basket/evaluations/pi05_basket_stars_robo_pi05_parallel_20261002_105333/84.mp4,524201,c1a5ec26779a3f12cb8a3a0655c6b6a5189432c035b7a1a7a5c078db48c8fc56
demo_envs/pick_to_basket/evaluations/pi05_basket_stars_robo_pi05_parallel_20261002_105333/88.mp4,413184,cd39bdae7ffcb89716d4031c20c9f955c81db77cee0a7bda9fc69a3fbcb1ce01
demo_envs/pick_to_basket/evaluations/pi05_basket_stars_robo_pi05_parallel_20261002_105333/92.mp4,444300,80e1ac33d5b571236bf332986bb5e2982a79f4f2b07f48896c560cb4466ad718
demo_envs/pick_to_basket/evaluations/pi05_basket_stars_robo_pi05_parallel_20261002_105333/96.mp4,273517,92cea945db0eb0537e243ff41b70113e1155b7be757df67e5d42d51193665245
demo_envs/pick_to_basket/evaluations/pi05_basket_stars_train_pi05_parallel_20261002_105333/0.mp4,461020,5c0ed6e5ef589c3bc51ab2cf05132f573cc70f8f8c8d4716064cef8ed86c3aee
demo_envs/pick_to_basket/evaluations/pi05_basket_stars_train_pi05_parallel_20261002_105333/104.mp4,460310,9d0f5132ad9105ad2855bc155cef6871ecfc04052efce27750d2e8735cfdc4ad
demo_envs/pick_to_basket/evaluations/pi05_basket_stars_train_pi05_parallel_20261002_105333/108.mp4,476364,481c3a5480e5e4a76c0764e1de40a4f5ea5e0b5b268947e72a2ac6b4724f7045
demo_envs/pick_to_basket/evaluations/pi05_basket_stars_train_pi05_parallel_20261002_105333/116.mp4,170498,f348e884425cb67cc76f231158236d73dd6735c583efaa960cac7e4a62d8f774
demo_envs/pick_to_basket/evaluations/pi05_basket_stars_train_pi05_parallel_20261002_105333/120.mp4,426038,6b08f96f9a8b3f555828d1385bfd2f715ca03b5bf2074cc3c5ea45fec3fc4426
demo_envs/pick_to_basket/evaluations/pi05_basket_stars_train_pi05_parallel_20261002_105333/124.mp4,425841,7c49d0ae2713359262ea2b0df47d64f98e4ed23132eb07630cc32415eeb1f517
demo_envs/pick_to_basket/evaluations/pi05_basket_stars_train_pi05_parallel_20261002_105333/128.mp4,174106,d097e36e9c036a9fbb70717bd719dac046f9a05e1d88d4286ccd4d6a42d00ac8
demo_envs/pick_to_basket/evaluations/pi05_basket_stars_train_pi05_parallel_20261002_105333/132.mp4,367166,e57a713882b200e0887b5eca738ad47bd207268944c157ab343b548355e5ea00
demo_envs/pick_to_basket/evaluations/pi05_basket_stars_train_pi05_parallel_20261002_105333/136.mp4,434044,6cb2fc79141fd28832c079ee6754d5551b35b02eb11f84b2a54a54b0889afc33
demo_envs/pick_to_basket/evaluations/pi05_basket_stars_train_pi05_parallel_20261002_105333/140.mp4,419616,78a2278c7b46ff95fa0744cac44496665e11936851ac16512e325380b8b3e4b9
demo_envs/pick_to_basket/evaluations/pi05_basket_stars_train_pi05_parallel_20261002_105333/144.mp4,391835,015b97d90b0dfb3f377967015ceaa89ff91f699a477a57c383b503613784bcec
demo_envs/pick_to_basket/evaluations/pi05_basket_stars_train_pi05_parallel_20261002_105333/152.mp4,435119,b9c5da5f41c26bb40ca5c6c8ae5b3949da3172e63425eedda5bd00f30894f2f3
demo_envs/pick_to_basket/evaluations/pi05_basket_stars_train_pi05_parallel_20261002_105333/156.mp4,425937,2cecb9988e260262c23a5e798b6f6cbc054515e33c2fbcc658c91557db41f43d
demo_envs/pick_to_basket/evaluations/pi05_basket_stars_train_pi05_parallel_20261002_105333/16.mp4,486622,26d328a377327d63daefb795e526d4af1a7930301fdf154fc2a87be3985cd748
demo_envs/pick_to_basket/evaluations/pi05_basket_stars_train_pi05_parallel_20261002_105333/160.mp4,384046,51377925ad069d7fd341957da747f38a42b3311825da1731a8f8a5dbe45f634f
demo_envs/pick_to_basket/evaluations/pi05_basket_stars_train_pi05_parallel_20261002_105333/168.mp4,480088,27ead4294b9eaa1936556d6c4675ee908c8c7afad9881b9c0b75d8303654d0fb
demo_envs/pick_to_basket/evaluations/pi05_basket_stars_train_pi05_parallel_20261002_105333/20.mp4,381468,0c0341c725d86d4befdb60769cb499459a5f8a3279960ca2ec9b65295ee84cb0
demo_envs/pick_to_basket/evaluations/pi05_basket_stars_train_pi05_parallel_20261002_105333/20261002_051652.h5,800,26c4d449632ea072317c16e9d4857e419b67e1b7751f81a89a87c8e75fe9484e
demo_envs/pick_to_basket/evaluations/pi05_basket_stars_train_pi05_parallel_20261002_105333/20261002_051652.json,1191,a05f3f0d06035a5b6a84a26ccb8b95e29cedc4e7e57c733bca52e3f4b7c98667
demo_envs/pick_to_basket/evaluations/pi05_basket_stars_train_pi05_parallel_20261002_105333/28.mp4,323794,ea64d11f766fe905cc3f1a87984d76887870aed40115cb9f9740241edf1a8176
demo_envs/pick_to_basket/evaluations/pi05_basket_stars_train_pi05_parallel_20261002_105333/36.mp4,388381,edacf8ba24af330378da5a0fcd320e75143b2e9202aa9ddb4916266169b44e0c
demo_envs/pick_to_basket/evaluations/pi05_basket_stars_train_pi05_parallel_20261002_105333/4.mp4,488069,7dd4a3f3c8fd9f3868b2088aa352877d630f713b76968c8c2469fc47205c6845
demo_envs/pick_to_basket/evaluations/pi05_basket_stars_train_pi05_parallel_20261002_105333/40.mp4,270731,407ec63bfff505551446ee170f2aadcfa79c1e87c12968a951e2f3a34f189579
demo_envs/pick_to_basket/evaluations/pi05_basket_stars_train_pi05_parallel_20261002_105333/48.mp4,495493,0ca6c7c537c90fc3de8c71cd3f575ea8be493c816784ae97c63a450af42832da
demo_envs/pick_to_basket/evaluations/pi05_basket_stars_train_pi05_parallel_20261002_105333/60.mp4,437909,7ae49d168bd3896e46e54be5b0d0e7d0c31caf491cb803825bd360cfc49a9ac4
demo_envs/pick_to_basket/evaluations/pi05_basket_stars_train_pi05_parallel_20261002_105333/68.mp4,177454,6f07e87bc3969b8eb6d06d7d78147d38a2833d01f9f83c59a20f306cf15da853
demo_envs/pick_to_basket/evaluations/pi05_basket_stars_train_pi05_parallel_20261002_105333/76.mp4,481707,16fc28fda988565cb0bf31cfdbebfd41a726f70ff4d213760ef4f4f0f174c44e
demo_envs/pick_to_basket/evaluations/pi05_basket_stars_train_pi05_parallel_20261002_105333/8.mp4,399796,5b13f14876a55447d24f1d0187dfe0a94eb459830f12c10ae15ac1fee9210fd3
demo_envs/pick_to_basket/evaluations/pi05_basket_stars_train_pi05_parallel_20261002_105333/84.mp4,516852,7132503d01fb02e09baf2c33bc4fbeb88cc100b3a01009d0815eff79bbfea746
demo_envs/pick_to_basket/evaluations/pi05_basket_stars_train_pi05_parallel_20261002_105333/88.mp4,427965,9f2295c37bf9c51d4c8d16589ccfe5a4eb929844b296881d8c0c5a1737b574fa
demo_envs/pick_to_basket/evaluations/pi05_basket_stars_train_pi05_parallel_20261002_105333/92.mp4,459856,527f8c92aa09b1343b8fa00befede3265801d721670cdad3e5e874560567201f
demo_envs/pick_to_basket/evaluations/pi05_basket_stars_train_pi05_parallel_20261002_105333/96.mp4,264880,5ba1a5da66d350daae6810731aa8f38c03386bca9a49da6aeb27e73e250f2a65
demo_envs/test_unseen_items_move_from_board_to_board_fanta/evaluations/pi05_board_fanta_ood_pi05_parallel_20261002_105333/20261002_104458.h5,800,26c4d449632ea072317c16e9d4857e419b67e1b7751f81a89a87c8e75fe9484e
demo_envs/test_unseen_items_move_from_board_to_board_fanta/evaluations/pi05_board_fanta_ood_pi05_parallel_20261002_105333/20261002_104458.json,1195,82d142cb6a928a185b79fb564a49db0333ad5ab56bc17826bac6f7d9a136a369
demo_envs/test_unseen_items_move_from_board_to_board_fanta/evaluations/pi05_board_fanta_ood_pi05_parallel_20261002_105333/42000.mp4,636290,b56b2ffc25403bc989c2f8602d18e9f75b69059c193cbb3203b928ce375d3582
demo_envs/test_unseen_items_move_from_board_to_board_fanta/evaluations/pi05_board_fanta_ood_pi05_parallel_20261002_105333/42001.mp4,526986,9c63092e12e1432323ddd9d76131cc4769730026c9b380fba9a681234a553ac8
demo_envs/test_unseen_items_move_from_board_to_board_fanta/evaluations/pi05_board_fanta_ood_pi05_parallel_20261002_105333/42002.mp4,171753,4ee31770306a076a59380dab1ad74e96c4343b328722a2db2ee2deda76218c07
demo_envs/test_unseen_items_move_from_board_to_board_fanta/evaluations/pi05_board_fanta_ood_pi05_parallel_20261002_105333/42003.mp4,479090,0b11edac28956972e125d8fc86f38af7876dac30f860a8cc0f148ce147dcf61f
demo_envs/test_unseen_items_move_from_board_to_board_fanta/evaluations/pi05_board_fanta_ood_pi05_parallel_20261002_105333/42004.mp4,519074,f8b7704043aa245df79e3b2391392be90d7e8725642f325e9743e15c2236d4a7
demo_envs/test_unseen_items_move_from_board_to_board_fanta/evaluations/pi05_board_fanta_ood_pi05_parallel_20261002_105333/42005.mp4,239960,7365b102d9e7049d35f0e045655bf21852e2088039f4eb25318c18255183295f
demo_envs/test_unseen_items_move_from_board_to_board_fanta/evaluations/pi05_board_fanta_ood_pi05_parallel_20261002_105333/42006.mp4,378301,c0a29eaea3bbe71b170e9fd421c4a09e3419f5e7be1a92432b2d01b375d4aeaf
demo_envs/test_unseen_items_move_from_board_to_board_fanta/evaluations/pi05_board_fanta_ood_pi05_parallel_20261002_105333/42007.mp4,762433,5b2a56148ea51d9eda9bf7fbd33d381d353f5627cd3d89349c0ed1b2cf7f2011
demo_envs/test_unseen_items_move_from_board_to_board_fanta/evaluations/pi05_board_fanta_ood_pi05_parallel_20261002_105333/42008.mp4,584198,99113d65bf7708f55fa8c2a5dbb8c1da1951b93214e9b6933541646eb498bf7d
demo_envs/test_unseen_items_move_from_board_to_board_fanta/evaluations/pi05_board_fanta_ood_pi05_parallel_20261002_105333/42009.mp4,395103,3714124fb33ac287253e009817e842ef8110d7087bf6fac18cd9896446275425
demo_envs/test_unseen_items_move_from_board_to_board_fanta/evaluations/pi05_board_fanta_ood_pi05_parallel_20261002_105333/42010.mp4,820702,9566e59efb8b9910405174a642adfcf98fd82ae79c81ae99aa87af7920ffda08
demo_envs/test_unseen_items_move_from_board_to_board_fanta/evaluations/pi05_board_fanta_ood_pi05_parallel_20261002_105333/42011.mp4,763764,93b9edcd56beb530b35ff359d5cf7e4c10a8c2dc9d712337cc48b29e284a6b97
demo_envs/test_unseen_items_move_from_board_to_board_fanta/evaluations/pi05_board_fanta_ood_pi05_parallel_20261002_105333/42012.mp4,580805,b69f9e347154487c55d2376b59b181870d81648d4c887337d1706cba90c41326
demo_envs/test_unseen_items_move_from_board_to_board_fanta/evaluations/pi05_board_fanta_ood_pi05_parallel_20261002_105333/42013.mp4,260723,dcaebc7f9d21dc3a53f19509b891e7324aa518f23c8d9abdf8eba1a49a031e76
demo_envs/test_unseen_items_move_from_board_to_board_fanta/evaluations/pi05_board_fanta_ood_pi05_parallel_20261002_105333/42014.mp4,791723,20f91a15b6c3e1b24f3a8ac246abdd6a8562e01aeb1a38f2c004f3ad1773b075
demo_envs/test_unseen_items_move_from_board_to_board_fanta/evaluations/pi05_board_fanta_ood_pi05_parallel_20261002_105333/42015.mp4,919544,efc190a28982791e7b80461bf1ca170869656509dfa686c1dd681fb5d1b9e04d
demo_envs/test_unseen_items_move_from_board_to_board_fanta/evaluations/pi05_board_fanta_ood_pi05_parallel_20261002_105333/42016.mp4,226433,fdd4806b8d91ee2ff91a6881ee16be338eac7c2939e5bbb5c1eece42974772a2
demo_envs/test_unseen_items_move_from_board_to_board_fanta/evaluations/pi05_board_fanta_ood_pi05_parallel_20261002_105333/42017.mp4,714137,35588f96f18e3219ec720e04da90da209cc46c9f6fec71cc9f9840046bfb0c2e
demo_envs/test_unseen_items_move_from_board_to_board_fanta/evaluations/pi05_board_fanta_ood_pi05_parallel_20261002_105333/42018.mp4,580742,adb37bf4b52febb793a3aa2e93ba5894e8db342242c298fa01c21b32c3752476
demo_envs/test_unseen_items_move_from_board_to_board_fanta/evaluations/pi05_board_fanta_ood_pi05_parallel_20261002_105333/42019.mp4,485824,0e98f671003e54244fa097ce11925036c13ba6ea38477688fb8d2ea15ea4f8d0
demo_envs/test_unseen_items_move_from_board_to_board_fanta/evaluations/pi05_board_fanta_ood_pi05_parallel_20261002_105333/42020.mp4,218705,625eb34ae7ef6d0a55fcf31d22d5f55d3ab09479f89454f1fa9e1b78e20ac140
demo_envs/test_unseen_items_move_from_board_to_board_fanta/evaluations/pi05_board_fanta_ood_pi05_parallel_20261002_105333/42021.mp4,651666,e1cba64caa5fdc0d1fc6fa54a98de3d15648fa4da9c80a2fa8045247f437ef55
demo_envs/test_unseen_items_move_from_board_to_board_fanta/evaluations/pi05_board_fanta_ood_pi05_parallel_20261002_105333/42022.mp4,875525,3880215511c42bcb774122756fd467fad99544a055927825b815698872c64a9d
demo_envs/test_unseen_items_move_from_board_to_board_fanta/evaluations/pi05_board_fanta_ood_pi05_parallel_20261002_105333/42023.mp4,661055,3f8192ca39536bcb9aaa4bcee0ff969707158637b278ae63e06f927649d652a7
demo_envs/test_unseen_items_move_from_board_to_board_fanta/evaluations/pi05_board_fanta_ood_pi05_parallel_20261002_105333/42024.mp4,686233,a959f509d5e00ab39272c014df8c36129a1fb40c42271d976570794fb0f80f16
demo_envs/test_unseen_items_move_from_board_to_board_fanta/evaluations/pi05_board_fanta_ood_pi05_parallel_20261002_105333/42025.mp4,561140,0f7db09956b6e80290c659a6d612f4a5bb2324029ce5a6c47ea252deb34bb9ab
demo_envs/test_unseen_items_move_from_board_to_board_fanta/evaluations/pi05_board_fanta_ood_pi05_parallel_20261002_105333/42026.mp4,709111,8262239b5d95f3578c64bea57bc40bef5d30793a4398f77a9275b365894510a5
demo_envs/test_unseen_items_move_from_board_to_board_fanta/evaluations/pi05_board_fanta_ood_pi05_parallel_20261002_105333/42027.mp4,541061,8d1daf7dcc11c7232059ea4716b8bd3cf000f529d302213860f1e4b4520ed4e5
demo_envs/test_unseen_items_move_from_board_to_board_fanta/evaluations/pi05_board_fanta_ood_pi05_parallel_20261002_105333/42028.mp4,294641,7a0bddef564c22c334890c3816680d41a18fb75dda71cdc63b1f70e1707af989
demo_envs/test_unseen_items_move_from_board_to_board_fanta/evaluations/pi05_board_fanta_ood_pi05_parallel_20261002_105333/42029.mp4,618362,c714b6e9cb0f7ca229c6aa73010f71e51bd0cb5db57c606a5b8af461a39d0183
demo_envs/test_unseen_items_move_from_board_to_board_nivea/evaluations/pi05_board_nivea_ood_pi05_parallel_20261002_105333/20261002_105108.h5,800,26c4d449632ea072317c16e9d4857e419b67e1b7751f81a89a87c8e75fe9484e
demo_envs/test_unseen_items_move_from_board_to_board_nivea/evaluations/pi05_board_nivea_ood_pi05_parallel_20261002_105333/20261002_105108.json,1195,8099eceac56b2532b7ee776e7e264b3df915bc545a880068680e792ac41b3055
demo_envs/test_unseen_items_move_from_board_to_board_nivea/evaluations/pi05_board_nivea_ood_pi05_parallel_20261002_105333/42000.mp4,569146,fea8b5ceafd0b018398ab302e88af2f49099498bb26b3d5bcedfe325e42e44ac
demo_envs/test_unseen_items_move_from_board_to_board_nivea/evaluations/pi05_board_nivea_ood_pi05_parallel_20261002_105333/42001.mp4,510849,e0dac277b4592c678f3db4462fda42fc4936b4e4813233ce7d81963274ca388f
demo_envs/test_unseen_items_move_from_board_to_board_nivea/evaluations/pi05_board_nivea_ood_pi05_parallel_20261002_105333/42002.mp4,237165,6f5ab4b6a870d0c749eaa2c64dc16942ead6b7f4ff41e84c33b8be5225d43ba1
demo_envs/test_unseen_items_move_from_board_to_board_nivea/evaluations/pi05_board_nivea_ood_pi05_parallel_20261002_105333/42003.mp4,535995,163c2b2d39c2ebd5791cee1c3bb3a6a856918141f0725467bb82c9800600901b
demo_envs/test_unseen_items_move_from_board_to_board_nivea/evaluations/pi05_board_nivea_ood_pi05_parallel_20261002_105333/42004.mp4,501887,8d0fea91d2c5809ee46cf48e5c54ef20ba0dc88d3e8b7e509732f4686dded080
demo_envs/test_unseen_items_move_from_board_to_board_nivea/evaluations/pi05_board_nivea_ood_pi05_parallel_20261002_105333/42005.mp4,675539,c65b78827ea8573246d219e0399d4e5cce0886dbf34d6306a3ae9b7bae0dc006
demo_envs/test_unseen_items_move_from_board_to_board_nivea/evaluations/pi05_board_nivea_ood_pi05_parallel_20261002_105333/42006.mp4,583297,a54e7851dc0b6d128156493727727f4b2efdd329ce599bd3485d3bcbedcfb94b
demo_envs/test_unseen_items_move_from_board_to_board_nivea/evaluations/pi05_board_nivea_ood_pi05_parallel_20261002_105333/42007.mp4,664516,53064457f5026aa7b3b2c99c54a763ed0e817c90960c06335768ffd361701e4c
demo_envs/test_unseen_items_move_from_board_to_board_nivea/evaluations/pi05_board_nivea_ood_pi05_parallel_20261002_105333/42008.mp4,544434,d5765f0ae73fdc39d1270d186fddde0f42fae36ea9aeea7e9f7903435dd91cc5
demo_envs/test_unseen_items_move_from_board_to_board_nivea/evaluations/pi05_board_nivea_ood_pi05_parallel_20261002_105333/42009.mp4,448416,e8a0883faac587d5b219e336e62297d48e8f5c6d3a83428e8e26ae66bf68fad6
demo_envs/test_unseen_items_move_from_board_to_board_nivea/evaluations/pi05_board_nivea_ood_pi05_parallel_20261002_105333/42010.mp4,472222,303dcfa107b9662626d1faea146ef093d355edfb1c86ed404289c305f350392a
demo_envs/test_unseen_items_move_from_board_to_board_nivea/evaluations/pi05_board_nivea_ood_pi05_parallel_20261002_105333/42011.mp4,908704,dd86d713bf66a48a4f696acb3b1c24c27cc612b41b3291971d961503d5939a83
demo_envs/test_unseen_items_move_from_board_to_board_nivea/evaluations/pi05_board_nivea_ood_pi05_parallel_20261002_105333/42012.mp4,710556,ba68e9c56b0780b76758f83dda8faf1f1c2c4ef29cf8b502d52d49afe342d48a
demo_envs/test_unseen_items_move_from_board_to_board_nivea/evaluations/pi05_board_nivea_ood_pi05_parallel_20261002_105333/42013.mp4,648394,c8887c0423812c1388baf011eb0d8439b54613747af5a6b3acd3b104e0358eec
demo_envs/test_unseen_items_move_from_board_to_board_nivea/evaluations/pi05_board_nivea_ood_pi05_parallel_20261002_105333/42014.mp4,776286,050bcca77ea7526ebd0f941a482cb37145c482eff0f39869ff04b54536f0f17f
demo_envs/test_unseen_items_move_from_board_to_board_nivea/evaluations/pi05_board_nivea_ood_pi05_parallel_20261002_105333/42015.mp4,819162,4bb9fdfb7bca5548d2928c1c7179a9b1fe62b4a222cb8687e861a0639d9a6b20
demo_envs/test_unseen_items_move_from_board_to_board_nivea/evaluations/pi05_board_nivea_ood_pi05_parallel_20261002_105333/42016.mp4,802851,2b36cd20eca8c49c13719c4fba3aafbcc0e144f01978ab49fa88f09bb9c54334
demo_envs/test_unseen_items_move_from_board_to_board_nivea/evaluations/pi05_board_nivea_ood_pi05_parallel_20261002_105333/42017.mp4,587351,711917bdf3d5a99f6e02d12860573a9d3f2b48185d8617290e2c59c031c660cb
demo_envs/test_unseen_items_move_from_board_to_board_nivea/evaluations/pi05_board_nivea_ood_pi05_parallel_20261002_105333/42018.mp4,634178,2a44bb83aefb026796e9e59c0a6d77f1552a06af0cf920d815207b729a02ebd6
demo_envs/test_unseen_items_move_from_board_to_board_nivea/evaluations/pi05_board_nivea_ood_pi05_parallel_20261002_105333/42019.mp4,280156,953ed08bd02aa10188dace2d5099391e3be6a30e5c87276452412614d1aab9e9
demo_envs/test_unseen_items_move_from_board_to_board_nivea/evaluations/pi05_board_nivea_ood_pi05_parallel_20261002_105333/42020.mp4,821584,74a53e318e358e319ef814b56eee37228731bc73772441ddf82ea54c36c83296
demo_envs/test_unseen_items_move_from_board_to_board_nivea/evaluations/pi05_board_nivea_ood_pi05_parallel_20261002_105333/42021.mp4,728850,8634b9b6299a3f701b4a2dc3b790a392b53592e372265ec418936e1ab1632fa5
demo_envs/test_unseen_items_move_from_board_to_board_nivea/evaluations/pi05_board_nivea_ood_pi05_parallel_20261002_105333/42022.mp4,676649,2f46f061bf974c2e99f5cec43b63913ebdd30c17e39768e9d6fb9dff61e4a73b
demo_envs/test_unseen_items_move_from_board_to_board_nivea/evaluations/pi05_board_nivea_ood_pi05_parallel_20261002_105333/42023.mp4,637261,0a1f4d54d1246a6765783693944e5992fe7a1976c3ed7bf61fa315d4b68662c9
demo_envs/test_unseen_items_move_from_board_to_board_nivea/evaluations/pi05_board_nivea_ood_pi05_parallel_20261002_105333/42024.mp4,597828,7e73822058470fc1c7997a46f1d8ec11f2744117757b12cb290b4572e1141d84
demo_envs/test_unseen_items_move_from_board_to_board_nivea/evaluations/pi05_board_nivea_ood_pi05_parallel_20261002_105333/42025.mp4,270325,d5d107ce9990c2588c75361d1ee56960144eb0271730c62d266f8ec5d3a8da47
demo_envs/test_unseen_items_move_from_board_to_board_nivea/evaluations/pi05_board_nivea_ood_pi05_parallel_20261002_105333/42026.mp4,840282,15ccde183492ce468ce80f131d491222af3c04449e1b3639463f12845617f8af
demo_envs/test_unseen_items_move_from_board_to_board_nivea/evaluations/pi05_board_nivea_ood_pi05_parallel_20261002_105333/42027.mp4,468508,9651a1b045aacf0d500f5c2dd4686864c51b638d0d0ab738f67e1190b6060ea3
demo_envs/test_unseen_items_move_from_board_to_board_nivea/evaluations/pi05_board_nivea_ood_pi05_parallel_20261002_105333/42028.mp4,685273,fa8955b7521f1f36e63e9477ae5ac9859bc4f0c3e8bb69d347d41f6313103b57
demo_envs/test_unseen_items_move_from_board_to_board_nivea/evaluations/pi05_board_nivea_ood_pi05_parallel_20261002_105333/42029.mp4,643840,bfc6f8c5ea1beb99bb829f0ef4776621f37b0401383546c5b2fda765058327e9
demo_envs/test_unseen_items_pick_from_floor/evaluations/pi05_floor_duff_ood_pi05_parallel_20261002_105333/20261002_110239.h5,800,26c4d449632ea072317c16e9d4857e419b67e1b7751f81a89a87c8e75fe9484e
demo_envs/test_unseen_items_pick_from_floor/evaluations/pi05_floor_duff_ood_pi05_parallel_20261002_105333/20261002_110239.json,1170,93e0c8a1e1ff2d11ad0a2fafcfeed4a1554b2f5fef1be8a42e7c9cfffe10fea7
demo_envs/test_unseen_items_pick_from_floor/evaluations/pi05_floor_duff_ood_pi05_parallel_20261002_105333/42000.mp4,665150,4a99c569be3a39c586f4edb010b69cbc726a4165c971977fbfaa3bd02dde5f1c
demo_envs/test_unseen_items_pick_from_floor/evaluations/pi05_floor_duff_ood_pi05_parallel_20261002_105333/42001.mp4,649107,0f10ce6edaeeffa54f5ba12c3e5269915b18a05c3e37e0eeb4dfc81a47f161a9
demo_envs/test_unseen_items_pick_from_floor/evaluations/pi05_floor_duff_ood_pi05_parallel_20261002_105333/42002.mp4,617963,1a270fa908beaf6bfdb57667167118e9662aa46e01be97bcd95ada153065026c
demo_envs/test_unseen_items_pick_from_floor/evaluations/pi05_floor_duff_ood_pi05_parallel_20261002_105333/42003.mp4,629383,1d940977801ce73be04ff966bfd66744b7cdb802cfa6925e71bfa792c3533512
demo_envs/test_unseen_items_pick_from_floor/evaluations/pi05_floor_duff_ood_pi05_parallel_20261002_105333/42004.mp4,575846,a9fe3644732438b71eaba5997aadce9ab9f51f60a915752bce8771efede490a1
demo_envs/test_unseen_items_pick_from_floor/evaluations/pi05_floor_duff_ood_pi05_parallel_20261002_105333/42005.mp4,661103,6db21cba0e6b95a598718aa36ef3988ecaad905a4845973af609a2c21be55a9b
demo_envs/test_unseen_items_pick_from_floor/evaluations/pi05_floor_duff_ood_pi05_parallel_20261002_105333/42006.mp4,586257,8472fdddf5ebc643ef6ecee2707f71295e7c6d0da8dcb14716d9c89ffe3346ae
demo_envs/test_unseen_items_pick_from_floor/evaluations/pi05_floor_duff_ood_pi05_parallel_20261002_105333/42007.mp4,615698,7809358fba0ae334c6e231d65fe24d87f1e5e3afdfac621957f21fd4808b7d6d
demo_envs/test_unseen_items_pick_from_floor/evaluations/pi05_floor_duff_ood_pi05_parallel_20261002_105333/42008.mp4,688151,919741eb0a088560d42c3c0602e3a05ab1cf2b4f333db8ef34d538afe89731c7
demo_envs/test_unseen_items_pick_from_floor/evaluations/pi05_floor_duff_ood_pi05_parallel_20261002_105333/42009.mp4,528243,1bd85f8fa2c7b67f87975b0d794328359cf05a04a66077fd9a0cd17edcd175b9
demo_envs/test_unseen_items_pick_from_floor/evaluations/pi05_floor_duff_ood_pi05_parallel_20261002_105333/42010.mp4,563256,530c2623c1b733768b8abb6c6dbea3a624fb1de1c6fdd2b85e66c9722f28a127
demo_envs/test_unseen_items_pick_from_floor/evaluations/pi05_floor_duff_ood_pi05_parallel_20261002_105333/42011.mp4,863071,b2584a70b25d2fc1955f9d37f1d21aa7d924e26db23609e065802607e7c6c9e0
demo_envs/test_unseen_items_pick_from_floor/evaluations/pi05_floor_duff_ood_pi05_parallel_20261002_105333/42012.mp4,590825,53d1e9c87fa7a0da08536606600f64ce13095df7ab041bda7be7eb022bcc00df
demo_envs/test_unseen_items_pick_from_floor/evaluations/pi05_floor_duff_ood_pi05_parallel_20261002_105333/42013.mp4,227594,b31c46a49178dc1adc86e630ce2c9d938df9ac3ed5d3810a31da745f68cc2654
demo_envs/test_unseen_items_pick_from_floor/evaluations/pi05_floor_duff_ood_pi05_parallel_20261002_105333/42014.mp4,583399,ffb204faacbd197c4341c9f2bdfc14cfcdb0a7d7529463a0bba18b5e60fbbc39
demo_envs/test_unseen_items_pick_from_floor/evaluations/pi05_floor_duff_ood_pi05_parallel_20261002_105333/42015.mp4,888052,29f4bd54ce12438b213176b8836f20814ab0b1d083e787407e811e6e5ef47fbf
demo_envs/test_unseen_items_pick_from_floor/evaluations/pi05_floor_duff_ood_pi05_parallel_20261002_105333/42016.mp4,335043,8e6274f2bbdc3ff72062f7f2621b719aa48185ed58560c66ea0b1be446c81ee2
demo_envs/test_unseen_items_pick_from_floor/evaluations/pi05_floor_duff_ood_pi05_parallel_20261002_105333/42017.mp4,274166,77f68c2f6dc93aa95fdc667cdbe69823abb6765c59fda263d6d0ee0ae162f2d2
demo_envs/test_unseen_items_pick_from_floor/evaluations/pi05_floor_duff_ood_pi05_parallel_20261002_105333/42018.mp4,404389,9b34d1c4ac3279c9722a5af5ebff9c22d1183e84bedec46afcd75878c7e9cf5d
demo_envs/test_unseen_items_pick_from_floor/evaluations/pi05_floor_duff_ood_pi05_parallel_20261002_105333/42019.mp4,733236,ca8fc40cf7a9e93fc9c7dbc4094673fb548e0aae5c7edb9a5fd40e8c082d433f
demo_envs/test_unseen_items_pick_from_floor/evaluations/pi05_floor_duff_ood_pi05_parallel_20261002_105333/42020.mp4,306819,0f65deab69292693e534bc26c17a0cde635984cc79116ddffce658cd2747b8f5
demo_envs/test_unseen_items_pick_from_floor/evaluations/pi05_floor_duff_ood_pi05_parallel_20261002_105333/42021.mp4,597460,6887c1dbfbba93d96ebdd6cff44802b241a5cefd086a8debf1074991cdb92627
demo_envs/test_unseen_items_pick_from_floor/evaluations/pi05_floor_duff_ood_pi05_parallel_20261002_105333/42022.mp4,620169,4b57667ad9f3dab83a964340e45596eacb0929d17a7017d349f58bf74e13dbdd
demo_envs/test_unseen_items_pick_from_floor/evaluations/pi05_floor_duff_ood_pi05_parallel_20261002_105333/42023.mp4,657677,c3413f12c4f48abdf9befebfe30afb275bf4b36ee3774a32a138c0cea5d28390
demo_envs/test_unseen_items_pick_from_floor/evaluations/pi05_floor_duff_ood_pi05_parallel_20261002_105333/42024.mp4,694275,253dacae18071dd8bde08073e7205654f7f1af329467ea4d75eafbecacce1f9f
demo_envs/test_unseen_items_pick_from_floor/evaluations/pi05_floor_duff_ood_pi05_parallel_20261002_105333/42025.mp4,676860,7ff8c26fb32a89e78572bbc735b6166d5ae849c01b80b096be7e2d38c670aed0
demo_envs/test_unseen_items_pick_from_floor/evaluations/pi05_floor_duff_ood_pi05_parallel_20261002_105333/42026.mp4,664086,3f07f46eccd45710b1afc55a9ffc68a340b78491e6d21d2562a58c63d1828f41
demo_envs/test_unseen_items_pick_from_floor/evaluations/pi05_floor_duff_ood_pi05_parallel_20261002_105333/42027.mp4,605349,5a9bb971e5654e9a1d4d47cfccc241175033e165a1dce8bf0f1af7da98947d3b
demo_envs/test_unseen_items_pick_from_floor/evaluations/pi05_floor_duff_ood_pi05_parallel_20261002_105333/42028.mp4,347071,5e525b15851d52e74c2d9537189ddbf3ffbb50229c203b068a538819e3dccceb
demo_envs/test_unseen_items_pick_from_floor/evaluations/pi05_floor_duff_ood_pi05_parallel_20261002_105333/42029.mp4,531751,553ff08618c001ec3b1fdb15e0dc87abc33a67d9278d69bd2477948148f23550
demo_envs/test_unseen_items_pick_from_floor/evaluations/pi05_floor_fanta_ood_pi05_parallel_20261002_105333/20261002_102003.h5,800,26c4d449632ea072317c16e9d4857e419b67e1b7751f81a89a87c8e75fe9484e
demo_envs/test_unseen_items_pick_from_floor/evaluations/pi05_floor_fanta_ood_pi05_parallel_20261002_105333/20261002_102003.json,1171,102b3bd0e79ec26e9b61089ee7f5941bbb0db57f875df796b556be1dcb037f5c
demo_envs/test_unseen_items_pick_from_floor/evaluations/pi05_floor_fanta_ood_pi05_parallel_20261002_105333/42000.mp4,681319,cd8bff436d6e75514b871ffff949c5705e2a1ed3972d09fc30fe041f4c336af8
demo_envs/test_unseen_items_pick_from_floor/evaluations/pi05_floor_fanta_ood_pi05_parallel_20261002_105333/42001.mp4,669943,d11bfe6780299c47e32f393e91f3e8333745c63e2e722a03c08140e5e28996c1
demo_envs/test_unseen_items_pick_from_floor/evaluations/pi05_floor_fanta_ood_pi05_parallel_20261002_105333/42002.mp4,697941,68d5f210cd2def7785abcc4fe4315b0f0eee911a3985db6f65b7a0861f929dab
demo_envs/test_unseen_items_pick_from_floor/evaluations/pi05_floor_fanta_ood_pi05_parallel_20261002_105333/42003.mp4,615631,d6c98afd08e027326693ae758e77dbe14741b46165cf036f770cb949c7ca7e08
demo_envs/test_unseen_items_pick_from_floor/evaluations/pi05_floor_fanta_ood_pi05_parallel_20261002_105333/42004.mp4,676117,5b16f92c9e97933e119881b9b9a13d8d37e726124a715a6e1073a50b7f3e892c
demo_envs/test_unseen_items_pick_from_floor/evaluations/pi05_floor_fanta_ood_pi05_parallel_20261002_105333/42005.mp4,720455,89116fee8cc07f7b1bc63721197e9e50a8653b92437c43bae21d60b07c9d4cb4
demo_envs/test_unseen_items_pick_from_floor/evaluations/pi05_floor_fanta_ood_pi05_parallel_20261002_105333/42006.mp4,712056,f6f460d4e546d1248cc58b99aafc903aaf5bb16f8dec93bb48109868e5150ab1
demo_envs/test_unseen_items_pick_from_floor/evaluations/pi05_floor_fanta_ood_pi05_parallel_20261002_105333/42007.mp4,743907,b2b1f075726f7ef763f0a773fdc4df6ef090bf699da3ae7f3042156018b05315
demo_envs/test_unseen_items_pick_from_floor/evaluations/pi05_floor_fanta_ood_pi05_parallel_20261002_105333/42008.mp4,786794,a06bd007b67094d804707f2f607d5c9feb78f2c9c10bf0ba17d95f0f1d308ed0
demo_envs/test_unseen_items_pick_from_floor/evaluations/pi05_floor_fanta_ood_pi05_parallel_20261002_105333/42009.mp4,584370,b79090f0ff4af83e42cdb6ac8e21ec81b2ce321f2344e15d45706dfb8430c8c4
demo_envs/test_unseen_items_pick_from_floor/evaluations/pi05_floor_fanta_ood_pi05_parallel_20261002_105333/42010.mp4,566954,2d1fa670461642917a4fc29231c1cca6eb83e2f6fa4a77590547e32fd568a8b3
demo_envs/test_unseen_items_pick_from_floor/evaluations/pi05_floor_fanta_ood_pi05_parallel_20261002_105333/42011.mp4,793301,21b4e9ef705591801a5d375330273928da405698a0cf75d422a2a38af0bf1ed1
demo_envs/test_unseen_items_pick_from_floor/evaluations/pi05_floor_fanta_ood_pi05_parallel_20261002_105333/42012.mp4,799943,37ae72560da4d8b6b686601835b380cbd61185736058a2e0608b0ee5c49445ca
demo_envs/test_unseen_items_pick_from_floor/evaluations/pi05_floor_fanta_ood_pi05_parallel_20261002_105333/42013.mp4,259865,27bd3e1200bc042788d7e52781bcb4b755f5ded9d8a28cf5ad83bf78401da3dd
demo_envs/test_unseen_items_pick_from_floor/evaluations/pi05_floor_fanta_ood_pi05_parallel_20261002_105333/42014.mp4,613017,f78c1650c588aef17a42270e0ae581a58f5856ed9ab1f859877179cb5939da74
demo_envs/test_unseen_items_pick_from_floor/evaluations/pi05_floor_fanta_ood_pi05_parallel_20261002_105333/42015.mp4,895087,9b6f0ba52464f9729e023763535497c370c47f94d1c7fa68bd0ddba0c78182c2
demo_envs/test_unseen_items_pick_from_floor/evaluations/pi05_floor_fanta_ood_pi05_parallel_20261002_105333/42016.mp4,354216,16c35b9d71e8fcd5e9bf3a094b688c4fa455e2db453a981c8adfdfc9f55b5aba
demo_envs/test_unseen_items_pick_from_floor/evaluations/pi05_floor_fanta_ood_pi05_parallel_20261002_105333/42017.mp4,272933,7aa03679b76d4f6d0527a5d1adde7abe466236bd069fa7b48816aa723fbb9f25
demo_envs/test_unseen_items_pick_from_floor/evaluations/pi05_floor_fanta_ood_pi05_parallel_20261002_105333/42018.mp4,428010,a2137239e84db96bad1024b929405225f9077dfc9bf5c14a9802d35857799ce5
demo_envs/test_unseen_items_pick_from_floor/evaluations/pi05_floor_fanta_ood_pi05_parallel_20261002_105333/42019.mp4,729303,66c640009cbbf7bda27d8f2d32cea266b874bdbff21d1715da000b35063a9cd5
demo_envs/test_unseen_items_pick_from_floor/evaluations/pi05_floor_fanta_ood_pi05_parallel_20261002_105333/42020.mp4,345177,538ba35cf334f76844eff3ac995aaf44c2723c3689294b2bb1b57af6ca7d44e2
demo_envs/test_unseen_items_pick_from_floor/evaluations/pi05_floor_fanta_ood_pi05_parallel_20261002_105333/42021.mp4,649303,b8641a687ff0346b870fe0659349185b8824e51f701d72c3dd3a8b5544042588
demo_envs/test_unseen_items_pick_from_floor/evaluations/pi05_floor_fanta_ood_pi05_parallel_20261002_105333/42022.mp4,655187,2a796a1e4e56aa9a120636b0ca56fa080d873fad2f9e10ade8d765fa593ea9cb
demo_envs/test_unseen_items_pick_from_floor/evaluations/pi05_floor_fanta_ood_pi05_parallel_20261002_105333/42023.mp4,700315,2a989c7d6eb84febae47e06183411f97041400776bf738f18eb7c444ac02260e
demo_envs/test_unseen_items_pick_from_floor/evaluations/pi05_floor_fanta_ood_pi05_parallel_20261002_105333/42024.mp4,936640,4b3af47653d127c59915190566dfee5bb75337967d320058af2c4c8c99a52d3e
demo_envs/test_unseen_items_pick_from_floor/evaluations/pi05_floor_fanta_ood_pi05_parallel_20261002_105333/42025.mp4,594622,21c335a53a5ef8930c84af0da3d1f9f81139fda05c2f36fab6dcd3a7bc1a3320
demo_envs/test_unseen_items_pick_from_floor/evaluations/pi05_floor_fanta_ood_pi05_parallel_20261002_105333/42026.mp4,737095,6743a3ec98d60b7fb99b49301dcd3d5f4933090769f7e53b1e3ae2c4a36b11dc
demo_envs/test_unseen_items_pick_from_floor/evaluations/pi05_floor_fanta_ood_pi05_parallel_20261002_105333/42027.mp4,667787,a145c18e40f55c13d36db3dca7e84d9e0f8260e2bddbe2b3e890c46f61c8aafa
demo_envs/test_unseen_items_pick_from_floor/evaluations/pi05_floor_fanta_ood_pi05_parallel_20261002_105333/42028.mp4,335025,cde8b61cdccd81ce44a2bfe520b912290be6212c8545703e11c5684b699f8897
demo_envs/test_unseen_items_pick_from_floor/evaluations/pi05_floor_fanta_ood_pi05_parallel_20261002_105333/42029.mp4,687006,59932a315683bee2e2e2239f726f4e966056212c2728ce680399ae16c8770cdb
demo_envs/test_unseen_items_pick_to_basket/evaluations/pi05_basket_fanta_uns_pi05_parallel_20261002_105333/20261002_094736.h5,800,26c4d449632ea072317c16e9d4857e419b67e1b7751f81a89a87c8e75fe9484e
demo_envs/test_unseen_items_pick_to_basket/evaluations/pi05_basket_fanta_uns_pi05_parallel_20261002_105333/20261002_094736.json,1169,3624c02fb50a8e7c4e15a1f707f073d84718b974efc67e5b51a5b2634c4b89a0
demo_envs/test_unseen_items_pick_to_basket/evaluations/pi05_basket_fanta_uns_pi05_parallel_20261002_105333/42000.mp4,425606,6b379a50bc2ad0a6816eee032ae514e9a704a1fa452150e036fd591f4cc12611
demo_envs/test_unseen_items_pick_to_basket/evaluations/pi05_basket_fanta_uns_pi05_parallel_20261002_105333/42001.mp4,451280,948759e075929b4d50ec0b0fb48cc908c00c37b9d5bfbdc9a4bc542590b0367e
demo_envs/test_unseen_items_pick_to_basket/evaluations/pi05_basket_fanta_uns_pi05_parallel_20261002_105333/42002.mp4,264857,6835c02ddd36656655cbd06292eb5a3b5a7fd7e9f4b697039dc52f2d7cf668dd
demo_envs/test_unseen_items_pick_to_basket/evaluations/pi05_basket_fanta_uns_pi05_parallel_20261002_105333/42003.mp4,356809,636901d6fab7dc72774c8219889525163413759af0ba8a21e507db90a61027e0
demo_envs/test_unseen_items_pick_to_basket/evaluations/pi05_basket_fanta_uns_pi05_parallel_20261002_105333/42004.mp4,394970,29cb266ffa2bdb86ef280652c5d88807b76cffcc845280cbe6dea10c8e8b8dc3
demo_envs/test_unseen_items_pick_to_basket/evaluations/pi05_basket_fanta_uns_pi05_parallel_20261002_105333/42005.mp4,442421,1fb95effa861198e69fdb2c18e0f7957281f5cb675b64f24d16b39d486fcacfd
demo_envs/test_unseen_items_pick_to_basket/evaluations/pi05_basket_fanta_uns_pi05_parallel_20261002_105333/42006.mp4,166074,beeea3177ba2a46a4bc8054d3db6b468eedbc7a5b925cd90536b6ab73c4254ac
demo_envs/test_unseen_items_pick_to_basket/evaluations/pi05_basket_fanta_uns_pi05_parallel_20261002_105333/42007.mp4,479442,37bd362e85f6bbf0f0d01a6953525b57b46f744341393a8855bf9a37e971a9bc
demo_envs/test_unseen_items_pick_to_basket/evaluations/pi05_basket_fanta_uns_pi05_parallel_20261002_105333/42008.mp4,447640,d07916e8abbdefa282f9c83e725fd0fc57b395eac662a5da634198dfb41d73a2
demo_envs/test_unseen_items_pick_to_basket/evaluations/pi05_basket_fanta_uns_pi05_parallel_20261002_105333/42009.mp4,496775,3b0486fa271e8da0e131af596964f22d17ba43d160dea615e07aa65555673695
demo_envs/test_unseen_items_pick_to_basket/evaluations/pi05_basket_fanta_uns_pi05_parallel_20261002_105333/42010.mp4,402761,852a8b75e73bc842f132a3aa7e4aa712a1c64baa7000b2df32b8cfe3a95cfd46
demo_envs/test_unseen_items_pick_to_basket/evaluations/pi05_basket_fanta_uns_pi05_parallel_20261002_105333/42011.mp4,297745,9d4838c1febd494ef9868a0eae2a00b4e46e6b535d946f938687e7a7ad54e935
demo_envs/test_unseen_items_pick_to_basket/evaluations/pi05_basket_fanta_uns_pi05_parallel_20261002_105333/42012.mp4,467281,b220b76afc6af13ecabf0dbdb09fa6ca6376e69433d1c22b7ea6be34fe2aae63
demo_envs/test_unseen_items_pick_to_basket/evaluations/pi05_basket_fanta_uns_pi05_parallel_20261002_105333/42013.mp4,439238,67db16829181bcf26ccb47ab68432aa674b4e5a052509a99d508336cbec446c8
demo_envs/test_unseen_items_pick_to_basket/evaluations/pi05_basket_fanta_uns_pi05_parallel_20261002_105333/42014.mp4,389631,a4923cf4ba37775ee225174c8204c34625cffd31f081efc1ab47bee59f3012b5
demo_envs/test_unseen_items_pick_to_basket/evaluations/pi05_basket_fanta_uns_pi05_parallel_20261002_105333/42015.mp4,187586,6ecc8fa5ef17910df11cbd1f37050eed81da50ed821696430fc28c312149e4d8
demo_envs/test_unseen_items_pick_to_basket/evaluations/pi05_basket_fanta_uns_pi05_parallel_20261002_105333/42016.mp4,401176,1e2ea86be1a924e65774c6ed48ef7b860c41d9f1912289529a3f156dce268469
demo_envs/test_unseen_items_pick_to_basket/evaluations/pi05_basket_fanta_uns_pi05_parallel_20261002_105333/42017.mp4,401867,7b942bbc017bcf832f022c18d3976b3be51fe7dc6d1eb984707fe38afb3e51c1
demo_envs/test_unseen_items_pick_to_basket/evaluations/pi05_basket_fanta_uns_pi05_parallel_20261002_105333/42018.mp4,184047,dc5d800a612b619307a2cc8955ccd5fc5039d83e9f0dfbc086f62fd9f7b81867
demo_envs/test_unseen_items_pick_to_basket/evaluations/pi05_basket_fanta_uns_pi05_parallel_20261002_105333/42019.mp4,439451,40b90b231537af28fdb4c9e59a1f0bb2aedcab384bea7447df817bc9532f2a85
demo_envs/test_unseen_items_pick_to_basket/evaluations/pi05_basket_fanta_uns_pi05_parallel_20261002_105333/42020.mp4,468482,469b151d30607c9cfaa19d4bc6ce3362dcb175ab93179a7cd6b733b13e6954c0
demo_envs/test_unseen_items_pick_to_basket/evaluations/pi05_basket_fanta_uns_pi05_parallel_20261002_105333/42021.mp4,155401,2ee0e9808c2efaadfe9af183febc5c67f81536b6991d7a61a1b960e5a9a3e1b6
demo_envs/test_unseen_items_pick_to_basket/evaluations/pi05_basket_fanta_uns_pi05_parallel_20261002_105333/42022.mp4,444015,96f68a089a3ad4972026fcd27586461f19859b5d334cc22436b8e3179e4a1dd8
demo_envs/test_unseen_items_pick_to_basket/evaluations/pi05_basket_fanta_uns_pi05_parallel_20261002_105333/42023.mp4,442998,b6875a19f414b6e82e5ee7b1e959f01684a3743930f596418d849f8441f3e9b9
demo_envs/test_unseen_items_pick_to_basket/evaluations/pi05_basket_fanta_uns_pi05_parallel_20261002_105333/42024.mp4,533787,ecaae49c03a938d8d26a4d6faf358e17f9f9d5e78577caa3472edb4da24e2153
demo_envs/test_unseen_items_pick_to_basket/evaluations/pi05_basket_fanta_uns_pi05_parallel_20261002_105333/42025.mp4,533811,af4bdf2a6dc21615558370b111842f8b4bd82a806b2276faf9916d8b33f01cea
demo_envs/test_unseen_items_pick_to_basket/evaluations/pi05_basket_fanta_uns_pi05_parallel_20261002_105333/42026.mp4,525129,a5815f1e4096b91c0fd1889c21eef74312d24e3ef28a18427e130edcad05801d
demo_envs/test_unseen_items_pick_to_basket/evaluations/pi05_basket_fanta_uns_pi05_parallel_20261002_105333/42027.mp4,434197,5443649a03690b93079c469d2a71fbe14286884389f8cbf944a11a2aa41f4529
demo_envs/test_unseen_items_pick_to_basket/evaluations/pi05_basket_fanta_uns_pi05_parallel_20261002_105333/42028.mp4,401358,5889a900718ed8a1a13839213349e5f5d5010dfb90bdf89f9c6ad15c87de6309
demo_envs/test_unseen_items_pick_to_basket/evaluations/pi05_basket_fanta_uns_pi05_parallel_20261002_105333/42029.mp4,404350,ee9085ba9815f7985d0cb5772a9b4fe69ab9109ab52c982632bc3c77ba63709f
demo_envs/test_unseen_items_pick_to_basket/evaluations/pi05_basket_nestle_ood_pi05_parallel_20261002_105333/20261002_113154.h5,800,26c4d449632ea072317c16e9d4857e419b67e1b7751f81a89a87c8e75fe9484e
demo_envs/test_unseen_items_pick_to_basket/evaluations/pi05_basket_nestle_ood_pi05_parallel_20261002_105333/20261002_113154.json,1170,04eac1d76dd3e2960d5967143ce2baf78d5c27c7214530d26eed1f292dc88c1c
demo_envs/test_unseen_items_pick_to_basket/evaluations/pi05_basket_nestle_ood_pi05_parallel_20261002_105333/42000.mp4,436597,963240fdc1c736d179683766dd546b3fc08dcd31f8e0aebddfd14cebc29701df
demo_envs/test_unseen_items_pick_to_basket/evaluations/pi05_basket_nestle_ood_pi05_parallel_20261002_105333/42001.mp4,477430,60801b79aa0a5b7744c634339c2415ab86e1ef109896c41402aee6591d19fcc9
demo_envs/test_unseen_items_pick_to_basket/evaluations/pi05_basket_nestle_ood_pi05_parallel_20261002_105333/42002.mp4,264992,cc5d949eac8d9edb703a59dc49f28d35a56247db4d4540f5317008b349bfd4d7
demo_envs/test_unseen_items_pick_to_basket/evaluations/pi05_basket_nestle_ood_pi05_parallel_20261002_105333/42003.mp4,356069,6e387f3c10a24a72b98dc26beac7e473e97ece3766e0ec24fa0a0b030fffe2d4
demo_envs/test_unseen_items_pick_to_basket/evaluations/pi05_basket_nestle_ood_pi05_parallel_20261002_105333/42004.mp4,412922,8017948aa63195479419c2a43e0f565f814df84b39c432042ab64f93006bde58
demo_envs/test_unseen_items_pick_to_basket/evaluations/pi05_basket_nestle_ood_pi05_parallel_20261002_105333/42005.mp4,464459,4f6c4b020a619108525597aac5bfa93adc565350f331e01f9e3ab1828dd2bf11
demo_envs/test_unseen_items_pick_to_basket/evaluations/pi05_basket_nestle_ood_pi05_parallel_20261002_105333/42006.mp4,166294,a6718720b78aee891122483250938def11ad8d0fdb69f3eab6ef50144264cdcc
demo_envs/test_unseen_items_pick_to_basket/evaluations/pi05_basket_nestle_ood_pi05_parallel_20261002_105333/42007.mp4,481392,c8e8b06acba705362cc7de25411a13523f7cff6341b210c1d12fcfc2175bac33
demo_envs/test_unseen_items_pick_to_basket/evaluations/pi05_basket_nestle_ood_pi05_parallel_20261002_105333/42008.mp4,436897,bee5eb68ab0ee262f9e33064334f6b71fc113e61fcccff3be14160ca677bd844
demo_envs/test_unseen_items_pick_to_basket/evaluations/pi05_basket_nestle_ood_pi05_parallel_20261002_105333/42009.mp4,479219,44015a6f2cd563daf7129ff325c2aacb46e46cc51976d84a7e3a7550493c8794
demo_envs/test_unseen_items_pick_to_basket/evaluations/pi05_basket_nestle_ood_pi05_parallel_20261002_105333/42010.mp4,411071,cdd2cf47e5e9576127b99976eecff19c39e6a7d84635b63c9bd657f04e4fd6f4
demo_envs/test_unseen_items_pick_to_basket/evaluations/pi05_basket_nestle_ood_pi05_parallel_20261002_105333/42011.mp4,303012,eda6c9ccee3a1eccd51448efdce9e5d72717d002ac3bd7e4b4c63202af70d67f
demo_envs/test_unseen_items_pick_to_basket/evaluations/pi05_basket_nestle_ood_pi05_parallel_20261002_105333/42012.mp4,467694,7fdc1cef7f6fb25d84d28fa96795290a4c91ff99f1b898ffdcc0668c64cd47df
demo_envs/test_unseen_items_pick_to_basket/evaluations/pi05_basket_nestle_ood_pi05_parallel_20261002_105333/42013.mp4,453148,44ba048b32cfde5345fd2094da25bfefd63eeef94c2b17d1c0fd992d32922ecb
demo_envs/test_unseen_items_pick_to_basket/evaluations/pi05_basket_nestle_ood_pi05_parallel_20261002_105333/42014.mp4,397682,fb22ac2506380dfffd7e7dc4294be54e44fc72a6609e9a18a360e310e4ec6336
demo_envs/test_unseen_items_pick_to_basket/evaluations/pi05_basket_nestle_ood_pi05_parallel_20261002_105333/42015.mp4,187295,2ec7e881c6245c5b06aedfaad4ba7fab1e3b010c40fe2ababa2cf0e724c5ccdb
demo_envs/test_unseen_items_pick_to_basket/evaluations/pi05_basket_nestle_ood_pi05_parallel_20261002_105333/42016.mp4,398699,423e7a6b24b8ba3e7007e20401a71eb4d034eea8cc88095ca59f06d3e978457e
demo_envs/test_unseen_items_pick_to_basket/evaluations/pi05_basket_nestle_ood_pi05_parallel_20261002_105333/42017.mp4,414154,8792aec2709317057bc8265fdaaccd23db3687ab9c609f2e4b28afbde82144fd
demo_envs/test_unseen_items_pick_to_basket/evaluations/pi05_basket_nestle_ood_pi05_parallel_20261002_105333/42018.mp4,185612,bf3cc2e21cc2cff64899b7fa0afe8d1b61f9a45a7788b77d369590e649375c6d
demo_envs/test_unseen_items_pick_to_basket/evaluations/pi05_basket_nestle_ood_pi05_parallel_20261002_105333/42019.mp4,407407,5e2b49a7d17732fe1d0bcca45a1056f77b1bc30899678a0c4d8a889e84e4592d
demo_envs/test_unseen_items_pick_to_basket/evaluations/pi05_basket_nestle_ood_pi05_parallel_20261002_105333/42020.mp4,463957,a29ab965f50904fce091bbb7da0f3d465c1422f132d2a83955c44489d3fb2371
demo_envs/test_unseen_items_pick_to_basket/evaluations/pi05_basket_nestle_ood_pi05_parallel_20261002_105333/42021.mp4,154374,689ed3daa9a77c05f923f08e70950a277ba9454ed0b7ef4e88476cf17e0833ed
demo_envs/test_unseen_items_pick_to_basket/evaluations/pi05_basket_nestle_ood_pi05_parallel_20261002_105333/42022.mp4,455165,c751551510d12abc88707c94b2362c23d3c9d904fdd6a9f759ca41891b5e83db
demo_envs/test_unseen_items_pick_to_basket/evaluations/pi05_basket_nestle_ood_pi05_parallel_20261002_105333/42023.mp4,425057,b1905f8ccbc9413031970b6f891454658b22fb8a2061c4a10d3faa3b4f3bc494
demo_envs/test_unseen_items_pick_to_basket/evaluations/pi05_basket_nestle_ood_pi05_parallel_20261002_105333/42024.mp4,583348,760a957090b114027a1bf0e1df61f1dc962c0e29ed5b768e2ce4e34bd8faa3b2
demo_envs/test_unseen_items_pick_to_basket/evaluations/pi05_basket_nestle_ood_pi05_parallel_20261002_105333/42025.mp4,451045,c38861353678254ca80532002d3d1bc12378336ec3145569e694d35af915a5e5
demo_envs/test_unseen_items_pick_to_basket/evaluations/pi05_basket_nestle_ood_pi05_parallel_20261002_105333/42026.mp4,510394,f981f0265631bbe9eedb50bbf8366b2ea04d741160aec0c67c514e28c14df39f
demo_envs/test_unseen_items_pick_to_basket/evaluations/pi05_basket_nestle_ood_pi05_parallel_20261002_105333/42027.mp4,414724,514abef551e8b86936ac97935a716de49200c9c181d391e1c4dc26a0af33b808
demo_envs/test_unseen_items_pick_to_basket/evaluations/pi05_basket_nestle_ood_pi05_parallel_20261002_105333/42028.mp4,399827,0aa76f8349743ef21fba618883248cf381b15a003ba3fa96fb68b602fa643185
demo_envs/test_unseen_items_pick_to_basket/evaluations/pi05_basket_nestle_ood_pi05_parallel_20261002_105333/42029.mp4,399026,0d10ff2d006b88eb25797fed00d6c26df4b1c7abe1f31be700ac501e870ce690
demo_envs/test_unseen_items_pick_to_basket/evaluations/pi05_basket_nivea_uns_pi05_parallel_20261002_105333/20261002_101854.h5,800,26c4d449632ea072317c16e9d4857e419b67e1b7751f81a89a87c8e75fe9484e
demo_envs/test_unseen_items_pick_to_basket/evaluations/pi05_basket_nivea_uns_pi05_parallel_20261002_105333/20261002_101854.json,1169,cfc007ea9cafa73e8d5de9bf4e1299f830cccf264a9d71c193d2522bb152b95d
demo_envs/test_unseen_items_pick_to_basket/evaluations/pi05_basket_nivea_uns_pi05_parallel_20261002_105333/42000.mp4,439749,0a06e53c6218d25de6d1418a73c3fe6dac124ebfd23bc47c2880016a32528a24
demo_envs/test_unseen_items_pick_to_basket/evaluations/pi05_basket_nivea_uns_pi05_parallel_20261002_105333/42001.mp4,424978,71c5617fcd2349a4e2aad130063df6a3d1c66351bf7d7bde8263ffc14a82a0bd
demo_envs/test_unseen_items_pick_to_basket/evaluations/pi05_basket_nivea_uns_pi05_parallel_20261002_105333/42002.mp4,266849,810d64cd6547ef2405d4d96954621a3333d4ffc057eb5b089cd292e2d9daf571
demo_envs/test_unseen_items_pick_to_basket/evaluations/pi05_basket_nivea_uns_pi05_parallel_20261002_105333/42003.mp4,353905,fe4c7236adde2974e5e57dfd48f6bc941fccba85ae00878746059ce110c55cc8
demo_envs/test_unseen_items_pick_to_basket/evaluations/pi05_basket_nivea_uns_pi05_parallel_20261002_105333/42004.mp4,411017,3d8740b9d314a146f01e6590551c0601b3c5581ec8e0e466ce3c832215741b75
demo_envs/test_unseen_items_pick_to_basket/evaluations/pi05_basket_nivea_uns_pi05_parallel_20261002_105333/42005.mp4,437413,6c831809dab7f388e16a1503d5cd16a7f0fd909eb6d427515c769ff9e1accec0
demo_envs/test_unseen_items_pick_to_basket/evaluations/pi05_basket_nivea_uns_pi05_parallel_20261002_105333/42006.mp4,164259,2981a4245d3c7e47e04a023ff8b5f7d2dfd1a2e195bb2a20e80c56299c5d16ea
demo_envs/test_unseen_items_pick_to_basket/evaluations/pi05_basket_nivea_uns_pi05_parallel_20261002_105333/42007.mp4,486071,1c0cc11566fe3069327c106e6fc97db98824418ede599a7f7f9b04071ebbfd1d
demo_envs/test_unseen_items_pick_to_basket/evaluations/pi05_basket_nivea_uns_pi05_parallel_20261002_105333/42008.mp4,462762,1f67abc394f3d92d259a4a7895ef9816b5f79acf814f3919b3e970be16f8bb9a
demo_envs/test_unseen_items_pick_to_basket/evaluations/pi05_basket_nivea_uns_pi05_parallel_20261002_105333/42009.mp4,400308,5dc88b19a8c49edfa3458a2f96f4ca63d99b7db11f44605e1e7fec271d864d1d
demo_envs/test_unseen_items_pick_to_basket/evaluations/pi05_basket_nivea_uns_pi05_parallel_20261002_105333/42010.mp4,421289,4c9c56d4665ce77e06bd8380440217efd7b3ca797174c8043ef2a02ea17c9a45
demo_envs/test_unseen_items_pick_to_basket/evaluations/pi05_basket_nivea_uns_pi05_parallel_20261002_105333/42011.mp4,295584,f68b1140a669de725604aaec8fd581ddeb5ddbe6d8c62373a87664888d61c8ea
demo_envs/test_unseen_items_pick_to_basket/evaluations/pi05_basket_nivea_uns_pi05_parallel_20261002_105333/42012.mp4,460817,587412eb5e9bbab01e0fa9acbe06c381d904ae331c612ed8966f8722da4c1eb3
demo_envs/test_unseen_items_pick_to_basket/evaluations/pi05_basket_nivea_uns_pi05_parallel_20261002_105333/42013.mp4,441476,9a99e92679a8a90f5c2832f92137d62f14180b0208cb109121a90eca03014963
demo_envs/test_unseen_items_pick_to_basket/evaluations/pi05_basket_nivea_uns_pi05_parallel_20261002_105333/42014.mp4,405335,4bd17a6dd2c1a5d7cbb7e2820efba91f26afa56af470891fb9b4d8487809a2de
demo_envs/test_unseen_items_pick_to_basket/evaluations/pi05_basket_nivea_uns_pi05_parallel_20261002_105333/42015.mp4,187186,4beda58f14c10a43a96ea8600073d1c867d9962c9811104c08864930d6225838
demo_envs/test_unseen_items_pick_to_basket/evaluations/pi05_basket_nivea_uns_pi05_parallel_20261002_105333/42016.mp4,386596,7ada9906f9f4c33bb8ea850ff405224eb9f83b64266ec32ab41f4611bfcab1a7
demo_envs/test_unseen_items_pick_to_basket/evaluations/pi05_basket_nivea_uns_pi05_parallel_20261002_105333/42017.mp4,382927,beeb9894ee5561718596a1f4535943473aea5179295c9f35f4c998551a6d1a0a
demo_envs/test_unseen_items_pick_to_basket/evaluations/pi05_basket_nivea_uns_pi05_parallel_20261002_105333/42018.mp4,184371,feb3886b981334b4e0c89a174362aed38cb6c01360ce4dcea78891f3efa9b528
demo_envs/test_unseen_items_pick_to_basket/evaluations/pi05_basket_nivea_uns_pi05_parallel_20261002_105333/42019.mp4,423490,c6050091e5e20fb2063a613f263c15edf17ed0d676653c6daf28300e8c526306
demo_envs/test_unseen_items_pick_to_basket/evaluations/pi05_basket_nivea_uns_pi05_parallel_20261002_105333/42020.mp4,456174,e15a76d5209f0aa624dce5ed2eeb8cfef611c4ae5c28f1b066fba6ec4a8e6361
demo_envs/test_unseen_items_pick_to_basket/evaluations/pi05_basket_nivea_uns_pi05_parallel_20261002_105333/42021.mp4,153676,90753da19f1b4de11767cbc78e331089392cc2fb151a44063c59b12612018a52
demo_envs/test_unseen_items_pick_to_basket/evaluations/pi05_basket_nivea_uns_pi05_parallel_20261002_105333/42022.mp4,438217,cf9ba0105f6d3b02d6dcf10335924c40cb42a37821b4e6320c5edef755df59fa
demo_envs/test_unseen_items_pick_to_basket/evaluations/pi05_basket_nivea_uns_pi05_parallel_20261002_105333/42023.mp4,444497,5281814411deb383d6d571887211d7105b146703ebd4ce4bcaf66d056c1d1a19
demo_envs/test_unseen_items_pick_to_basket/evaluations/pi05_basket_nivea_uns_pi05_parallel_20261002_105333/42024.mp4,486609,286469ae946d0f53ca6bf45d6fd5e09c1d28128877f4b716b1c792f5843ec1f1
demo_envs/test_unseen_items_pick_to_basket/evaluations/pi05_basket_nivea_uns_pi05_parallel_20261002_105333/42025.mp4,451481,2fef52afdd3e97bb6d4c5445afad8038e26eda55cec952e12686499f4549e7e5
demo_envs/test_unseen_items_pick_to_basket/evaluations/pi05_basket_nivea_uns_pi05_parallel_20261002_105333/42026.mp4,444165,16c4cc803ddc4297eea095b0fbf45d2c4a5a763b470f9e9889e181573ad306aa
demo_envs/test_unseen_items_pick_to_basket/evaluations/pi05_basket_nivea_uns_pi05_parallel_20261002_105333/42027.mp4,411866,083cf33c820df64aaf2a9edcf0bce4b4fc9049acfd8adf4e6cbe5fd280df50af
demo_envs/test_unseen_items_pick_to_basket/evaluations/pi05_basket_nivea_uns_pi05_parallel_20261002_105333/42028.mp4,387017,adfa8d67e91645b5edac7037e5bfa95b61a40436fd1a9caab2de632e1d59df21
demo_envs/test_unseen_items_pick_to_basket/evaluations/pi05_basket_nivea_uns_pi05_parallel_20261002_105333/42029.mp4,411041,84085fb563760f078c0e7ad4c28278ba40087aee5c482cc153be34980776f78c
demo_envs/test_unseen_items_pick_to_basket/evaluations/pi05_basket_slam_ood_pi05_parallel_20261002_105333/20261002_110641.h5,800,26c4d449632ea072317c16e9d4857e419b67e1b7751f81a89a87c8e75fe9484e
demo_envs/test_unseen_items_pick_to_basket/evaluations/pi05_basket_slam_ood_pi05_parallel_20261002_105333/20261002_110641.json,1168,d88bcd3c7b81674aad5368339a6634bfb0cbcaec3acee21ff52cf8799854a0e2
demo_envs/test_unseen_items_pick_to_basket/evaluations/pi05_basket_slam_ood_pi05_parallel_20261002_105333/42000.mp4,446194,f34f99b79a7a5df33be15a58033358557044a66409074218b766bf7c011a7a78
demo_envs/test_unseen_items_pick_to_basket/evaluations/pi05_basket_slam_ood_pi05_parallel_20261002_105333/42001.mp4,437280,3f6efe227421ffb657f3412c9e4afabaf87b9b0aa2db9b226068e46e58953712
demo_envs/test_unseen_items_pick_to_basket/evaluations/pi05_basket_slam_ood_pi05_parallel_20261002_105333/42002.mp4,262425,4b53cca9099f4ac1dfa76d9ead4327b2c214a7cff222a38773c0e870ee53044f
demo_envs/test_unseen_items_pick_to_basket/evaluations/pi05_basket_slam_ood_pi05_parallel_20261002_105333/42003.mp4,373195,8f273a119950db42d8fb4d7b540ab265b8d67e59e63e45a6617855515746a93e
demo_envs/test_unseen_items_pick_to_basket/evaluations/pi05_basket_slam_ood_pi05_parallel_20261002_105333/42004.mp4,415551,3e4e5582fd0728b02d3cd0eab456137423cd2d3a7e05d206d1fc705c73b30608
demo_envs/test_unseen_items_pick_to_basket/evaluations/pi05_basket_slam_ood_pi05_parallel_20261002_105333/42005.mp4,485246,cea252b3ec7334170ceaf691b6ad7c5a54627ea30551202ff7d7f5a5a9d09929
demo_envs/test_unseen_items_pick_to_basket/evaluations/pi05_basket_slam_ood_pi05_parallel_20261002_105333/42006.mp4,165830,5afee64f4dc98171e37349b07fa02caa6ba029c364a6edd6f72fd904b551ad98
demo_envs/test_unseen_items_pick_to_basket/evaluations/pi05_basket_slam_ood_pi05_parallel_20261002_105333/42007.mp4,479977,18d66c47871a64bdb7b1bc62259065ee56df279fc0945621c5c16ec4b1e108b7
demo_envs/test_unseen_items_pick_to_basket/evaluations/pi05_basket_slam_ood_pi05_parallel_20261002_105333/42008.mp4,486679,3406ba1c20a1208f8df37a2e54f0ab9448637aee34e7403b75bd5201c464fbde
demo_envs/test_unseen_items_pick_to_basket/evaluations/pi05_basket_slam_ood_pi05_parallel_20261002_105333/42009.mp4,419027,2089b9e0f5e2394dc7780ad7adcb750e8b27d8184dd87e204d9771fdfa6ebfe0
demo_envs/test_unseen_items_pick_to_basket/evaluations/pi05_basket_slam_ood_pi05_parallel_20261002_105333/42010.mp4,404716,c2b6e7d87588405386a433a9b41b0b27adea5f94893dca04c829c97fbe178c7b
demo_envs/test_unseen_items_pick_to_basket/evaluations/pi05_basket_slam_ood_pi05_parallel_20261002_105333/42011.mp4,298717,07464c0f161698389c7d0ffa6b9bb3097d4bc0e70c95e344daa2a217467e3572
demo_envs/test_unseen_items_pick_to_basket/evaluations/pi05_basket_slam_ood_pi05_parallel_20261002_105333/42012.mp4,482643,f75ba434c81f4f03bb850b1cf22d590c391e29aab335b649e72149fab0f1028e
demo_envs/test_unseen_items_pick_to_basket/evaluations/pi05_basket_slam_ood_pi05_parallel_20261002_105333/42013.mp4,447901,aa23cb36c24acc6c991496d3f0937effec3a2ce924f4fdd5144c3fc9649499ca
demo_envs/test_unseen_items_pick_to_basket/evaluations/pi05_basket_slam_ood_pi05_parallel_20261002_105333/42014.mp4,399877,aed24b94b610639a45ac7de9e5b84b4ebee099355b565f12ce21a9b967d11608
demo_envs/test_unseen_items_pick_to_basket/evaluations/pi05_basket_slam_ood_pi05_parallel_20261002_105333/42015.mp4,187186,4beda58f14c10a43a96ea8600073d1c867d9962c9811104c08864930d6225838
demo_envs/test_unseen_items_pick_to_basket/evaluations/pi05_basket_slam_ood_pi05_parallel_20261002_105333/42016.mp4,405003,196d5f80b014ced2e37b8fc31122e92bb029d41dcf9ec40c90f3283297c514cb
demo_envs/test_unseen_items_pick_to_basket/evaluations/pi05_basket_slam_ood_pi05_parallel_20261002_105333/42017.mp4,400194,d6408ca235a015e1f50508598b1eca46e038bcffcb7e67a1de3874f17ac98fbb
demo_envs/test_unseen_items_pick_to_basket/evaluations/pi05_basket_slam_ood_pi05_parallel_20261002_105333/42018.mp4,183915,135a3f04e5fb4e3127b52cc43c3632455f0ba18edb28a219e245fa3e513657a4
demo_envs/test_unseen_items_pick_to_basket/evaluations/pi05_basket_slam_ood_pi05_parallel_20261002_105333/42019.mp4,441525,518bc9ae7d2a59bfd57c87628cbb2a7bcfdf02106dff0f3f70da4b499649561e
demo_envs/test_unseen_items_pick_to_basket/evaluations/pi05_basket_slam_ood_pi05_parallel_20261002_105333/42020.mp4,465638,7eb16c4abd6621a7d19c312d0af966ccea78bbb78b50f88da3ec0f8e6ea05efc
demo_envs/test_unseen_items_pick_to_basket/evaluations/pi05_basket_slam_ood_pi05_parallel_20261002_105333/42021.mp4,152943,7b3c743667eef2e3d60b9c8f2f9575966902a56d4b220a37d36c67e34a0d6dfa
demo_envs/test_unseen_items_pick_to_basket/evaluations/pi05_basket_slam_ood_pi05_parallel_20261002_105333/42022.mp4,454662,4312021394752d381f5d237d3621819dbe3112f108cb0d9fe8d4dff75d52595a
demo_envs/test_unseen_items_pick_to_basket/evaluations/pi05_basket_slam_ood_pi05_parallel_20261002_105333/42023.mp4,450406,6f01ff76357f7093bcc8ce4e088b585a8759d155d9a6e373014be2a27523431f
demo_envs/test_unseen_items_pick_to_basket/evaluations/pi05_basket_slam_ood_pi05_parallel_20261002_105333/42024.mp4,565081,2c81d3de0af0fa914542693148dc4814e790bd7ebd4edcfca407ac1cb60c6109
demo_envs/test_unseen_items_pick_to_basket/evaluations/pi05_basket_slam_ood_pi05_parallel_20261002_105333/42025.mp4,476640,1c2ee85012cd0af1a2516bbdb526519252cf96ece9e289426aafdb79253877a9
demo_envs/test_unseen_items_pick_to_basket/evaluations/pi05_basket_slam_ood_pi05_parallel_20261002_105333/42026.mp4,489721,99c1838427f1cac8dbccc1acf19df471411c5ea095888b0f1fb1bcd3f89cd68f
demo_envs/test_unseen_items_pick_to_basket/evaluations/pi05_basket_slam_ood_pi05_parallel_20261002_105333/42027.mp4,429921,4f64beb9da2b8c02b5568697b69f5326c72be4adb2867630c9b15e03ad72a3a7
demo_envs/test_unseen_items_pick_to_basket/evaluations/pi05_basket_slam_ood_pi05_parallel_20261002_105333/42028.mp4,441876,2281fec014b06f02802dc47f86c027b84599c08121db4e7cc5fbf5de159b043b
demo_envs/test_unseen_items_pick_to_basket/evaluations/pi05_basket_slam_ood_pi05_parallel_20261002_105333/42029.mp4,421843,2eae4152cea5fb494e0b9c14836b423fa5ff7890bebc8b583fffdbe9fc803a60
demo_envs/test_unseen_items_pick_to_basket/evaluations/pi05_basket_stars_uns_pi05_parallel_20261002_105333/20261002_103002.h5,800,26c4d449632ea072317c16e9d4857e419b67e1b7751f81a89a87c8e75fe9484e
demo_envs/test_unseen_items_pick_to_basket/evaluations/pi05_basket_stars_uns_pi05_parallel_20261002_105333/20261002_103002.json,1169,45c4a4ce8e8fe8a8920bc037e66ecae93d96c522424caac521cabe11fbdff0b7
demo_envs/test_unseen_items_pick_to_basket/evaluations/pi05_basket_stars_uns_pi05_parallel_20261002_105333/42000.mp4,446809,96422a29740b1595f8dc559ebc1ac25a9bb4ebba9dcc5262da3e67d05de98474
demo_envs/test_unseen_items_pick_to_basket/evaluations/pi05_basket_stars_uns_pi05_parallel_20261002_105333/42001.mp4,442324,5f2fbace4edd20b5ee829307f0efdfd90566aa0628d0b2bf49bf74a2438c9e02
demo_envs/test_unseen_items_pick_to_basket/evaluations/pi05_basket_stars_uns_pi05_parallel_20261002_105333/42002.mp4,260146,312e8028f2248a6235bbef24e6292621e283f574823518144cf5695ea20e3de8
demo_envs/test_unseen_items_pick_to_basket/evaluations/pi05_basket_stars_uns_pi05_parallel_20261002_105333/42003.mp4,377354,aeece974ca631aaae80f123218946297bba66dade8a1baabd69feff6a5f98dcf
demo_envs/test_unseen_items_pick_to_basket/evaluations/pi05_basket_stars_uns_pi05_parallel_20261002_105333/42004.mp4,412472,b14d4cdf6089620098bc400609fb48cd56765db038cbd926b7b641eb81957fec
demo_envs/test_unseen_items_pick_to_basket/evaluations/pi05_basket_stars_uns_pi05_parallel_20261002_105333/42005.mp4,473109,bd48ad9ff6cf0afb51dc3b8b9ba85a1277ddf2c80f34180b920a23a1f69c68b4
demo_envs/test_unseen_items_pick_to_basket/evaluations/pi05_basket_stars_uns_pi05_parallel_20261002_105333/42006.mp4,166616,a90989e9a2e12e4865b4f5caca49757e0ba2eb2b8a02130c83b1eaa8e081c93c
demo_envs/test_unseen_items_pick_to_basket/evaluations/pi05_basket_stars_uns_pi05_parallel_20261002_105333/42007.mp4,493670,7b58a400814da6b18a05615d39da3f2853ce40f5aed5e63bd1f5bb3514a6ddee
demo_envs/test_unseen_items_pick_to_basket/evaluations/pi05_basket_stars_uns_pi05_parallel_20261002_105333/42008.mp4,476860,0f892134027e2b0c030d8cad2aa698652f4ccf9f8df6bf29d1fd24dc0cfcccdc
demo_envs/test_unseen_items_pick_to_basket/evaluations/pi05_basket_stars_uns_pi05_parallel_20261002_105333/42009.mp4,475238,f3bf1e3a0e18618cb3aeef55f36c3875c341f6c918faab662cac320a1e0d406a
demo_envs/test_unseen_items_pick_to_basket/evaluations/pi05_basket_stars_uns_pi05_parallel_20261002_105333/42010.mp4,427152,62511c5297e1c8dfb98f141cacd37e1a9e287b1ade5cb9a981a92cbe7e83d1dd
demo_envs/test_unseen_items_pick_to_basket/evaluations/pi05_basket_stars_uns_pi05_parallel_20261002_105333/42011.mp4,296959,dccb79d322c1fd09e0486d90bf79fd6edc0676692c24516066d5c6244e1dafa2
demo_envs/test_unseen_items_pick_to_basket/evaluations/pi05_basket_stars_uns_pi05_parallel_20261002_105333/42012.mp4,463739,e7cb88b74792bb67c54aca99fa5d7736f6974348b55ab9ce8e8ceb6fbb0d052a
demo_envs/test_unseen_items_pick_to_basket/evaluations/pi05_basket_stars_uns_pi05_parallel_20261002_105333/42013.mp4,428932,10eb26956385e679db596ec7686927a3c528d2152afb2f320f5f03e39a88c9e3
demo_envs/test_unseen_items_pick_to_basket/evaluations/pi05_basket_stars_uns_pi05_parallel_20261002_105333/42014.mp4,401725,9f415227800744e76122c11809a75515d433b7715e04640798826fb7e51a6032
demo_envs/test_unseen_items_pick_to_basket/evaluations/pi05_basket_stars_uns_pi05_parallel_20261002_105333/42015.mp4,187355,faa26072f488e42cd56604d50e69f1bfcce1c802f34096775bbff17e4770dcad
demo_envs/test_unseen_items_pick_to_basket/evaluations/pi05_basket_stars_uns_pi05_parallel_20261002_105333/42016.mp4,393154,f7f122b65e5d7cfd60c5224bd76526ffcb5b260215134020a87d6722cbe72adf
demo_envs/test_unseen_items_pick_to_basket/evaluations/pi05_basket_stars_uns_pi05_parallel_20261002_105333/42017.mp4,394137,12c3efaa5f309ab0f45bf9da697b374876b85e7287949d49e8709763ce81543e
demo_envs/test_unseen_items_pick_to_basket/evaluations/pi05_basket_stars_uns_pi05_parallel_20261002_105333/42018.mp4,185251,467471b672718f36fae26f23af156f33290a01ad7463e11ad52578b50be4daa7
demo_envs/test_unseen_items_pick_to_basket/evaluations/pi05_basket_stars_uns_pi05_parallel_20261002_105333/42019.mp4,407595,b1e9071da82fa7aa013f9e98f78ea5892d1d7ebff7dcc9ec014080b524c72cef
demo_envs/test_unseen_items_pick_to_basket/evaluations/pi05_basket_stars_uns_pi05_parallel_20261002_105333/42020.mp4,460921,aad1cc24c9ff2c095e0c416a37d8fa8f81a6a591e1ab2c52a2864bfec82ecd7e
demo_envs/test_unseen_items_pick_to_basket/evaluations/pi05_basket_stars_uns_pi05_parallel_20261002_105333/42021.mp4,153391,5ecca5d85544e6b8ed87eb1e8aecbb6ea30e1737f5ae08fd57fc51831ba49e28
demo_envs/test_unseen_items_pick_to_basket/evaluations/pi05_basket_stars_uns_pi05_parallel_20261002_105333/42022.mp4,469864,53228be2771580d60ba789e414335249c92e0d4c8203cad487a1eb82c8a29518
demo_envs/test_unseen_items_pick_to_basket/evaluations/pi05_basket_stars_uns_pi05_parallel_20261002_105333/42023.mp4,437170,677803fd4c13bcea408e1687d94b233e24d2e96ce40ee123d8838b03054891ad
demo_envs/test_unseen_items_pick_to_basket/evaluations/pi05_basket_stars_uns_pi05_parallel_20261002_105333/42024.mp4,536098,a967ac56c9bd1e51746833c5ad43ce4885b22ce840c236834f6c712cded76b80
demo_envs/test_unseen_items_pick_to_basket/evaluations/pi05_basket_stars_uns_pi05_parallel_20261002_105333/42025.mp4,472602,ac47d3669b327f4c8673248714247f18960e346f5d569561e3b159d373a17ccf
demo_envs/test_unseen_items_pick_to_basket/evaluations/pi05_basket_stars_uns_pi05_parallel_20261002_105333/42026.mp4,513929,8d22771fe75d827b03847c71d8d53f15d5335a465edf7f55e3e8e213d608076d
demo_envs/test_unseen_items_pick_to_basket/evaluations/pi05_basket_stars_uns_pi05_parallel_20261002_105333/42027.mp4,412753,fe45852d71adaab19f1b66e3b44e6628192946b097a6ef90f2a60753ed764567
demo_envs/test_unseen_items_pick_to_basket/evaluations/pi05_basket_stars_uns_pi05_parallel_20261002_105333/42028.mp4,410620,d51a808762d95c964ae51d527bbb865aedd300c93dd71951b02f774b9e92f5b0
demo_envs/test_unseen_items_pick_to_basket/evaluations/pi05_basket_stars_uns_pi05_parallel_20261002_105333/42029.mp4,418848,f8536ed107510085301d306b9963aac3ce4b6bb9a70eeaec1e9e731569643d68
demo_envs/test_unseen_scenes_move_from_board_to_board_duff/evaluations/pi05_board_duff_uns_pi05_parallel_20261002_105333/20261002_083823.h5,800,26c4d449632ea072317c16e9d4857e419b67e1b7751f81a89a87c8e75fe9484e
demo_envs/test_unseen_scenes_move_from_board_to_board_duff/evaluations/pi05_board_duff_uns_pi05_parallel_20261002_105333/20261002_083823.json,1194,aba21bb72261d7456fb5246558a94b8db3411639245238104fa638d83949f2c2
demo_envs/test_unseen_scenes_move_from_board_to_board_duff/evaluations/pi05_board_duff_uns_pi05_parallel_20261002_105333/42000.mp4,503207,0703c789966ad2a760e1e491edf91d4c606be65b8ee20c35c2de46ed7f2b2bf1
demo_envs/test_unseen_scenes_move_from_board_to_board_duff/evaluations/pi05_board_duff_uns_pi05_parallel_20261002_105333/42001.mp4,477114,64929db96c787fad9498ad3a9639b4f2ee3c9855bb9fb9b0321151b09653c5fd
demo_envs/test_unseen_scenes_move_from_board_to_board_duff/evaluations/pi05_board_duff_uns_pi05_parallel_20261002_105333/42002.mp4,569715,1f302e140eeba32e995a7a5440934bc842732d58b5197b6f581e306d69ae1e70
demo_envs/test_unseen_scenes_move_from_board_to_board_duff/evaluations/pi05_board_duff_uns_pi05_parallel_20261002_105333/42003.mp4,227605,bfebd6f082bebefdd3b7b2a7471a987e45b4096a6acb60b753ce17155ed10847
demo_envs/test_unseen_scenes_move_from_board_to_board_duff/evaluations/pi05_board_duff_uns_pi05_parallel_20261002_105333/42004.mp4,511034,8c9a9c271a58f5a5ebae6e72fa34fb9b9a1805b9eade855822c093c04e2a5fc6
demo_envs/test_unseen_scenes_move_from_board_to_board_duff/evaluations/pi05_board_duff_uns_pi05_parallel_20261002_105333/42005.mp4,653705,e1d3f29305aaefabeaa2c1e4bd0a148215b328c8bc5342557f9e35b8986e2943
demo_envs/test_unseen_scenes_move_from_board_to_board_duff/evaluations/pi05_board_duff_uns_pi05_parallel_20261002_105333/42006.mp4,586769,67f278692521eee1a6956dec6c63cb7675e214a32cdebac5357995130db9e4d4
demo_envs/test_unseen_scenes_move_from_board_to_board_duff/evaluations/pi05_board_duff_uns_pi05_parallel_20261002_105333/42007.mp4,269980,ffc061d45c6706bea85a4029038441e5285ef77621568a3c52047dc6a72ffc91
demo_envs/test_unseen_scenes_move_from_board_to_board_duff/evaluations/pi05_board_duff_uns_pi05_parallel_20261002_105333/42008.mp4,493142,907c9a756ea57f32bc1b3c8cde1a4e99d09e14fa0649ee8a2e76ac37baa8deba
demo_envs/test_unseen_scenes_move_from_board_to_board_duff/evaluations/pi05_board_duff_uns_pi05_parallel_20261002_105333/42009.mp4,414811,574c3ae5bee9a9eec4b9de8535567e327e03d4a108bd9bbd895b632ae060f565
demo_envs/test_unseen_scenes_move_from_board_to_board_duff/evaluations/pi05_board_duff_uns_pi05_parallel_20261002_105333/42010.mp4,545311,ac745b88a651df0f7d4860e0b76b2b5ad0af86e69e7a8fcc78a83c656fd3ad7a
demo_envs/test_unseen_scenes_move_from_board_to_board_duff/evaluations/pi05_board_duff_uns_pi05_parallel_20261002_105333/42011.mp4,693244,b48e2bfef176985bfdf488e8a0035b76c85108b3d75763666d578e2fc7ea698c
demo_envs/test_unseen_scenes_move_from_board_to_board_duff/evaluations/pi05_board_duff_uns_pi05_parallel_20261002_105333/42012.mp4,330328,68a6bbe1d2ddf9b2e70b8cb9ada3ca7ef77e46855a5254b12bce8861b30f2706
demo_envs/test_unseen_scenes_move_from_board_to_board_duff/evaluations/pi05_board_duff_uns_pi05_parallel_20261002_105333/42013.mp4,584871,0052fe56cc047dd1a1915bfa8c3831de9a6bb76cd5130d60c18bebc913840486
demo_envs/test_unseen_scenes_move_from_board_to_board_duff/evaluations/pi05_board_duff_uns_pi05_parallel_20261002_105333/42014.mp4,542416,804125e0315e2e4e3706f7101ae5eda7d15e54911a91091c4a98fadbb954d91e
demo_envs/test_unseen_scenes_move_from_board_to_board_duff/evaluations/pi05_board_duff_uns_pi05_parallel_20261002_105333/42015.mp4,663279,b7b564c530afa4f677a10fa5bb179385bf8c7870bec60384472f8638bd9b9d27
demo_envs/test_unseen_scenes_move_from_board_to_board_duff/evaluations/pi05_board_duff_uns_pi05_parallel_20261002_105333/42016.mp4,244173,1dae5af2eb06b30595141b749ef29bcb2c329d0b37411e3add8893be9b23a6ee
demo_envs/test_unseen_scenes_move_from_board_to_board_duff/evaluations/pi05_board_duff_uns_pi05_parallel_20261002_105333/42017.mp4,564200,d17cbf67425d4bfc7354ea43bc52258da10dc281d618b5178f480faf969ebbd1
demo_envs/test_unseen_scenes_move_from_board_to_board_duff/evaluations/pi05_board_duff_uns_pi05_parallel_20261002_105333/42018.mp4,578676,0bbf23ae8b8d5fe6030eaad9b4e940183c5910758dbbd0bedcc9014f0f1fb829
demo_envs/test_unseen_scenes_move_from_board_to_board_duff/evaluations/pi05_board_duff_uns_pi05_parallel_20261002_105333/42019.mp4,516623,6a5a94ff128a230596cdbf14a843d81dc09ad1c8165334795f50985c14f76550
demo_envs/test_unseen_scenes_move_from_board_to_board_duff/evaluations/pi05_board_duff_uns_pi05_parallel_20261002_105333/42020.mp4,734472,3516490267ec9ff190f86e551711e873b7dbd39f3420f38da8fbfb0cff207f11
demo_envs/test_unseen_scenes_move_from_board_to_board_duff/evaluations/pi05_board_duff_uns_pi05_parallel_20261002_105333/42021.mp4,624211,44b791f5357042ce999c3ce154704534f416bbf5388a277016da137295d62c2f
demo_envs/test_unseen_scenes_move_from_board_to_board_duff/evaluations/pi05_board_duff_uns_pi05_parallel_20261002_105333/42022.mp4,718782,0f80ace454ddca9f77a60e2f2b460d160a7e247f34a632cabc26ed620606dd76
demo_envs/test_unseen_scenes_move_from_board_to_board_duff/evaluations/pi05_board_duff_uns_pi05_parallel_20261002_105333/42023.mp4,537203,d8c49302132d38f5acb8a884c058a507ab045159348a265f6764f4c53e23b268
demo_envs/test_unseen_scenes_move_from_board_to_board_duff/evaluations/pi05_board_duff_uns_pi05_parallel_20261002_105333/42024.mp4,600337,1b8675055d2246aa7bb7532624309a26ecd4cecd095aa86f86a2d7566c8346f5
demo_envs/test_unseen_scenes_move_from_board_to_board_duff/evaluations/pi05_board_duff_uns_pi05_parallel_20261002_105333/42025.mp4,525379,d99a73c45df5346c783f2856e38013202475db47e290aee21f85237753333210
demo_envs/test_unseen_scenes_move_from_board_to_board_duff/evaluations/pi05_board_duff_uns_pi05_parallel_20261002_105333/42026.mp4,554648,98500dcd2508d3aef92147382e8af0a92cc57854c81b26ba73324f89e40798b2
demo_envs/test_unseen_scenes_move_from_board_to_board_duff/evaluations/pi05_board_duff_uns_pi05_parallel_20261002_105333/42027.mp4,464671,997c79fd8d569aeed5409844716bcf22dbcf9984e05670cdd78042d4b5e7599a
demo_envs/test_unseen_scenes_move_from_board_to_board_duff/evaluations/pi05_board_duff_uns_pi05_parallel_20261002_105333/42028.mp4,577634,a1282acfa4f7be9e7944469ee61e679c3dea8085799f52c7a774d79ffdb1d472
demo_envs/test_unseen_scenes_move_from_board_to_board_duff/evaluations/pi05_board_duff_uns_pi05_parallel_20261002_105333/42029.mp4,472188,5cd18d58c0ef647e4af4e5708ff1328733db738ffe3e51ce2f554fd09760a09c
demo_envs/test_unseen_scenes_move_from_board_to_board_nestle/evaluations/pi05_board_nestle_uns_pi05_parallel_20261002_105333/20261002_090954.h5,800,26c4d449632ea072317c16e9d4857e419b67e1b7751f81a89a87c8e75fe9484e
demo_envs/test_unseen_scenes_move_from_board_to_board_nestle/evaluations/pi05_board_nestle_uns_pi05_parallel_20261002_105333/20261002_090954.json,1197,f4483b50a0a6c055d63e8bc4178d8bb13727e7c2a64f6cb43d34b77a3ae4ace5
demo_envs/test_unseen_scenes_move_from_board_to_board_nestle/evaluations/pi05_board_nestle_uns_pi05_parallel_20261002_105333/42000.mp4,530311,04792d96bd6792bf23ab7e3a0b6272fec149633da61a716ecf79ce3089bd072e
demo_envs/test_unseen_scenes_move_from_board_to_board_nestle/evaluations/pi05_board_nestle_uns_pi05_parallel_20261002_105333/42001.mp4,452206,71d93173e10104daa078664d6490cb37bd57a9dd2c265249621859321b658c4c
demo_envs/test_unseen_scenes_move_from_board_to_board_nestle/evaluations/pi05_board_nestle_uns_pi05_parallel_20261002_105333/42002.mp4,639370,204f45460eaaed72b8f1ce9a8220dc26143058ed035baf0efc3c41c04b47b5b6
demo_envs/test_unseen_scenes_move_from_board_to_board_nestle/evaluations/pi05_board_nestle_uns_pi05_parallel_20261002_105333/42003.mp4,232413,4ed823202734437641680c0d2aa98a1dffdb5995f4afcc27fe6db541a7415d53
demo_envs/test_unseen_scenes_move_from_board_to_board_nestle/evaluations/pi05_board_nestle_uns_pi05_parallel_20261002_105333/42004.mp4,468410,f261379e9567f7e0e03d7292a0a0f3d62ee7979d17ba4b55c0870750ff84c0c2
demo_envs/test_unseen_scenes_move_from_board_to_board_nestle/evaluations/pi05_board_nestle_uns_pi05_parallel_20261002_105333/42005.mp4,288874,0aeba2be452e7ff05e083b41bf4fde282a4ded357d456142934b31668e508011
demo_envs/test_unseen_scenes_move_from_board_to_board_nestle/evaluations/pi05_board_nestle_uns_pi05_parallel_20261002_105333/42006.mp4,600104,a78a004eea89604ca07d82c11b34438e4aef43c9fcb2114555aaa0dd45420894
demo_envs/test_unseen_scenes_move_from_board_to_board_nestle/evaluations/pi05_board_nestle_uns_pi05_parallel_20261002_105333/42007.mp4,737822,0075273c91d9d8310075f506063cd9c3efc8c230a763b716cc21c4c775435c43
demo_envs/test_unseen_scenes_move_from_board_to_board_nestle/evaluations/pi05_board_nestle_uns_pi05_parallel_20261002_105333/42008.mp4,596068,2ec92a2f21d2b7fb38859204df588c8751a785b4979e0530f146cc07c27eca02
demo_envs/test_unseen_scenes_move_from_board_to_board_nestle/evaluations/pi05_board_nestle_uns_pi05_parallel_20261002_105333/42009.mp4,498069,16a68c1341a025afa686d7c15472cb20c958d56dee0425f615ca74ffd99bf4db
demo_envs/test_unseen_scenes_move_from_board_to_board_nestle/evaluations/pi05_board_nestle_uns_pi05_parallel_20261002_105333/42010.mp4,513839,db09f7aeee3e9b99685393ca4b8ec8a2bfe142008d382c11857abc77b6ef32ff
demo_envs/test_unseen_scenes_move_from_board_to_board_nestle/evaluations/pi05_board_nestle_uns_pi05_parallel_20261002_105333/42011.mp4,653970,3ef800d7c56c3974fcc187d077c57b5e92cf80c9596085d0a1b7c35e83b6bfb9
demo_envs/test_unseen_scenes_move_from_board_to_board_nestle/evaluations/pi05_board_nestle_uns_pi05_parallel_20261002_105333/42012.mp4,552282,6b7f99793b4199e33ae07a5b17b7847dd0a411e6168a0b4a0f3d499c5181837b
demo_envs/test_unseen_scenes_move_from_board_to_board_nestle/evaluations/pi05_board_nestle_uns_pi05_parallel_20261002_105333/42013.mp4,506236,8978593b62404dc6b02ef6728c2eba217eb443fdabcf786797da1c09f6d57d4b
demo_envs/test_unseen_scenes_move_from_board_to_board_nestle/evaluations/pi05_board_nestle_uns_pi05_parallel_20261002_105333/42014.mp4,826917,94f0dcc09d973bed26258b80d552a10acba0e1a68ead34dd45d225b14c31e2ba
demo_envs/test_unseen_scenes_move_from_board_to_board_nestle/evaluations/pi05_board_nestle_uns_pi05_parallel_20261002_105333/42015.mp4,860786,78b84e54d177ce0f243d02b177e91c54d108fc92caf0c18f5b333c4069815f5b
demo_envs/test_unseen_scenes_move_from_board_to_board_nestle/evaluations/pi05_board_nestle_uns_pi05_parallel_20261002_105333/42016.mp4,454104,2aa44d5a1e8d2a30f8fa612122da6ce8912e79488f47ef038ea1696b9c5059b3
demo_envs/test_unseen_scenes_move_from_board_to_board_nestle/evaluations/pi05_board_nestle_uns_pi05_parallel_20261002_105333/42017.mp4,256914,c10b6df30d4bcc21c895895a39f449e3416b425bb02ec3639cebcfdeb5f9912d
demo_envs/test_unseen_scenes_move_from_board_to_board_nestle/evaluations/pi05_board_nestle_uns_pi05_parallel_20261002_105333/42018.mp4,664035,031978755385aa07882acf2920c178863ac87951fd65155517e34cab75477afa
demo_envs/test_unseen_scenes_move_from_board_to_board_nestle/evaluations/pi05_board_nestle_uns_pi05_parallel_20261002_105333/42019.mp4,622594,0e0b2b670d4e7f2ff50791e98190d2b1aa59aa98c24e6c097a61639e5e67b8f0
demo_envs/test_unseen_scenes_move_from_board_to_board_nestle/evaluations/pi05_board_nestle_uns_pi05_parallel_20261002_105333/42020.mp4,519949,6208a9acbac90c4c4a5d728af813eca39067dd6e183f219bac4a9408173c49a4
demo_envs/test_unseen_scenes_move_from_board_to_board_nestle/evaluations/pi05_board_nestle_uns_pi05_parallel_20261002_105333/42021.mp4,556627,b2fecb05a439cd90d9c3728fa16eea39e744c593699b7b92c7263e287f327a0c
demo_envs/test_unseen_scenes_move_from_board_to_board_nestle/evaluations/pi05_board_nestle_uns_pi05_parallel_20261002_105333/42022.mp4,826889,6a96e8d591f1a2f3dc07a8cf15e1690403fee231986b4d43438c7827f1ff29f9
demo_envs/test_unseen_scenes_move_from_board_to_board_nestle/evaluations/pi05_board_nestle_uns_pi05_parallel_20261002_105333/42023.mp4,478788,beeca14a830310aba401b16c3179e4cda9a1c4abb5d822c472182231cf584317
demo_envs/test_unseen_scenes_move_from_board_to_board_nestle/evaluations/pi05_board_nestle_uns_pi05_parallel_20261002_105333/42024.mp4,547732,1b971fa6f7e7f3b4308e90747b9b1e9dbeaaf0bf662a49b90b75534e8cb45e58
demo_envs/test_unseen_scenes_move_from_board_to_board_nestle/evaluations/pi05_board_nestle_uns_pi05_parallel_20261002_105333/42025.mp4,204235,39cae828d9c5f27513321e36aaf07c1efb6941d7879d8fda135d66e8e64dc596
demo_envs/test_unseen_scenes_move_from_board_to_board_nestle/evaluations/pi05_board_nestle_uns_pi05_parallel_20261002_105333/42026.mp4,518175,69d26acf8596a6dfe8fe34ba823ba394f990f8adadb31657fa7e723635a8036b
demo_envs/test_unseen_scenes_move_from_board_to_board_nestle/evaluations/pi05_board_nestle_uns_pi05_parallel_20261002_105333/42027.mp4,194614,59f72bfc5e43e9f2362a0f1c236e74a1779f9a186ea810aa4e6a691022a3596b
demo_envs/test_unseen_scenes_move_from_board_to_board_nestle/evaluations/pi05_board_nestle_uns_pi05_parallel_20261002_105333/42028.mp4,615193,258932a3c979a45f18d8ecc30af299a42ba1be77b24965c9e351b2ff03c006bc
demo_envs/test_unseen_scenes_move_from_board_to_board_nestle/evaluations/pi05_board_nestle_uns_pi05_parallel_20261002_105333/42029.mp4,498992,884a594eb61a72b6fb49dfcf5d06bf818380bf14befbb1c9983ad82959a12cfe
demo_envs/test_unseen_scenes_move_from_board_to_board_vanish/evaluations/pi05_board_vanish_uns_pi05_parallel_20261002_105333/20261002_082059.h5,800,26c4d449632ea072317c16e9d4857e419b67e1b7751f81a89a87c8e75fe9484e
demo_envs/test_unseen_scenes_move_from_board_to_board_vanish/evaluations/pi05_board_vanish_uns_pi05_parallel_20261002_105333/20261002_082059.json,1197,93955e81bee7da98fb45ca26fb50f53e19c8f9175f4b254946188fe1b084c682
demo_envs/test_unseen_scenes_move_from_board_to_board_vanish/evaluations/pi05_board_vanish_uns_pi05_parallel_20261002_105333/42000.mp4,566207,55029c40a1a8019502fd428061d0d73e777a26f8b57f7a470a5427a94fc0a49a
demo_envs/test_unseen_scenes_move_from_board_to_board_vanish/evaluations/pi05_board_vanish_uns_pi05_parallel_20261002_105333/42001.mp4,482897,c4fc65fd86ef02f70b31d016b9c4ae0eaf571c7eeebec9fb849293c7d1fd4f9b
demo_envs/test_unseen_scenes_move_from_board_to_board_vanish/evaluations/pi05_board_vanish_uns_pi05_parallel_20261002_105333/42002.mp4,735830,0f3583198c614d6b1339f08420f30cb05112379c0ee76b21314c75f621252fb8
demo_envs/test_unseen_scenes_move_from_board_to_board_vanish/evaluations/pi05_board_vanish_uns_pi05_parallel_20261002_105333/42003.mp4,234357,8f3c42f2f3ef69e0782f621790725bd55d8e2252b9cbeaaecaa7545c153dd700
demo_envs/test_unseen_scenes_move_from_board_to_board_vanish/evaluations/pi05_board_vanish_uns_pi05_parallel_20261002_105333/42004.mp4,482142,a2c251da6c1f58a648c5709a67250116ddb84fc318b50922ba516e76c7019f88
demo_envs/test_unseen_scenes_move_from_board_to_board_vanish/evaluations/pi05_board_vanish_uns_pi05_parallel_20261002_105333/42005.mp4,279657,5951429bbefe8ad6e057dbd2e68840710bb9e20b099541b0943ea17571660174
demo_envs/test_unseen_scenes_move_from_board_to_board_vanish/evaluations/pi05_board_vanish_uns_pi05_parallel_20261002_105333/42006.mp4,756414,69d0a8ee7e6dd4f889e9721f60664c146d9b8a758669f3295b61b4166f162abc
demo_envs/test_unseen_scenes_move_from_board_to_board_vanish/evaluations/pi05_board_vanish_uns_pi05_parallel_20261002_105333/42007.mp4,719268,7bfd6d163ecae4d9f15a27641010fcdc3a7562683071b1037b65b89ec85aa1d2
demo_envs/test_unseen_scenes_move_from_board_to_board_vanish/evaluations/pi05_board_vanish_uns_pi05_parallel_20261002_105333/42008.mp4,569974,f13cf31229483e59c545cd2002b850a9fe5d26b5435876787bde0c45b81e451b
demo_envs/test_unseen_scenes_move_from_board_to_board_vanish/evaluations/pi05_board_vanish_uns_pi05_parallel_20261002_105333/42009.mp4,846694,fd0c9c4407fd3994e18bcad4e5bcb141f664049f1eee1f010ba227e047c6dc78
demo_envs/test_unseen_scenes_move_from_board_to_board_vanish/evaluations/pi05_board_vanish_uns_pi05_parallel_20261002_105333/42010.mp4,246656,741de26a2824a6db39e1768e232b2af8ca367a53b06f07c05676daff1dfef89d
demo_envs/test_unseen_scenes_move_from_board_to_board_vanish/evaluations/pi05_board_vanish_uns_pi05_parallel_20261002_105333/42011.mp4,807193,4799aef77388d852a41492c64b7b59e799a76ba553ed752077a6574994080887
demo_envs/test_unseen_scenes_move_from_board_to_board_vanish/evaluations/pi05_board_vanish_uns_pi05_parallel_20261002_105333/42012.mp4,277719,86eae26db6397713b87054ecf88a44406d4c36f9f229c88ef82ed6965bfedd8e
demo_envs/test_unseen_scenes_move_from_board_to_board_vanish/evaluations/pi05_board_vanish_uns_pi05_parallel_20261002_105333/42013.mp4,794582,89a98583aa8a60141f5bbfadead8febe7b5b14caba5f2ff0da3b7e64c1b7859d
demo_envs/test_unseen_scenes_move_from_board_to_board_vanish/evaluations/pi05_board_vanish_uns_pi05_parallel_20261002_105333/42014.mp4,588860,b7ced091ed37dac345035756a010fea3bf17792aefd701237f14cc02f6104be3
demo_envs/test_unseen_scenes_move_from_board_to_board_vanish/evaluations/pi05_board_vanish_uns_pi05_parallel_20261002_105333/42015.mp4,395723,49d139517fcbb22416ce23469bed52c8c8a1e991699f4c9844449474674d1904
demo_envs/test_unseen_scenes_move_from_board_to_board_vanish/evaluations/pi05_board_vanish_uns_pi05_parallel_20261002_105333/42016.mp4,604462,a2fb889b9d474f394dfdf6b844ef3af731e8630f4a3113337569cbd1c052e8db
demo_envs/test_unseen_scenes_move_from_board_to_board_vanish/evaluations/pi05_board_vanish_uns_pi05_parallel_20261002_105333/42017.mp4,622857,7a65675513e22e402094b476c869ec3c22a8186f44d2ac6d82f0730d993af60c
demo_envs/test_unseen_scenes_move_from_board_to_board_vanish/evaluations/pi05_board_vanish_uns_pi05_parallel_20261002_105333/42018.mp4,816773,e0c76038ff54ac98f078799c70a80f095eb9c0874722ab9c7c020e13ff7d197c
demo_envs/test_unseen_scenes_move_from_board_to_board_vanish/evaluations/pi05_board_vanish_uns_pi05_parallel_20261002_105333/42019.mp4,617195,ba7bac9bbbf5c0d6328681d5bf87207d2f0b22b6b013a182d087c8afb79e36d2
demo_envs/test_unseen_scenes_move_from_board_to_board_vanish/evaluations/pi05_board_vanish_uns_pi05_parallel_20261002_105333/42020.mp4,790502,9b2bf8cb90e81d6cbf7612f95ae5819e028a3641f9619cdad31585a1529520e8
demo_envs/test_unseen_scenes_move_from_board_to_board_vanish/evaluations/pi05_board_vanish_uns_pi05_parallel_20261002_105333/42021.mp4,795369,2f6a84dc02dbe9c341d317fe75018023ee942e97f4f734953e1efb801219c905
demo_envs/test_unseen_scenes_move_from_board_to_board_vanish/evaluations/pi05_board_vanish_uns_pi05_parallel_20261002_105333/42022.mp4,839557,d4978c7d99ded228f145fa96d4967da15544520209b3502d4ec4f9c2a60e6464
demo_envs/test_unseen_scenes_move_from_board_to_board_vanish/evaluations/pi05_board_vanish_uns_pi05_parallel_20261002_105333/42023.mp4,776404,d0fa024ba2bfee199e9b136dc99f174415e832bfc85a96dcf98e086af9ca31b7
demo_envs/test_unseen_scenes_move_from_board_to_board_vanish/evaluations/pi05_board_vanish_uns_pi05_parallel_20261002_105333/42024.mp4,520847,0b6932b4f0db38bc35d6822c66c575016a04a850aa77c4c556487958b0c1e72b
demo_envs/test_unseen_scenes_move_from_board_to_board_vanish/evaluations/pi05_board_vanish_uns_pi05_parallel_20261002_105333/42025.mp4,202619,61b61454d3cf0d52986e534f756f9543e6220630daaffe9fb59b046f95a5c5dd
demo_envs/test_unseen_scenes_move_from_board_to_board_vanish/evaluations/pi05_board_vanish_uns_pi05_parallel_20261002_105333/42026.mp4,535908,eb478320b2841829cb527e1b341ee0ec5c0e9fcbbcec19412e258aadc0b80188
demo_envs/test_unseen_scenes_move_from_board_to_board_vanish/evaluations/pi05_board_vanish_uns_pi05_parallel_20261002_105333/42027.mp4,193075,e60e62c55ce9f0bf38c6a9d23c5b1a077746579d5649a9ed9f4faa3b495d8990
demo_envs/test_unseen_scenes_move_from_board_to_board_vanish/evaluations/pi05_board_vanish_uns_pi05_parallel_20261002_105333/42028.mp4,313505,fe1a535b8c385af1e77b22c3329f7e97fde66c25748f9f06fca01e0fe60fd3a5
demo_envs/test_unseen_scenes_move_from_board_to_board_vanish/evaluations/pi05_board_vanish_uns_pi05_parallel_20261002_105333/42029.mp4,535736,a04d401afff455ea038bbd220c3f4e510becf5b97d018d1b376a13c549600c74
demo_envs/test_unseen_scenes_pick_from_floor/evaluations/pi05_floor_beans_uns_pi05_parallel_20261002_105333/20261002_085826.h5,800,26c4d449632ea072317c16e9d4857e419b67e1b7751f81a89a87c8e75fe9484e
demo_envs/test_unseen_scenes_pick_from_floor/evaluations/pi05_floor_beans_uns_pi05_parallel_20261002_105333/20261002_085826.json,1174,9842ac84149eb508d81646a27160c796647cb5a2ed89a2fa828e48ade7d650bb
demo_envs/test_unseen_scenes_pick_from_floor/evaluations/pi05_floor_beans_uns_pi05_parallel_20261002_105333/42000.mp4,694604,37b6d29f5c2e15fc9620d1c63a2e581cd3ba150e145223e6c595856f254ee9c6
demo_envs/test_unseen_scenes_pick_from_floor/evaluations/pi05_floor_beans_uns_pi05_parallel_20261002_105333/42001.mp4,623824,a8ac9c3a7f636495466acd3bb55ebf8bb2dae9876336bb76c5ff53f478c3c417
demo_envs/test_unseen_scenes_pick_from_floor/evaluations/pi05_floor_beans_uns_pi05_parallel_20261002_105333/42002.mp4,310131,a5b0e6f1da50f3e98ed439703559c03b5711e4a8ad25c53fecfc0b700e8b32a2
demo_envs/test_unseen_scenes_pick_from_floor/evaluations/pi05_floor_beans_uns_pi05_parallel_20261002_105333/42003.mp4,642178,403cd96f3d6b08c005e83132680fa8f00cd07440bd9b742510dfe95199e5756c
demo_envs/test_unseen_scenes_pick_from_floor/evaluations/pi05_floor_beans_uns_pi05_parallel_20261002_105333/42004.mp4,155465,13d1d162cb5fb6ae766ef1dfa178910d66c41e644df34ace606e54439f186ddd
demo_envs/test_unseen_scenes_pick_from_floor/evaluations/pi05_floor_beans_uns_pi05_parallel_20261002_105333/42005.mp4,689920,8d8f6911218911cf5356897f672929039072c8f5635d6847fb133fd31e344a13
demo_envs/test_unseen_scenes_pick_from_floor/evaluations/pi05_floor_beans_uns_pi05_parallel_20261002_105333/42006.mp4,637196,1b4bdd29bc4811b2a644e4de3809650b83170b07d058de60c8dbb45aedba7f22
demo_envs/test_unseen_scenes_pick_from_floor/evaluations/pi05_floor_beans_uns_pi05_parallel_20261002_105333/42007.mp4,659131,724091bfe6478cd62206db4e0ada280b8d2bf57f44a82c9361a9693254d921db
demo_envs/test_unseen_scenes_pick_from_floor/evaluations/pi05_floor_beans_uns_pi05_parallel_20261002_105333/42008.mp4,733082,95bdfd733d766bada61b1d823d78f60a30e3c50a5615351140f96b4dd1f9dedd
demo_envs/test_unseen_scenes_pick_from_floor/evaluations/pi05_floor_beans_uns_pi05_parallel_20261002_105333/42009.mp4,696723,a51100cc63c0990dd3d1ca3e79cf352d202c8df0c1aa59a9c2daf3fe0d3de40b
demo_envs/test_unseen_scenes_pick_from_floor/evaluations/pi05_floor_beans_uns_pi05_parallel_20261002_105333/42010.mp4,533966,64614280eb5f9d60511bbd42f9929f720d6ff52c733b861e1d263bf86e3fe586
demo_envs/test_unseen_scenes_pick_from_floor/evaluations/pi05_floor_beans_uns_pi05_parallel_20261002_105333/42011.mp4,625300,979c6978f0f06d66434d4fe1cf911aecccf7a676811205fac627ab29f56d359e
demo_envs/test_unseen_scenes_pick_from_floor/evaluations/pi05_floor_beans_uns_pi05_parallel_20261002_105333/42012.mp4,566572,37f517feadb9659013d599b33185df8a8b625a4652fd8fc295ad91f78e28a68e
demo_envs/test_unseen_scenes_pick_from_floor/evaluations/pi05_floor_beans_uns_pi05_parallel_20261002_105333/42013.mp4,469091,a6da9d863faf0bc8bb4f149483fd94172454c469a5f8993d35a3ce57074dad59
demo_envs/test_unseen_scenes_pick_from_floor/evaluations/pi05_floor_beans_uns_pi05_parallel_20261002_105333/42014.mp4,613841,3546ceddc99adf586ee2783bac2d2703d567cf756ef1c425ab34d2a5ae6c73db
demo_envs/test_unseen_scenes_pick_from_floor/evaluations/pi05_floor_beans_uns_pi05_parallel_20261002_105333/42015.mp4,895501,ec19fa27a3672c34826bd79174624eb0217215217ad56768f6dc18c4fbeec6ef
demo_envs/test_unseen_scenes_pick_from_floor/evaluations/pi05_floor_beans_uns_pi05_parallel_20261002_105333/42016.mp4,633807,500f1af22b10b74f0f4219238c25c1ba1bd91ffd5308bb3450e6d95f4e23df73
demo_envs/test_unseen_scenes_pick_from_floor/evaluations/pi05_floor_beans_uns_pi05_parallel_20261002_105333/42017.mp4,563033,66a5959b24c628cf8ce9c960e9c0255e47d704805e411299309b90d6e759b1c8
demo_envs/test_unseen_scenes_pick_from_floor/evaluations/pi05_floor_beans_uns_pi05_parallel_20261002_105333/42018.mp4,692782,03cee0bbfb2539b03e7b56097e97d279985e8701b42c02ac6d8340d982a12cd8
demo_envs/test_unseen_scenes_pick_from_floor/evaluations/pi05_floor_beans_uns_pi05_parallel_20261002_105333/42019.mp4,483745,d3f4aed8f506be8a7c08aeeafc184a2c1b5c0ac4e963c10185866b0b45c1862d
demo_envs/test_unseen_scenes_pick_from_floor/evaluations/pi05_floor_beans_uns_pi05_parallel_20261002_105333/42020.mp4,657768,45d76f92404dbbbf319e4f2d5db974ae8b6e2b98b00fc91736e1677945d31d46
demo_envs/test_unseen_scenes_pick_from_floor/evaluations/pi05_floor_beans_uns_pi05_parallel_20261002_105333/42021.mp4,679832,eb354a680f23f50213a6ec329d8a154bab86c1c489945e55ee69cb460ca28d3d
demo_envs/test_unseen_scenes_pick_from_floor/evaluations/pi05_floor_beans_uns_pi05_parallel_20261002_105333/42022.mp4,643025,c9df238b6e3fe0ee00497c8d9f962a213bb6f161f9e754c13a6f9e83bf696cac
demo_envs/test_unseen_scenes_pick_from_floor/evaluations/pi05_floor_beans_uns_pi05_parallel_20261002_105333/42023.mp4,694979,58d991110759785cd21548add5421e78ee9caa0f26041f50a66099e9269098a8
demo_envs/test_unseen_scenes_pick_from_floor/evaluations/pi05_floor_beans_uns_pi05_parallel_20261002_105333/42024.mp4,844471,eb972cf589c139a0a29cac7d5e84fba9ee2802781257802d40744122c7793b74
demo_envs/test_unseen_scenes_pick_from_floor/evaluations/pi05_floor_beans_uns_pi05_parallel_20261002_105333/42025.mp4,360050,bf033682805979ec2a6f801c9c5b158e3fdde1f6a000dc2e21cd077cb4af9330
demo_envs/test_unseen_scenes_pick_from_floor/evaluations/pi05_floor_beans_uns_pi05_parallel_20261002_105333/42026.mp4,459274,45614bcfb5c3be8211224b47f767fd90a694278f268f23f0350933e6fabe1ee3
demo_envs/test_unseen_scenes_pick_from_floor/evaluations/pi05_floor_beans_uns_pi05_parallel_20261002_105333/42027.mp4,471409,98691a726626cde5437499e88a0c78467754a14c7238fbbc9c8d7167e4309213
demo_envs/test_unseen_scenes_pick_from_floor/evaluations/pi05_floor_beans_uns_pi05_parallel_20261002_105333/42028.mp4,687582,5fa35b36729ffbf4a5d256b91108aa3bd70b4abd6041abd6177f166f70796016
demo_envs/test_unseen_scenes_pick_from_floor/evaluations/pi05_floor_beans_uns_pi05_parallel_20261002_105333/42029.mp4,583773,4417c38f31577d263a02c05ad220788ff04fa30ba20677847a1c70b71d19e6ff
demo_envs/test_unseen_scenes_pick_from_floor/evaluations/pi05_floor_slam_uns_pi05_parallel_20261002_105333/20261002_094317.h5,800,26c4d449632ea072317c16e9d4857e419b67e1b7751f81a89a87c8e75fe9484e
demo_envs/test_unseen_scenes_pick_from_floor/evaluations/pi05_floor_slam_uns_pi05_parallel_20261002_105333/20261002_094317.json,1173,c5ddbff9d45b3298a022c71cc7659b7556fb7d914260460d8f71bfedba7fac36
demo_envs/test_unseen_scenes_pick_from_floor/evaluations/pi05_floor_slam_uns_pi05_parallel_20261002_105333/42000.mp4,546738,652df44a9bcea5e766070e567e63da10e64549102a596fe7c04fd0dae9e682b4
demo_envs/test_unseen_scenes_pick_from_floor/evaluations/pi05_floor_slam_uns_pi05_parallel_20261002_105333/42001.mp4,590236,4015ddb0fc6fae982bca80b2acacb9c289f0c4700d809ee6ce2d4b19dfd54935
demo_envs/test_unseen_scenes_pick_from_floor/evaluations/pi05_floor_slam_uns_pi05_parallel_20261002_105333/42002.mp4,307310,a76d3f97943b608dedc0d270589eed9c4059788db9dc1eb63a8a3d61a69b70d5
demo_envs/test_unseen_scenes_pick_from_floor/evaluations/pi05_floor_slam_uns_pi05_parallel_20261002_105333/42003.mp4,629962,d6c5274c6d23f81f38eba5f8421d399a7cbcaa3cebf9c92b24f905859b6ea982
demo_envs/test_unseen_scenes_pick_from_floor/evaluations/pi05_floor_slam_uns_pi05_parallel_20261002_105333/42004.mp4,155465,13d1d162cb5fb6ae766ef1dfa178910d66c41e644df34ace606e54439f186ddd
demo_envs/test_unseen_scenes_pick_from_floor/evaluations/pi05_floor_slam_uns_pi05_parallel_20261002_105333/42005.mp4,665405,bb2c7dc3a0dedd47bf87ac9aac82e284a6daabd4b51cc4d84f161850a6de49ae
demo_envs/test_unseen_scenes_pick_from_floor/evaluations/pi05_floor_slam_uns_pi05_parallel_20261002_105333/42006.mp4,586956,71c8604e1eb961831628821ee22ee744a37982f9999802eaeadb4a6ee7e14398
demo_envs/test_unseen_scenes_pick_from_floor/evaluations/pi05_floor_slam_uns_pi05_parallel_20261002_105333/42007.mp4,554112,ed5b2b074b78b8cee6bbc4766c65565327022e7443ae45dc8a59f6e603dabca7
demo_envs/test_unseen_scenes_pick_from_floor/evaluations/pi05_floor_slam_uns_pi05_parallel_20261002_105333/42008.mp4,622540,3df8a4d6317ab3481b96b55932d98c507b13da86a31e3735e1d9a8ece0cdb9ce
demo_envs/test_unseen_scenes_pick_from_floor/evaluations/pi05_floor_slam_uns_pi05_parallel_20261002_105333/42009.mp4,713151,be15e0a646efebef4d5b97488faa752deba3ebfa15d5455d838696bee0248d10
demo_envs/test_unseen_scenes_pick_from_floor/evaluations/pi05_floor_slam_uns_pi05_parallel_20261002_105333/42010.mp4,549964,f986e0a7109dab7ac157bd33d47a6a0f452d5fc8f5d399a8d97fbe4e38b7b3d2
demo_envs/test_unseen_scenes_pick_from_floor/evaluations/pi05_floor_slam_uns_pi05_parallel_20261002_105333/42011.mp4,562681,ea887b998c8a192ba212d5343b2f4be53632722a9ca30da680490b53b00c9380
demo_envs/test_unseen_scenes_pick_from_floor/evaluations/pi05_floor_slam_uns_pi05_parallel_20261002_105333/42012.mp4,589053,eb6e2089cf6fb28668cb764899b93d7063885d7e3764f54a8dcb0e0fe93c2b98
demo_envs/test_unseen_scenes_pick_from_floor/evaluations/pi05_floor_slam_uns_pi05_parallel_20261002_105333/42013.mp4,449333,b6c8230ea590b3a2b99d7046a723b7c717bcf643ff69f3c2178e218efcfca863
demo_envs/test_unseen_scenes_pick_from_floor/evaluations/pi05_floor_slam_uns_pi05_parallel_20261002_105333/42014.mp4,653469,02f833c63a69fd3b859a8d28bd41224ce421998d5f0a59ec002bd2092e42ed83
demo_envs/test_unseen_scenes_pick_from_floor/evaluations/pi05_floor_slam_uns_pi05_parallel_20261002_105333/42015.mp4,676970,639601d555ccb4828c2c62c1cbb1fc45c291ff52a6bb07d281718a8231ddcd6c
demo_envs/test_unseen_scenes_pick_from_floor/evaluations/pi05_floor_slam_uns_pi05_parallel_20261002_105333/42016.mp4,733181,ed6821474a9991ffd4e9fed85f5cf391b860a1769a7b175d16b775383875dcb4
demo_envs/test_unseen_scenes_pick_from_floor/evaluations/pi05_floor_slam_uns_pi05_parallel_20261002_105333/42017.mp4,553696,d6303c2245a88e9ba32e7acc8b2c2b828efd83b7ce4fda3f361c815a84e843df
demo_envs/test_unseen_scenes_pick_from_floor/evaluations/pi05_floor_slam_uns_pi05_parallel_20261002_105333/42018.mp4,560415,59421c5e2df90433d41db7a1b41255d7769437b16882493d851483cb81f12095
demo_envs/test_unseen_scenes_pick_from_floor/evaluations/pi05_floor_slam_uns_pi05_parallel_20261002_105333/42019.mp4,446238,ce1a88ec93fae845e2d0b8ba2e346a6620e0487420fddd6afc9e26bb44ae8da5
demo_envs/test_unseen_scenes_pick_from_floor/evaluations/pi05_floor_slam_uns_pi05_parallel_20261002_105333/42020.mp4,764199,329ad0bb4a35a6dbe68c7676063c31284d5717fd88666f07516313424771b9bc
demo_envs/test_unseen_scenes_pick_from_floor/evaluations/pi05_floor_slam_uns_pi05_parallel_20261002_105333/42021.mp4,642509,d487815b23233f87aaa6755a2e6f1202f62c2544633c09a57355f924a291e9a3
demo_envs/test_unseen_scenes_pick_from_floor/evaluations/pi05_floor_slam_uns_pi05_parallel_20261002_105333/42022.mp4,564038,ee5f013a83b81c295c8b7984064293b43a5120ec80a250a66900fd529ec04f9a
demo_envs/test_unseen_scenes_pick_from_floor/evaluations/pi05_floor_slam_uns_pi05_parallel_20261002_105333/42023.mp4,703811,adbca3a32f4346ef4a06cf3001112f02c56d828b111dbb3a0b9f0fcb9e8b3973
demo_envs/test_unseen_scenes_pick_from_floor/evaluations/pi05_floor_slam_uns_pi05_parallel_20261002_105333/42024.mp4,963916,7e92f2bdf6cca44daffeed0b80d5c80dd36307f61a2b34c8b89a1244f2049365
demo_envs/test_unseen_scenes_pick_from_floor/evaluations/pi05_floor_slam_uns_pi05_parallel_20261002_105333/42025.mp4,364201,e58a382e8490a45cd0de056aa041920fecb793dfcb2cf9348bfbd09e5a3d6f00
demo_envs/test_unseen_scenes_pick_from_floor/evaluations/pi05_floor_slam_uns_pi05_parallel_20261002_105333/42026.mp4,470971,453fe6f43d775ad51cc992ecb9223156b1d87d20c46391936163aeacd439acbb
demo_envs/test_unseen_scenes_pick_from_floor/evaluations/pi05_floor_slam_uns_pi05_parallel_20261002_105333/42027.mp4,506325,31eb78aeca4f55079d89e4ff8853d14fb9051ddcdb4df12ce6d00851f30bfce5
demo_envs/test_unseen_scenes_pick_from_floor/evaluations/pi05_floor_slam_uns_pi05_parallel_20261002_105333/42028.mp4,635625,00d6b6dca7732f570bc0cc3fa41d68ab8f908b9317fa8da98f593c31d2d51132
demo_envs/test_unseen_scenes_pick_from_floor/evaluations/pi05_floor_slam_uns_pi05_parallel_20261002_105333/42029.mp4,522248,2aa4cb927a81f8cee27c6f6da1f28f18d186d7723bbf38cdeda796ef9e4303c4
