config,task,video_episode_id,success,video_path,source_log
1,board_duff_train,8,0,demo_envs/move_from_board_to_board_duff/evaluations/pi05_board_duff_train_pi05_parallel_20261002_105333/8.mp4,logs/pi05_parallel_20261002_105333_config01.log
1,board_duff_train,20,0,demo_envs/move_from_board_to_board_duff/evaluations/pi05_board_duff_train_pi05_parallel_20261002_105333/20.mp4,logs/pi05_parallel_20261002_105333_config01.log
1,board_duff_train,24,0,demo_envs/move_from_board_to_board_duff/evaluations/pi05_board_duff_train_pi05_parallel_20261002_105333/24.mp4,logs/pi05_parallel_20261002_105333_config01.log
1,board_duff_train,32,0,demo_envs/move_from_board_to_board_duff/evaluations/pi05_board_duff_train_pi05_parallel_20261002_105333/32.mp4,logs/pi05_parallel_20261002_105333_config01.log
1,board_duff_train,44,0,demo_envs/move_from_board_to_board_duff/evaluations/pi05_board_duff_train_pi05_parallel_20261002_105333/44.mp4,logs/pi05_parallel_20261002_105333_config01.log
1,board_duff_train,48,0,demo_envs/move_from_board_to_board_duff/evaluations/pi05_board_duff_train_pi05_parallel_20261002_105333/48.mp4,logs/pi05_parallel_20261002_105333_config01.log
1,board_duff_train,56,0,demo_envs/move_from_board_to_board_duff/evaluations/pi05_board_duff_train_pi05_parallel_20261002_105333/56.mp4,logs/pi05_parallel_20261002_105333_config01.log
1,board_duff_train,72,0,demo_envs/move_from_board_to_board_duff/evaluations/pi05_board_duff_train_pi05_parallel_20261002_105333/72.mp4,logs/pi05_parallel_20261002_105333_config01.log
1,board_duff_train,88,0,demo_envs/move_from_board_to_board_duff/evaluations/pi05_board_duff_train_pi05_parallel_20261002_105333/88.mp4,logs/pi05_parallel_20261002_105333_config01.log
1,board_duff_train,92,0,demo_envs/move_from_board_to_board_duff/evaluations/pi05_board_duff_train_pi05_parallel_20261002_105333/92.mp4,logs/pi05_parallel_20261002_105333_config01.log
1,board_duff_train,96,0,demo_envs/move_from_board_to_board_duff/evaluations/pi05_board_duff_train_pi05_parallel_20261002_105333/96.mp4,logs/pi05_parallel_20261002_105333_config01.log
1,board_duff_train,100,0,demo_envs/move_from_board_to_board_duff/evaluations/pi05_board_duff_train_pi05_parallel_20261002_105333/100.mp4,logs/pi05_parallel_20261002_105333_config01.log
1,board_duff_train,112,0,demo_envs/move_from_board_to_board_duff/evaluations/pi05_board_duff_train_pi05_parallel_20261002_105333/112.mp4,logs/pi05_parallel_20261002_105333_config01.log
1,board_duff_train,120,0,demo_envs/move_from_board_to_board_duff/evaluations/pi05_board_duff_train_pi05_parallel_20261002_105333/120.mp4,logs/pi05_parallel_20261002_105333_config01.log
1,board_duff_train,128,0,demo_envs/move_from_board_to_board_duff/evaluations/pi05_board_duff_train_pi05_parallel_20261002_105333/128.mp4,logs/pi05_parallel_20261002_105333_config01.log
1,board_duff_train,132,0,demo_envs/move_from_board_to_board_duff/evaluations/pi05_board_duff_train_pi05_parallel_20261002_105333/132.mp4,logs/pi05_parallel_20261002_105333_config01.log
1,board_duff_train,140,0,demo_envs/move_from_board_to_board_duff/evaluations/pi05_board_duff_train_pi05_parallel_20261002_105333/140.mp4,logs/pi05_parallel_20261002_105333_config01.log
1,board_duff_train,148,0,demo_envs/move_from_board_to_board_duff/evaluations/pi05_board_duff_train_pi05_parallel_20261002_105333/148.mp4,logs/pi05_parallel_20261002_105333_config01.log
1,board_duff_train,152,0,demo_envs/move_from_board_to_board_duff/evaluations/pi05_board_duff_train_pi05_parallel_20261002_105333/152.mp4,logs/pi05_parallel_20261002_105333_config01.log
1,board_duff_train,156,0,demo_envs/move_from_board_to_board_duff/evaluations/pi05_board_duff_train_pi05_parallel_20261002_105333/156.mp4,logs/pi05_parallel_20261002_105333_config01.log
1,board_duff_train,160,0,demo_envs/move_from_board_to_board_duff/evaluations/pi05_board_duff_train_pi05_parallel_20261002_105333/160.mp4,logs/pi05_parallel_20261002_105333_config01.log
1,board_duff_train,164,0,demo_envs/move_from_board_to_board_duff/evaluations/pi05_board_duff_train_pi05_parallel_20261002_105333/164.mp4,logs/pi05_parallel_20261002_105333_config01.log
1,board_duff_train,168,0,demo_envs/move_from_board_to_board_duff/evaluations/pi05_board_duff_train_pi05_parallel_20261002_105333/168.mp4,logs/pi05_parallel_20261002_105333_config01.log
1,board_duff_train,176,0,demo_envs/move_from_board_to_board_duff/evaluations/pi05_board_duff_train_pi05_parallel_20261002_105333/176.mp4,logs/pi05_parallel_20261002_105333_config01.log
1,board_duff_train,184,0,demo_envs/move_from_board_to_board_duff/evaluations/pi05_board_duff_train_pi05_parallel_20261002_105333/184.mp4,logs/pi05_parallel_20261002_105333_config01.log
1,board_duff_train,188,0,demo_envs/move_from_board_to_board_duff/evaluations/pi05_board_duff_train_pi05_parallel_20261002_105333/188.mp4,logs/pi05_parallel_20261002_105333_config01.log
1,board_duff_train,192,0,demo_envs/move_from_board_to_board_duff/evaluations/pi05_board_duff_train_pi05_parallel_20261002_105333/192.mp4,logs/pi05_parallel_20261002_105333_config01.log
1,board_duff_train,196,0,demo_envs/move_from_board_to_board_duff/evaluations/pi05_board_duff_train_pi05_parallel_20261002_105333/196.mp4,logs/pi05_parallel_20261002_105333_config01.log
1,board_duff_train,204,0,demo_envs/move_from_board_to_board_duff/evaluations/pi05_board_duff_train_pi05_parallel_20261002_105333/204.mp4,logs/pi05_parallel_20261002_105333_config01.log
1,board_duff_train,216,0,demo_envs/move_from_board_to_board_duff/evaluations/pi05_board_duff_train_pi05_parallel_20261002_105333/216.mp4,logs/pi05_parallel_20261002_105333_config01.log
2,board_nestle_train,0,0,demo_envs/move_from_board_to_board_nestle/evaluations/pi05_board_nestle_train_pi05_parallel_20261002_105333/0.mp4,logs/pi05_parallel_20261002_105333_config02.log
2,board_nestle_train,12,0,demo_envs/move_from_board_to_board_nestle/evaluations/pi05_board_nestle_train_pi05_parallel_20261002_105333/12.mp4,logs/pi05_parallel_20261002_105333_config02.log
2,board_nestle_train,20,0,demo_envs/move_from_board_to_board_nestle/evaluations/pi05_board_nestle_train_pi05_parallel_20261002_105333/20.mp4,logs/pi05_parallel_20261002_105333_config02.log
2,board_nestle_train,24,0,demo_envs/move_from_board_to_board_nestle/evaluations/pi05_board_nestle_train_pi05_parallel_20261002_105333/24.mp4,logs/pi05_parallel_20261002_105333_config02.log
2,board_nestle_train,28,0,demo_envs/move_from_board_to_board_nestle/evaluations/pi05_board_nestle_train_pi05_parallel_20261002_105333/28.mp4,logs/pi05_parallel_20261002_105333_config02.log
2,board_nestle_train,44,0,demo_envs/move_from_board_to_board_nestle/evaluations/pi05_board_nestle_train_pi05_parallel_20261002_105333/44.mp4,logs/pi05_parallel_20261002_105333_config02.log
2,board_nestle_train,60,0,demo_envs/move_from_board_to_board_nestle/evaluations/pi05_board_nestle_train_pi05_parallel_20261002_105333/60.mp4,logs/pi05_parallel_20261002_105333_config02.log
2,board_nestle_train,68,0,demo_envs/move_from_board_to_board_nestle/evaluations/pi05_board_nestle_train_pi05_parallel_20261002_105333/68.mp4,logs/pi05_parallel_20261002_105333_config02.log
2,board_nestle_train,80,0,demo_envs/move_from_board_to_board_nestle/evaluations/pi05_board_nestle_train_pi05_parallel_20261002_105333/80.mp4,logs/pi05_parallel_20261002_105333_config02.log
2,board_nestle_train,112,0,demo_envs/move_from_board_to_board_nestle/evaluations/pi05_board_nestle_train_pi05_parallel_20261002_105333/112.mp4,logs/pi05_parallel_20261002_105333_config02.log
2,board_nestle_train,124,0,demo_envs/move_from_board_to_board_nestle/evaluations/pi05_board_nestle_train_pi05_parallel_20261002_105333/124.mp4,logs/pi05_parallel_20261002_105333_config02.log
2,board_nestle_train,128,0,demo_envs/move_from_board_to_board_nestle/evaluations/pi05_board_nestle_train_pi05_parallel_20261002_105333/128.mp4,logs/pi05_parallel_20261002_105333_config02.log
2,board_nestle_train,132,0,demo_envs/move_from_board_to_board_nestle/evaluations/pi05_board_nestle_train_pi05_parallel_20261002_105333/132.mp4,logs/pi05_parallel_20261002_105333_config02.log
2,board_nestle_train,144,0,demo_envs/move_from_board_to_board_nestle/evaluations/pi05_board_nestle_train_pi05_parallel_20261002_105333/144.mp4,logs/pi05_parallel_20261002_105333_config02.log
2,board_nestle_train,148,0,demo_envs/move_from_board_to_board_nestle/evaluations/pi05_board_nestle_train_pi05_parallel_20261002_105333/148.mp4,logs/pi05_parallel_20261002_105333_config02.log
2,board_nestle_train,156,0,demo_envs/move_from_board_to_board_nestle/evaluations/pi05_board_nestle_train_pi05_parallel_20261002_105333/156.mp4,logs/pi05_parallel_20261002_105333_config02.log
2,board_nestle_train,160,0,demo_envs/move_from_board_to_board_nestle/evaluations/pi05_board_nestle_train_pi05_parallel_20261002_105333/160.mp4,logs/pi05_parallel_20261002_105333_config02.log
2,board_nestle_train,176,0,demo_envs/move_from_board_to_board_nestle/evaluations/pi05_board_nestle_train_pi05_parallel_20261002_105333/176.mp4,logs/pi05_parallel_20261002_105333_config02.log
2,board_nestle_train,184,0,demo_envs/move_from_board_to_board_nestle/evaluations/pi05_board_nestle_train_pi05_parallel_20261002_105333/184.mp4,logs/pi05_parallel_20261002_105333_config02.log
2,board_nestle_train,188,0,demo_envs/move_from_board_to_board_nestle/evaluations/pi05_board_nestle_train_pi05_parallel_20261002_105333/188.mp4,logs/pi05_parallel_20261002_105333_config02.log
2,board_nestle_train,192,0,demo_envs/move_from_board_to_board_nestle/evaluations/pi05_board_nestle_train_pi05_parallel_20261002_105333/192.mp4,logs/pi05_parallel_20261002_105333_config02.log
2,board_nestle_train,212,0,demo_envs/move_from_board_to_board_nestle/evaluations/pi05_board_nestle_train_pi05_parallel_20261002_105333/212.mp4,logs/pi05_parallel_20261002_105333_config02.log
2,board_nestle_train,220,0,demo_envs/move_from_board_to_board_nestle/evaluations/pi05_board_nestle_train_pi05_parallel_20261002_105333/220.mp4,logs/pi05_parallel_20261002_105333_config02.log
2,board_nestle_train,244,0,demo_envs/move_from_board_to_board_nestle/evaluations/pi05_board_nestle_train_pi05_parallel_20261002_105333/244.mp4,logs/pi05_parallel_20261002_105333_config02.log
2,board_nestle_train,256,0,demo_envs/move_from_board_to_board_nestle/evaluations/pi05_board_nestle_train_pi05_parallel_20261002_105333/256.mp4,logs/pi05_parallel_20261002_105333_config02.log
2,board_nestle_train,276,0,demo_envs/move_from_board_to_board_nestle/evaluations/pi05_board_nestle_train_pi05_parallel_20261002_105333/276.mp4,logs/pi05_parallel_20261002_105333_config02.log
2,board_nestle_train,288,0,demo_envs/move_from_board_to_board_nestle/evaluations/pi05_board_nestle_train_pi05_parallel_20261002_105333/288.mp4,logs/pi05_parallel_20261002_105333_config02.log
2,board_nestle_train,296,0,demo_envs/move_from_board_to_board_nestle/evaluations/pi05_board_nestle_train_pi05_parallel_20261002_105333/296.mp4,logs/pi05_parallel_20261002_105333_config02.log
2,board_nestle_train,304,0,demo_envs/move_from_board_to_board_nestle/evaluations/pi05_board_nestle_train_pi05_parallel_20261002_105333/304.mp4,logs/pi05_parallel_20261002_105333_config02.log
2,board_nestle_train,308,0,demo_envs/move_from_board_to_board_nestle/evaluations/pi05_board_nestle_train_pi05_parallel_20261002_105333/308.mp4,logs/pi05_parallel_20261002_105333_config02.log
3,board_vanish_train,8,0,demo_envs/move_from_board_to_board_vanish/evaluations/pi05_board_vanish_train_pi05_parallel_20261002_105333/8.mp4,logs/pi05_parallel_20261002_105333_config03.log
3,board_vanish_train,24,0,demo_envs/move_from_board_to_board_vanish/evaluations/pi05_board_vanish_train_pi05_parallel_20261002_105333/24.mp4,logs/pi05_parallel_20261002_105333_config03.log
3,board_vanish_train,28,0,demo_envs/move_from_board_to_board_vanish/evaluations/pi05_board_vanish_train_pi05_parallel_20261002_105333/28.mp4,logs/pi05_parallel_20261002_105333_config03.log
3,board_vanish_train,68,0,demo_envs/move_from_board_to_board_vanish/evaluations/pi05_board_vanish_train_pi05_parallel_20261002_105333/68.mp4,logs/pi05_parallel_20261002_105333_config03.log
3,board_vanish_train,84,0,demo_envs/move_from_board_to_board_vanish/evaluations/pi05_board_vanish_train_pi05_parallel_20261002_105333/84.mp4,logs/pi05_parallel_20261002_105333_config03.log
3,board_vanish_train,108,0,demo_envs/move_from_board_to_board_vanish/evaluations/pi05_board_vanish_train_pi05_parallel_20261002_105333/108.mp4,logs/pi05_parallel_20261002_105333_config03.log
3,board_vanish_train,128,0,demo_envs/move_from_board_to_board_vanish/evaluations/pi05_board_vanish_train_pi05_parallel_20261002_105333/128.mp4,logs/pi05_parallel_20261002_105333_config03.log
3,board_vanish_train,132,0,demo_envs/move_from_board_to_board_vanish/evaluations/pi05_board_vanish_train_pi05_parallel_20261002_105333/132.mp4,logs/pi05_parallel_20261002_105333_config03.log
3,board_vanish_train,176,0,demo_envs/move_from_board_to_board_vanish/evaluations/pi05_board_vanish_train_pi05_parallel_20261002_105333/176.mp4,logs/pi05_parallel_20261002_105333_config03.log
3,board_vanish_train,184,0,demo_envs/move_from_board_to_board_vanish/evaluations/pi05_board_vanish_train_pi05_parallel_20261002_105333/184.mp4,logs/pi05_parallel_20261002_105333_config03.log
3,board_vanish_train,188,0,demo_envs/move_from_board_to_board_vanish/evaluations/pi05_board_vanish_train_pi05_parallel_20261002_105333/188.mp4,logs/pi05_parallel_20261002_105333_config03.log
3,board_vanish_train,192,0,demo_envs/move_from_board_to_board_vanish/evaluations/pi05_board_vanish_train_pi05_parallel_20261002_105333/192.mp4,logs/pi05_parallel_20261002_105333_config03.log
3,board_vanish_train,204,0,demo_envs/move_from_board_to_board_vanish/evaluations/pi05_board_vanish_train_pi05_parallel_20261002_105333/204.mp4,logs/pi05_parallel_20261002_105333_config03.log
3,board_vanish_train,220,0,demo_envs/move_from_board_to_board_vanish/evaluations/pi05_board_vanish_train_pi05_parallel_20261002_105333/220.mp4,logs/pi05_parallel_20261002_105333_config03.log
3,board_vanish_train,272,0,demo_envs/move_from_board_to_board_vanish/evaluations/pi05_board_vanish_train_pi05_parallel_20261002_105333/272.mp4,logs/pi05_parallel_20261002_105333_config03.log
3,board_vanish_train,288,0,demo_envs/move_from_board_to_board_vanish/evaluations/pi05_board_vanish_train_pi05_parallel_20261002_105333/288.mp4,logs/pi05_parallel_20261002_105333_config03.log
3,board_vanish_train,296,0,demo_envs/move_from_board_to_board_vanish/evaluations/pi05_board_vanish_train_pi05_parallel_20261002_105333/296.mp4,logs/pi05_parallel_20261002_105333_config03.log
3,board_vanish_train,300,0,demo_envs/move_from_board_to_board_vanish/evaluations/pi05_board_vanish_train_pi05_parallel_20261002_105333/300.mp4,logs/pi05_parallel_20261002_105333_config03.log
3,board_vanish_train,304,0,demo_envs/move_from_board_to_board_vanish/evaluations/pi05_board_vanish_train_pi05_parallel_20261002_105333/304.mp4,logs/pi05_parallel_20261002_105333_config03.log
3,board_vanish_train,336,0,demo_envs/move_from_board_to_board_vanish/evaluations/pi05_board_vanish_train_pi05_parallel_20261002_105333/336.mp4,logs/pi05_parallel_20261002_105333_config03.log
3,board_vanish_train,348,0,demo_envs/move_from_board_to_board_vanish/evaluations/pi05_board_vanish_train_pi05_parallel_20261002_105333/348.mp4,logs/pi05_parallel_20261002_105333_config03.log
3,board_vanish_train,352,0,demo_envs/move_from_board_to_board_vanish/evaluations/pi05_board_vanish_train_pi05_parallel_20261002_105333/352.mp4,logs/pi05_parallel_20261002_105333_config03.log
3,board_vanish_train,380,0,demo_envs/move_from_board_to_board_vanish/evaluations/pi05_board_vanish_train_pi05_parallel_20261002_105333/380.mp4,logs/pi05_parallel_20261002_105333_config03.log
3,board_vanish_train,408,0,demo_envs/move_from_board_to_board_vanish/evaluations/pi05_board_vanish_train_pi05_parallel_20261002_105333/408.mp4,logs/pi05_parallel_20261002_105333_config03.log
3,board_vanish_train,412,0,demo_envs/move_from_board_to_board_vanish/evaluations/pi05_board_vanish_train_pi05_parallel_20261002_105333/412.mp4,logs/pi05_parallel_20261002_105333_config03.log
3,board_vanish_train,420,0,demo_envs/move_from_board_to_board_vanish/evaluations/pi05_board_vanish_train_pi05_parallel_20261002_105333/420.mp4,logs/pi05_parallel_20261002_105333_config03.log
3,board_vanish_train,428,0,demo_envs/move_from_board_to_board_vanish/evaluations/pi05_board_vanish_train_pi05_parallel_20261002_105333/428.mp4,logs/pi05_parallel_20261002_105333_config03.log
3,board_vanish_train,448,0,demo_envs/move_from_board_to_board_vanish/evaluations/pi05_board_vanish_train_pi05_parallel_20261002_105333/448.mp4,logs/pi05_parallel_20261002_105333_config03.log
3,board_vanish_train,452,0,demo_envs/move_from_board_to_board_vanish/evaluations/pi05_board_vanish_train_pi05_parallel_20261002_105333/452.mp4,logs/pi05_parallel_20261002_105333_config03.log
3,board_vanish_train,460,0,demo_envs/move_from_board_to_board_vanish/evaluations/pi05_board_vanish_train_pi05_parallel_20261002_105333/460.mp4,logs/pi05_parallel_20261002_105333_config03.log
4,open_fridge_train,0,0,demo_envs/open_fridge/evaluations/pi05_open_fridge_train_pi05_parallel_20261002_105333/0.mp4,logs/pi05_parallel_20261002_105333_config04.log
4,open_fridge_train,4,0,demo_envs/open_fridge/evaluations/pi05_open_fridge_train_pi05_parallel_20261002_105333/4.mp4,logs/pi05_parallel_20261002_105333_config04.log
4,open_fridge_train,8,0,demo_envs/open_fridge/evaluations/pi05_open_fridge_train_pi05_parallel_20261002_105333/8.mp4,logs/pi05_parallel_20261002_105333_config04.log
4,open_fridge_train,12,0,demo_envs/open_fridge/evaluations/pi05_open_fridge_train_pi05_parallel_20261002_105333/12.mp4,logs/pi05_parallel_20261002_105333_config04.log
4,open_fridge_train,16,0,demo_envs/open_fridge/evaluations/pi05_open_fridge_train_pi05_parallel_20261002_105333/16.mp4,logs/pi05_parallel_20261002_105333_config04.log
4,open_fridge_train,20,0,demo_envs/open_fridge/evaluations/pi05_open_fridge_train_pi05_parallel_20261002_105333/20.mp4,logs/pi05_parallel_20261002_105333_config04.log
4,open_fridge_train,24,0,demo_envs/open_fridge/evaluations/pi05_open_fridge_train_pi05_parallel_20261002_105333/24.mp4,logs/pi05_parallel_20261002_105333_config04.log
4,open_fridge_train,28,0,demo_envs/open_fridge/evaluations/pi05_open_fridge_train_pi05_parallel_20261002_105333/28.mp4,logs/pi05_parallel_20261002_105333_config04.log
4,open_fridge_train,32,0,demo_envs/open_fridge/evaluations/pi05_open_fridge_train_pi05_parallel_20261002_105333/32.mp4,logs/pi05_parallel_20261002_105333_config04.log
4,open_fridge_train,36,0,demo_envs/open_fridge/evaluations/pi05_open_fridge_train_pi05_parallel_20261002_105333/36.mp4,logs/pi05_parallel_20261002_105333_config04.log
4,open_fridge_train,40,0,demo_envs/open_fridge/evaluations/pi05_open_fridge_train_pi05_parallel_20261002_105333/40.mp4,logs/pi05_parallel_20261002_105333_config04.log
4,open_fridge_train,44,0,demo_envs/open_fridge/evaluations/pi05_open_fridge_train_pi05_parallel_20261002_105333/44.mp4,logs/pi05_parallel_20261002_105333_config04.log
4,open_fridge_train,48,0,demo_envs/open_fridge/evaluations/pi05_open_fridge_train_pi05_parallel_20261002_105333/48.mp4,logs/pi05_parallel_20261002_105333_config04.log
4,open_fridge_train,52,0,demo_envs/open_fridge/evaluations/pi05_open_fridge_train_pi05_parallel_20261002_105333/52.mp4,logs/pi05_parallel_20261002_105333_config04.log
4,open_fridge_train,56,0,demo_envs/open_fridge/evaluations/pi05_open_fridge_train_pi05_parallel_20261002_105333/56.mp4,logs/pi05_parallel_20261002_105333_config04.log
4,open_fridge_train,60,0,demo_envs/open_fridge/evaluations/pi05_open_fridge_train_pi05_parallel_20261002_105333/60.mp4,logs/pi05_parallel_20261002_105333_config04.log
4,open_fridge_train,64,0,demo_envs/open_fridge/evaluations/pi05_open_fridge_train_pi05_parallel_20261002_105333/64.mp4,logs/pi05_parallel_20261002_105333_config04.log
4,open_fridge_train,68,0,demo_envs/open_fridge/evaluations/pi05_open_fridge_train_pi05_parallel_20261002_105333/68.mp4,logs/pi05_parallel_20261002_105333_config04.log
4,open_fridge_train,72,0,demo_envs/open_fridge/evaluations/pi05_open_fridge_train_pi05_parallel_20261002_105333/72.mp4,logs/pi05_parallel_20261002_105333_config04.log
4,open_fridge_train,76,0,demo_envs/open_fridge/evaluations/pi05_open_fridge_train_pi05_parallel_20261002_105333/76.mp4,logs/pi05_parallel_20261002_105333_config04.log
4,open_fridge_train,80,0,demo_envs/open_fridge/evaluations/pi05_open_fridge_train_pi05_parallel_20261002_105333/80.mp4,logs/pi05_parallel_20261002_105333_config04.log
4,open_fridge_train,84,0,demo_envs/open_fridge/evaluations/pi05_open_fridge_train_pi05_parallel_20261002_105333/84.mp4,logs/pi05_parallel_20261002_105333_config04.log
4,open_fridge_train,88,0,demo_envs/open_fridge/evaluations/pi05_open_fridge_train_pi05_parallel_20261002_105333/88.mp4,logs/pi05_parallel_20261002_105333_config04.log
4,open_fridge_train,92,0,demo_envs/open_fridge/evaluations/pi05_open_fridge_train_pi05_parallel_20261002_105333/92.mp4,logs/pi05_parallel_20261002_105333_config04.log
4,open_fridge_train,96,0,demo_envs/open_fridge/evaluations/pi05_open_fridge_train_pi05_parallel_20261002_105333/96.mp4,logs/pi05_parallel_20261002_105333_config04.log
4,open_fridge_train,100,0,demo_envs/open_fridge/evaluations/pi05_open_fridge_train_pi05_parallel_20261002_105333/100.mp4,logs/pi05_parallel_20261002_105333_config04.log
4,open_fridge_train,104,0,demo_envs/open_fridge/evaluations/pi05_open_fridge_train_pi05_parallel_20261002_105333/104.mp4,logs/pi05_parallel_20261002_105333_config04.log
4,open_fridge_train,108,0,demo_envs/open_fridge/evaluations/pi05_open_fridge_train_pi05_parallel_20261002_105333/108.mp4,logs/pi05_parallel_20261002_105333_config04.log
4,open_fridge_train,112,0,demo_envs/open_fridge/evaluations/pi05_open_fridge_train_pi05_parallel_20261002_105333/112.mp4,logs/pi05_parallel_20261002_105333_config04.log
4,open_fridge_train,116,0,demo_envs/open_fridge/evaluations/pi05_open_fridge_train_pi05_parallel_20261002_105333/116.mp4,logs/pi05_parallel_20261002_105333_config04.log
5,close_fridge_train,0,0,demo_envs/close_fridge/evaluations/pi05_close_fridge_train_pi05_parallel_20261002_105333/0.mp4,logs/pi05_parallel_20261002_105333_config05.log
5,close_fridge_train,4,0,demo_envs/close_fridge/evaluations/pi05_close_fridge_train_pi05_parallel_20261002_105333/4.mp4,logs/pi05_parallel_20261002_105333_config05.log
5,close_fridge_train,8,0,demo_envs/close_fridge/evaluations/pi05_close_fridge_train_pi05_parallel_20261002_105333/8.mp4,logs/pi05_parallel_20261002_105333_config05.log
5,close_fridge_train,12,0,demo_envs/close_fridge/evaluations/pi05_close_fridge_train_pi05_parallel_20261002_105333/12.mp4,logs/pi05_parallel_20261002_105333_config05.log
5,close_fridge_train,16,0,demo_envs/close_fridge/evaluations/pi05_close_fridge_train_pi05_parallel_20261002_105333/16.mp4,logs/pi05_parallel_20261002_105333_config05.log
5,close_fridge_train,20,0,demo_envs/close_fridge/evaluations/pi05_close_fridge_train_pi05_parallel_20261002_105333/20.mp4,logs/pi05_parallel_20261002_105333_config05.log
5,close_fridge_train,24,0,demo_envs/close_fridge/evaluations/pi05_close_fridge_train_pi05_parallel_20261002_105333/24.mp4,logs/pi05_parallel_20261002_105333_config05.log
5,close_fridge_train,28,1,demo_envs/close_fridge/evaluations/pi05_close_fridge_train_pi05_parallel_20261002_105333/28.mp4,logs/pi05_parallel_20261002_105333_config05.log
5,close_fridge_train,32,0,demo_envs/close_fridge/evaluations/pi05_close_fridge_train_pi05_parallel_20261002_105333/32.mp4,logs/pi05_parallel_20261002_105333_config05.log
5,close_fridge_train,36,0,demo_envs/close_fridge/evaluations/pi05_close_fridge_train_pi05_parallel_20261002_105333/36.mp4,logs/pi05_parallel_20261002_105333_config05.log
5,close_fridge_train,40,0,demo_envs/close_fridge/evaluations/pi05_close_fridge_train_pi05_parallel_20261002_105333/40.mp4,logs/pi05_parallel_20261002_105333_config05.log
5,close_fridge_train,44,1,demo_envs/close_fridge/evaluations/pi05_close_fridge_train_pi05_parallel_20261002_105333/44.mp4,logs/pi05_parallel_20261002_105333_config05.log
5,close_fridge_train,48,0,demo_envs/close_fridge/evaluations/pi05_close_fridge_train_pi05_parallel_20261002_105333/48.mp4,logs/pi05_parallel_20261002_105333_config05.log
5,close_fridge_train,52,0,demo_envs/close_fridge/evaluations/pi05_close_fridge_train_pi05_parallel_20261002_105333/52.mp4,logs/pi05_parallel_20261002_105333_config05.log
5,close_fridge_train,56,0,demo_envs/close_fridge/evaluations/pi05_close_fridge_train_pi05_parallel_20261002_105333/56.mp4,logs/pi05_parallel_20261002_105333_config05.log
5,close_fridge_train,60,0,demo_envs/close_fridge/evaluations/pi05_close_fridge_train_pi05_parallel_20261002_105333/60.mp4,logs/pi05_parallel_20261002_105333_config05.log
5,close_fridge_train,64,1,demo_envs/close_fridge/evaluations/pi05_close_fridge_train_pi05_parallel_20261002_105333/64.mp4,logs/pi05_parallel_20261002_105333_config05.log
5,close_fridge_train,68,0,demo_envs/close_fridge/evaluations/pi05_close_fridge_train_pi05_parallel_20261002_105333/68.mp4,logs/pi05_parallel_20261002_105333_config05.log
5,close_fridge_train,72,0,demo_envs/close_fridge/evaluations/pi05_close_fridge_train_pi05_parallel_20261002_105333/72.mp4,logs/pi05_parallel_20261002_105333_config05.log
5,close_fridge_train,76,0,demo_envs/close_fridge/evaluations/pi05_close_fridge_train_pi05_parallel_20261002_105333/76.mp4,logs/pi05_parallel_20261002_105333_config05.log
5,close_fridge_train,80,0,demo_envs/close_fridge/evaluations/pi05_close_fridge_train_pi05_parallel_20261002_105333/80.mp4,logs/pi05_parallel_20261002_105333_config05.log
5,close_fridge_train,84,1,demo_envs/close_fridge/evaluations/pi05_close_fridge_train_pi05_parallel_20261002_105333/84.mp4,logs/pi05_parallel_20261002_105333_config05.log
5,close_fridge_train,88,0,demo_envs/close_fridge/evaluations/pi05_close_fridge_train_pi05_parallel_20261002_105333/88.mp4,logs/pi05_parallel_20261002_105333_config05.log
5,close_fridge_train,92,1,demo_envs/close_fridge/evaluations/pi05_close_fridge_train_pi05_parallel_20261002_105333/92.mp4,logs/pi05_parallel_20261002_105333_config05.log
5,close_fridge_train,96,0,demo_envs/close_fridge/evaluations/pi05_close_fridge_train_pi05_parallel_20261002_105333/96.mp4,logs/pi05_parallel_20261002_105333_config05.log
5,close_fridge_train,100,0,demo_envs/close_fridge/evaluations/pi05_close_fridge_train_pi05_parallel_20261002_105333/100.mp4,logs/pi05_parallel_20261002_105333_config05.log
5,close_fridge_train,104,1,demo_envs/close_fridge/evaluations/pi05_close_fridge_train_pi05_parallel_20261002_105333/104.mp4,logs/pi05_parallel_20261002_105333_config05.log
5,close_fridge_train,108,1,demo_envs/close_fridge/evaluations/pi05_close_fridge_train_pi05_parallel_20261002_105333/108.mp4,logs/pi05_parallel_20261002_105333_config05.log
5,close_fridge_train,112,1,demo_envs/close_fridge/evaluations/pi05_close_fridge_train_pi05_parallel_20261002_105333/112.mp4,logs/pi05_parallel_20261002_105333_config05.log
5,close_fridge_train,116,0,demo_envs/close_fridge/evaluations/pi05_close_fridge_train_pi05_parallel_20261002_105333/116.mp4,logs/pi05_parallel_20261002_105333_config05.log
6,open_showcase_train,0,0,demo_envs/open_showcase/evaluations/pi05_open_showcase_train_pi05_parallel_20261002_105333/0.mp4,logs/pi05_parallel_20261002_105333_config06.log
6,open_showcase_train,8,0,demo_envs/open_showcase/evaluations/pi05_open_showcase_train_pi05_parallel_20261002_105333/8.mp4,logs/pi05_parallel_20261002_105333_config06.log
6,open_showcase_train,12,0,demo_envs/open_showcase/evaluations/pi05_open_showcase_train_pi05_parallel_20261002_105333/12.mp4,logs/pi05_parallel_20261002_105333_config06.log
6,open_showcase_train,16,0,demo_envs/open_showcase/evaluations/pi05_open_showcase_train_pi05_parallel_20261002_105333/16.mp4,logs/pi05_parallel_20261002_105333_config06.log
6,open_showcase_train,20,0,demo_envs/open_showcase/evaluations/pi05_open_showcase_train_pi05_parallel_20261002_105333/20.mp4,logs/pi05_parallel_20261002_105333_config06.log
6,open_showcase_train,28,0,demo_envs/open_showcase/evaluations/pi05_open_showcase_train_pi05_parallel_20261002_105333/28.mp4,logs/pi05_parallel_20261002_105333_config06.log
6,open_showcase_train,32,0,demo_envs/open_showcase/evaluations/pi05_open_showcase_train_pi05_parallel_20261002_105333/32.mp4,logs/pi05_parallel_20261002_105333_config06.log
6,open_showcase_train,36,0,demo_envs/open_showcase/evaluations/pi05_open_showcase_train_pi05_parallel_20261002_105333/36.mp4,logs/pi05_parallel_20261002_105333_config06.log
6,open_showcase_train,44,0,demo_envs/open_showcase/evaluations/pi05_open_showcase_train_pi05_parallel_20261002_105333/44.mp4,logs/pi05_parallel_20261002_105333_config06.log
6,open_showcase_train,48,0,demo_envs/open_showcase/evaluations/pi05_open_showcase_train_pi05_parallel_20261002_105333/48.mp4,logs/pi05_parallel_20261002_105333_config06.log
6,open_showcase_train,52,0,demo_envs/open_showcase/evaluations/pi05_open_showcase_train_pi05_parallel_20261002_105333/52.mp4,logs/pi05_parallel_20261002_105333_config06.log
6,open_showcase_train,56,0,demo_envs/open_showcase/evaluations/pi05_open_showcase_train_pi05_parallel_20261002_105333/56.mp4,logs/pi05_parallel_20261002_105333_config06.log
6,open_showcase_train,60,0,demo_envs/open_showcase/evaluations/pi05_open_showcase_train_pi05_parallel_20261002_105333/60.mp4,logs/pi05_parallel_20261002_105333_config06.log
6,open_showcase_train,64,0,demo_envs/open_showcase/evaluations/pi05_open_showcase_train_pi05_parallel_20261002_105333/64.mp4,logs/pi05_parallel_20261002_105333_config06.log
6,open_showcase_train,68,0,demo_envs/open_showcase/evaluations/pi05_open_showcase_train_pi05_parallel_20261002_105333/68.mp4,logs/pi05_parallel_20261002_105333_config06.log
6,open_showcase_train,72,0,demo_envs/open_showcase/evaluations/pi05_open_showcase_train_pi05_parallel_20261002_105333/72.mp4,logs/pi05_parallel_20261002_105333_config06.log
6,open_showcase_train,76,0,demo_envs/open_showcase/evaluations/pi05_open_showcase_train_pi05_parallel_20261002_105333/76.mp4,logs/pi05_parallel_20261002_105333_config06.log
6,open_showcase_train,80,0,demo_envs/open_showcase/evaluations/pi05_open_showcase_train_pi05_parallel_20261002_105333/80.mp4,logs/pi05_parallel_20261002_105333_config06.log
6,open_showcase_train,84,0,demo_envs/open_showcase/evaluations/pi05_open_showcase_train_pi05_parallel_20261002_105333/84.mp4,logs/pi05_parallel_20261002_105333_config06.log
6,open_showcase_train,88,0,demo_envs/open_showcase/evaluations/pi05_open_showcase_train_pi05_parallel_20261002_105333/88.mp4,logs/pi05_parallel_20261002_105333_config06.log
6,open_showcase_train,96,0,demo_envs/open_showcase/evaluations/pi05_open_showcase_train_pi05_parallel_20261002_105333/96.mp4,logs/pi05_parallel_20261002_105333_config06.log
6,open_showcase_train,100,0,demo_envs/open_showcase/evaluations/pi05_open_showcase_train_pi05_parallel_20261002_105333/100.mp4,logs/pi05_parallel_20261002_105333_config06.log
6,open_showcase_train,104,0,demo_envs/open_showcase/evaluations/pi05_open_showcase_train_pi05_parallel_20261002_105333/104.mp4,logs/pi05_parallel_20261002_105333_config06.log
6,open_showcase_train,108,0,demo_envs/open_showcase/evaluations/pi05_open_showcase_train_pi05_parallel_20261002_105333/108.mp4,logs/pi05_parallel_20261002_105333_config06.log
6,open_showcase_train,112,0,demo_envs/open_showcase/evaluations/pi05_open_showcase_train_pi05_parallel_20261002_105333/112.mp4,logs/pi05_parallel_20261002_105333_config06.log
6,open_showcase_train,116,0,demo_envs/open_showcase/evaluations/pi05_open_showcase_train_pi05_parallel_20261002_105333/116.mp4,logs/pi05_parallel_20261002_105333_config06.log
6,open_showcase_train,120,0,demo_envs/open_showcase/evaluations/pi05_open_showcase_train_pi05_parallel_20261002_105333/120.mp4,logs/pi05_parallel_20261002_105333_config06.log
6,open_showcase_train,124,0,demo_envs/open_showcase/evaluations/pi05_open_showcase_train_pi05_parallel_20261002_105333/124.mp4,logs/pi05_parallel_20261002_105333_config06.log
6,open_showcase_train,128,0,demo_envs/open_showcase/evaluations/pi05_open_showcase_train_pi05_parallel_20261002_105333/128.mp4,logs/pi05_parallel_20261002_105333_config06.log
6,open_showcase_train,136,0,demo_envs/open_showcase/evaluations/pi05_open_showcase_train_pi05_parallel_20261002_105333/136.mp4,logs/pi05_parallel_20261002_105333_config06.log
7,close_showcase_train,0,0,demo_envs/close_showcase/evaluations/pi05_close_showcase_train_pi05_parallel_20261002_105333/0.mp4,logs/pi05_parallel_20261002_105333_config07.log
7,close_showcase_train,8,0,demo_envs/close_showcase/evaluations/pi05_close_showcase_train_pi05_parallel_20261002_105333/8.mp4,logs/pi05_parallel_20261002_105333_config07.log
7,close_showcase_train,12,1,demo_envs/close_showcase/evaluations/pi05_close_showcase_train_pi05_parallel_20261002_105333/12.mp4,logs/pi05_parallel_20261002_105333_config07.log
7,close_showcase_train,16,1,demo_envs/close_showcase/evaluations/pi05_close_showcase_train_pi05_parallel_20261002_105333/16.mp4,logs/pi05_parallel_20261002_105333_config07.log
7,close_showcase_train,20,0,demo_envs/close_showcase/evaluations/pi05_close_showcase_train_pi05_parallel_20261002_105333/20.mp4,logs/pi05_parallel_20261002_105333_config07.log
7,close_showcase_train,28,0,demo_envs/close_showcase/evaluations/pi05_close_showcase_train_pi05_parallel_20261002_105333/28.mp4,logs/pi05_parallel_20261002_105333_config07.log
7,close_showcase_train,32,0,demo_envs/close_showcase/evaluations/pi05_close_showcase_train_pi05_parallel_20261002_105333/32.mp4,logs/pi05_parallel_20261002_105333_config07.log
7,close_showcase_train,36,1,demo_envs/close_showcase/evaluations/pi05_close_showcase_train_pi05_parallel_20261002_105333/36.mp4,logs/pi05_parallel_20261002_105333_config07.log
7,close_showcase_train,44,0,demo_envs/close_showcase/evaluations/pi05_close_showcase_train_pi05_parallel_20261002_105333/44.mp4,logs/pi05_parallel_20261002_105333_config07.log
7,close_showcase_train,48,0,demo_envs/close_showcase/evaluations/pi05_close_showcase_train_pi05_parallel_20261002_105333/48.mp4,logs/pi05_parallel_20261002_105333_config07.log
7,close_showcase_train,52,0,demo_envs/close_showcase/evaluations/pi05_close_showcase_train_pi05_parallel_20261002_105333/52.mp4,logs/pi05_parallel_20261002_105333_config07.log
7,close_showcase_train,56,0,demo_envs/close_showcase/evaluations/pi05_close_showcase_train_pi05_parallel_20261002_105333/56.mp4,logs/pi05_parallel_20261002_105333_config07.log
7,close_showcase_train,60,1,demo_envs/close_showcase/evaluations/pi05_close_showcase_train_pi05_parallel_20261002_105333/60.mp4,logs/pi05_parallel_20261002_105333_config07.log
7,close_showcase_train,64,0,demo_envs/close_showcase/evaluations/pi05_close_showcase_train_pi05_parallel_20261002_105333/64.mp4,logs/pi05_parallel_20261002_105333_config07.log
7,close_showcase_train,68,0,demo_envs/close_showcase/evaluations/pi05_close_showcase_train_pi05_parallel_20261002_105333/68.mp4,logs/pi05_parallel_20261002_105333_config07.log
7,close_showcase_train,72,0,demo_envs/close_showcase/evaluations/pi05_close_showcase_train_pi05_parallel_20261002_105333/72.mp4,logs/pi05_parallel_20261002_105333_config07.log
7,close_showcase_train,76,1,demo_envs/close_showcase/evaluations/pi05_close_showcase_train_pi05_parallel_20261002_105333/76.mp4,logs/pi05_parallel_20261002_105333_config07.log
7,close_showcase_train,80,0,demo_envs/close_showcase/evaluations/pi05_close_showcase_train_pi05_parallel_20261002_105333/80.mp4,logs/pi05_parallel_20261002_105333_config07.log
7,close_showcase_train,84,1,demo_envs/close_showcase/evaluations/pi05_close_showcase_train_pi05_parallel_20261002_105333/84.mp4,logs/pi05_parallel_20261002_105333_config07.log
7,close_showcase_train,88,0,demo_envs/close_showcase/evaluations/pi05_close_showcase_train_pi05_parallel_20261002_105333/88.mp4,logs/pi05_parallel_20261002_105333_config07.log
7,close_showcase_train,96,0,demo_envs/close_showcase/evaluations/pi05_close_showcase_train_pi05_parallel_20261002_105333/96.mp4,logs/pi05_parallel_20261002_105333_config07.log
7,close_showcase_train,100,0,demo_envs/close_showcase/evaluations/pi05_close_showcase_train_pi05_parallel_20261002_105333/100.mp4,logs/pi05_parallel_20261002_105333_config07.log
7,close_showcase_train,104,0,demo_envs/close_showcase/evaluations/pi05_close_showcase_train_pi05_parallel_20261002_105333/104.mp4,logs/pi05_parallel_20261002_105333_config07.log
7,close_showcase_train,108,0,demo_envs/close_showcase/evaluations/pi05_close_showcase_train_pi05_parallel_20261002_105333/108.mp4,logs/pi05_parallel_20261002_105333_config07.log
7,close_showcase_train,112,0,demo_envs/close_showcase/evaluations/pi05_close_showcase_train_pi05_parallel_20261002_105333/112.mp4,logs/pi05_parallel_20261002_105333_config07.log
7,close_showcase_train,116,0,demo_envs/close_showcase/evaluations/pi05_close_showcase_train_pi05_parallel_20261002_105333/116.mp4,logs/pi05_parallel_20261002_105333_config07.log
7,close_showcase_train,124,0,demo_envs/close_showcase/evaluations/pi05_close_showcase_train_pi05_parallel_20261002_105333/124.mp4,logs/pi05_parallel_20261002_105333_config07.log
7,close_showcase_train,128,0,demo_envs/close_showcase/evaluations/pi05_close_showcase_train_pi05_parallel_20261002_105333/128.mp4,logs/pi05_parallel_20261002_105333_config07.log
7,close_showcase_train,132,1,demo_envs/close_showcase/evaluations/pi05_close_showcase_train_pi05_parallel_20261002_105333/132.mp4,logs/pi05_parallel_20261002_105333_config07.log
7,close_showcase_train,136,0,demo_envs/close_showcase/evaluations/pi05_close_showcase_train_pi05_parallel_20261002_105333/136.mp4,logs/pi05_parallel_20261002_105333_config07.log
8,floor_beans_train,0,0,demo_envs/pick_from_floor/evaluations/pi05_floor_beans_train_pi05_parallel_20261002_105333/0.mp4,logs/pi05_parallel_20261002_105333_config08.log
8,floor_beans_train,8,0,demo_envs/pick_from_floor/evaluations/pi05_floor_beans_train_pi05_parallel_20261002_105333/8.mp4,logs/pi05_parallel_20261002_105333_config08.log
8,floor_beans_train,20,0,demo_envs/pick_from_floor/evaluations/pi05_floor_beans_train_pi05_parallel_20261002_105333/20.mp4,logs/pi05_parallel_20261002_105333_config08.log
8,floor_beans_train,36,0,demo_envs/pick_from_floor/evaluations/pi05_floor_beans_train_pi05_parallel_20261002_105333/36.mp4,logs/pi05_parallel_20261002_105333_config08.log
8,floor_beans_train,40,0,demo_envs/pick_from_floor/evaluations/pi05_floor_beans_train_pi05_parallel_20261002_105333/40.mp4,logs/pi05_parallel_20261002_105333_config08.log
8,floor_beans_train,48,0,demo_envs/pick_from_floor/evaluations/pi05_floor_beans_train_pi05_parallel_20261002_105333/48.mp4,logs/pi05_parallel_20261002_105333_config08.log
8,floor_beans_train,56,0,demo_envs/pick_from_floor/evaluations/pi05_floor_beans_train_pi05_parallel_20261002_105333/56.mp4,logs/pi05_parallel_20261002_105333_config08.log
8,floor_beans_train,64,0,demo_envs/pick_from_floor/evaluations/pi05_floor_beans_train_pi05_parallel_20261002_105333/64.mp4,logs/pi05_parallel_20261002_105333_config08.log
8,floor_beans_train,80,0,demo_envs/pick_from_floor/evaluations/pi05_floor_beans_train_pi05_parallel_20261002_105333/80.mp4,logs/pi05_parallel_20261002_105333_config08.log
8,floor_beans_train,88,0,demo_envs/pick_from_floor/evaluations/pi05_floor_beans_train_pi05_parallel_20261002_105333/88.mp4,logs/pi05_parallel_20261002_105333_config08.log
8,floor_beans_train,96,0,demo_envs/pick_from_floor/evaluations/pi05_floor_beans_train_pi05_parallel_20261002_105333/96.mp4,logs/pi05_parallel_20261002_105333_config08.log
8,floor_beans_train,100,0,demo_envs/pick_from_floor/evaluations/pi05_floor_beans_train_pi05_parallel_20261002_105333/100.mp4,logs/pi05_parallel_20261002_105333_config08.log
8,floor_beans_train,104,0,demo_envs/pick_from_floor/evaluations/pi05_floor_beans_train_pi05_parallel_20261002_105333/104.mp4,logs/pi05_parallel_20261002_105333_config08.log
8,floor_beans_train,108,0,demo_envs/pick_from_floor/evaluations/pi05_floor_beans_train_pi05_parallel_20261002_105333/108.mp4,logs/pi05_parallel_20261002_105333_config08.log
8,floor_beans_train,116,0,demo_envs/pick_from_floor/evaluations/pi05_floor_beans_train_pi05_parallel_20261002_105333/116.mp4,logs/pi05_parallel_20261002_105333_config08.log
8,floor_beans_train,120,0,demo_envs/pick_from_floor/evaluations/pi05_floor_beans_train_pi05_parallel_20261002_105333/120.mp4,logs/pi05_parallel_20261002_105333_config08.log
8,floor_beans_train,124,0,demo_envs/pick_from_floor/evaluations/pi05_floor_beans_train_pi05_parallel_20261002_105333/124.mp4,logs/pi05_parallel_20261002_105333_config08.log
8,floor_beans_train,128,0,demo_envs/pick_from_floor/evaluations/pi05_floor_beans_train_pi05_parallel_20261002_105333/128.mp4,logs/pi05_parallel_20261002_105333_config08.log
8,floor_beans_train,140,0,demo_envs/pick_from_floor/evaluations/pi05_floor_beans_train_pi05_parallel_20261002_105333/140.mp4,logs/pi05_parallel_20261002_105333_config08.log
8,floor_beans_train,152,0,demo_envs/pick_from_floor/evaluations/pi05_floor_beans_train_pi05_parallel_20261002_105333/152.mp4,logs/pi05_parallel_20261002_105333_config08.log
8,floor_beans_train,160,0,demo_envs/pick_from_floor/evaluations/pi05_floor_beans_train_pi05_parallel_20261002_105333/160.mp4,logs/pi05_parallel_20261002_105333_config08.log
8,floor_beans_train,168,0,demo_envs/pick_from_floor/evaluations/pi05_floor_beans_train_pi05_parallel_20261002_105333/168.mp4,logs/pi05_parallel_20261002_105333_config08.log
8,floor_beans_train,172,0,demo_envs/pick_from_floor/evaluations/pi05_floor_beans_train_pi05_parallel_20261002_105333/172.mp4,logs/pi05_parallel_20261002_105333_config08.log
8,floor_beans_train,196,0,demo_envs/pick_from_floor/evaluations/pi05_floor_beans_train_pi05_parallel_20261002_105333/196.mp4,logs/pi05_parallel_20261002_105333_config08.log
8,floor_beans_train,204,0,demo_envs/pick_from_floor/evaluations/pi05_floor_beans_train_pi05_parallel_20261002_105333/204.mp4,logs/pi05_parallel_20261002_105333_config08.log
8,floor_beans_train,208,0,demo_envs/pick_from_floor/evaluations/pi05_floor_beans_train_pi05_parallel_20261002_105333/208.mp4,logs/pi05_parallel_20261002_105333_config08.log
8,floor_beans_train,216,0,demo_envs/pick_from_floor/evaluations/pi05_floor_beans_train_pi05_parallel_20261002_105333/216.mp4,logs/pi05_parallel_20261002_105333_config08.log
8,floor_beans_train,220,0,demo_envs/pick_from_floor/evaluations/pi05_floor_beans_train_pi05_parallel_20261002_105333/220.mp4,logs/pi05_parallel_20261002_105333_config08.log
8,floor_beans_train,224,0,demo_envs/pick_from_floor/evaluations/pi05_floor_beans_train_pi05_parallel_20261002_105333/224.mp4,logs/pi05_parallel_20261002_105333_config08.log
8,floor_beans_train,236,0,demo_envs/pick_from_floor/evaluations/pi05_floor_beans_train_pi05_parallel_20261002_105333/236.mp4,logs/pi05_parallel_20261002_105333_config08.log
9,floor_slam_train,0,0,demo_envs/pick_from_floor/evaluations/pi05_floor_slam_train_pi05_parallel_20261002_105333/0.mp4,logs/pi05_parallel_20261002_105333_config09.log
9,floor_slam_train,8,0,demo_envs/pick_from_floor/evaluations/pi05_floor_slam_train_pi05_parallel_20261002_105333/8.mp4,logs/pi05_parallel_20261002_105333_config09.log
9,floor_slam_train,12,0,demo_envs/pick_from_floor/evaluations/pi05_floor_slam_train_pi05_parallel_20261002_105333/12.mp4,logs/pi05_parallel_20261002_105333_config09.log
9,floor_slam_train,16,0,demo_envs/pick_from_floor/evaluations/pi05_floor_slam_train_pi05_parallel_20261002_105333/16.mp4,logs/pi05_parallel_20261002_105333_config09.log
9,floor_slam_train,28,0,demo_envs/pick_from_floor/evaluations/pi05_floor_slam_train_pi05_parallel_20261002_105333/28.mp4,logs/pi05_parallel_20261002_105333_config09.log
9,floor_slam_train,36,0,demo_envs/pick_from_floor/evaluations/pi05_floor_slam_train_pi05_parallel_20261002_105333/36.mp4,logs/pi05_parallel_20261002_105333_config09.log
9,floor_slam_train,44,0,demo_envs/pick_from_floor/evaluations/pi05_floor_slam_train_pi05_parallel_20261002_105333/44.mp4,logs/pi05_parallel_20261002_105333_config09.log
9,floor_slam_train,48,0,demo_envs/pick_from_floor/evaluations/pi05_floor_slam_train_pi05_parallel_20261002_105333/48.mp4,logs/pi05_parallel_20261002_105333_config09.log
9,floor_slam_train,52,0,demo_envs/pick_from_floor/evaluations/pi05_floor_slam_train_pi05_parallel_20261002_105333/52.mp4,logs/pi05_parallel_20261002_105333_config09.log
9,floor_slam_train,56,0,demo_envs/pick_from_floor/evaluations/pi05_floor_slam_train_pi05_parallel_20261002_105333/56.mp4,logs/pi05_parallel_20261002_105333_config09.log
9,floor_slam_train,68,0,demo_envs/pick_from_floor/evaluations/pi05_floor_slam_train_pi05_parallel_20261002_105333/68.mp4,logs/pi05_parallel_20261002_105333_config09.log
9,floor_slam_train,76,0,demo_envs/pick_from_floor/evaluations/pi05_floor_slam_train_pi05_parallel_20261002_105333/76.mp4,logs/pi05_parallel_20261002_105333_config09.log
9,floor_slam_train,84,0,demo_envs/pick_from_floor/evaluations/pi05_floor_slam_train_pi05_parallel_20261002_105333/84.mp4,logs/pi05_parallel_20261002_105333_config09.log
9,floor_slam_train,88,0,demo_envs/pick_from_floor/evaluations/pi05_floor_slam_train_pi05_parallel_20261002_105333/88.mp4,logs/pi05_parallel_20261002_105333_config09.log
9,floor_slam_train,96,0,demo_envs/pick_from_floor/evaluations/pi05_floor_slam_train_pi05_parallel_20261002_105333/96.mp4,logs/pi05_parallel_20261002_105333_config09.log
9,floor_slam_train,108,0,demo_envs/pick_from_floor/evaluations/pi05_floor_slam_train_pi05_parallel_20261002_105333/108.mp4,logs/pi05_parallel_20261002_105333_config09.log
9,floor_slam_train,112,0,demo_envs/pick_from_floor/evaluations/pi05_floor_slam_train_pi05_parallel_20261002_105333/112.mp4,logs/pi05_parallel_20261002_105333_config09.log
9,floor_slam_train,116,0,demo_envs/pick_from_floor/evaluations/pi05_floor_slam_train_pi05_parallel_20261002_105333/116.mp4,logs/pi05_parallel_20261002_105333_config09.log
9,floor_slam_train,124,0,demo_envs/pick_from_floor/evaluations/pi05_floor_slam_train_pi05_parallel_20261002_105333/124.mp4,logs/pi05_parallel_20261002_105333_config09.log
9,floor_slam_train,128,0,demo_envs/pick_from_floor/evaluations/pi05_floor_slam_train_pi05_parallel_20261002_105333/128.mp4,logs/pi05_parallel_20261002_105333_config09.log
9,floor_slam_train,132,0,demo_envs/pick_from_floor/evaluations/pi05_floor_slam_train_pi05_parallel_20261002_105333/132.mp4,logs/pi05_parallel_20261002_105333_config09.log
9,floor_slam_train,140,0,demo_envs/pick_from_floor/evaluations/pi05_floor_slam_train_pi05_parallel_20261002_105333/140.mp4,logs/pi05_parallel_20261002_105333_config09.log
9,floor_slam_train,144,0,demo_envs/pick_from_floor/evaluations/pi05_floor_slam_train_pi05_parallel_20261002_105333/144.mp4,logs/pi05_parallel_20261002_105333_config09.log
9,floor_slam_train,148,0,demo_envs/pick_from_floor/evaluations/pi05_floor_slam_train_pi05_parallel_20261002_105333/148.mp4,logs/pi05_parallel_20261002_105333_config09.log
9,floor_slam_train,160,0,demo_envs/pick_from_floor/evaluations/pi05_floor_slam_train_pi05_parallel_20261002_105333/160.mp4,logs/pi05_parallel_20261002_105333_config09.log
9,floor_slam_train,168,0,demo_envs/pick_from_floor/evaluations/pi05_floor_slam_train_pi05_parallel_20261002_105333/168.mp4,logs/pi05_parallel_20261002_105333_config09.log
9,floor_slam_train,172,0,demo_envs/pick_from_floor/evaluations/pi05_floor_slam_train_pi05_parallel_20261002_105333/172.mp4,logs/pi05_parallel_20261002_105333_config09.log
9,floor_slam_train,180,0,demo_envs/pick_from_floor/evaluations/pi05_floor_slam_train_pi05_parallel_20261002_105333/180.mp4,logs/pi05_parallel_20261002_105333_config09.log
9,floor_slam_train,184,0,demo_envs/pick_from_floor/evaluations/pi05_floor_slam_train_pi05_parallel_20261002_105333/184.mp4,logs/pi05_parallel_20261002_105333_config09.log
9,floor_slam_train,188,0,demo_envs/pick_from_floor/evaluations/pi05_floor_slam_train_pi05_parallel_20261002_105333/188.mp4,logs/pi05_parallel_20261002_105333_config09.log
10,basket_fanta_train,4,0,demo_envs/pick_to_basket/evaluations/pi05_basket_fanta_train_pi05_parallel_20261002_105333/4.mp4,logs/pi05_parallel_20261002_105333_config10.log
10,basket_fanta_train,8,0,demo_envs/pick_to_basket/evaluations/pi05_basket_fanta_train_pi05_parallel_20261002_105333/8.mp4,logs/pi05_parallel_20261002_105333_config10.log
10,basket_fanta_train,12,0,demo_envs/pick_to_basket/evaluations/pi05_basket_fanta_train_pi05_parallel_20261002_105333/12.mp4,logs/pi05_parallel_20261002_105333_config10.log
10,basket_fanta_train,16,0,demo_envs/pick_to_basket/evaluations/pi05_basket_fanta_train_pi05_parallel_20261002_105333/16.mp4,logs/pi05_parallel_20261002_105333_config10.log
10,basket_fanta_train,20,0,demo_envs/pick_to_basket/evaluations/pi05_basket_fanta_train_pi05_parallel_20261002_105333/20.mp4,logs/pi05_parallel_20261002_105333_config10.log
10,basket_fanta_train,24,0,demo_envs/pick_to_basket/evaluations/pi05_basket_fanta_train_pi05_parallel_20261002_105333/24.mp4,logs/pi05_parallel_20261002_105333_config10.log
10,basket_fanta_train,28,0,demo_envs/pick_to_basket/evaluations/pi05_basket_fanta_train_pi05_parallel_20261002_105333/28.mp4,logs/pi05_parallel_20261002_105333_config10.log
10,basket_fanta_train,32,0,demo_envs/pick_to_basket/evaluations/pi05_basket_fanta_train_pi05_parallel_20261002_105333/32.mp4,logs/pi05_parallel_20261002_105333_config10.log
10,basket_fanta_train,36,0,demo_envs/pick_to_basket/evaluations/pi05_basket_fanta_train_pi05_parallel_20261002_105333/36.mp4,logs/pi05_parallel_20261002_105333_config10.log
10,basket_fanta_train,40,0,demo_envs/pick_to_basket/evaluations/pi05_basket_fanta_train_pi05_parallel_20261002_105333/40.mp4,logs/pi05_parallel_20261002_105333_config10.log
10,basket_fanta_train,44,0,demo_envs/pick_to_basket/evaluations/pi05_basket_fanta_train_pi05_parallel_20261002_105333/44.mp4,logs/pi05_parallel_20261002_105333_config10.log
10,basket_fanta_train,52,0,demo_envs/pick_to_basket/evaluations/pi05_basket_fanta_train_pi05_parallel_20261002_105333/52.mp4,logs/pi05_parallel_20261002_105333_config10.log
10,basket_fanta_train,56,0,demo_envs/pick_to_basket/evaluations/pi05_basket_fanta_train_pi05_parallel_20261002_105333/56.mp4,logs/pi05_parallel_20261002_105333_config10.log
10,basket_fanta_train,72,0,demo_envs/pick_to_basket/evaluations/pi05_basket_fanta_train_pi05_parallel_20261002_105333/72.mp4,logs/pi05_parallel_20261002_105333_config10.log
10,basket_fanta_train,76,0,demo_envs/pick_to_basket/evaluations/pi05_basket_fanta_train_pi05_parallel_20261002_105333/76.mp4,logs/pi05_parallel_20261002_105333_config10.log
10,basket_fanta_train,80,0,demo_envs/pick_to_basket/evaluations/pi05_basket_fanta_train_pi05_parallel_20261002_105333/80.mp4,logs/pi05_parallel_20261002_105333_config10.log
10,basket_fanta_train,88,0,demo_envs/pick_to_basket/evaluations/pi05_basket_fanta_train_pi05_parallel_20261002_105333/88.mp4,logs/pi05_parallel_20261002_105333_config10.log
10,basket_fanta_train,96,0,demo_envs/pick_to_basket/evaluations/pi05_basket_fanta_train_pi05_parallel_20261002_105333/96.mp4,logs/pi05_parallel_20261002_105333_config10.log
10,basket_fanta_train,100,0,demo_envs/pick_to_basket/evaluations/pi05_basket_fanta_train_pi05_parallel_20261002_105333/100.mp4,logs/pi05_parallel_20261002_105333_config10.log
10,basket_fanta_train,104,0,demo_envs/pick_to_basket/evaluations/pi05_basket_fanta_train_pi05_parallel_20261002_105333/104.mp4,logs/pi05_parallel_20261002_105333_config10.log
10,basket_fanta_train,108,0,demo_envs/pick_to_basket/evaluations/pi05_basket_fanta_train_pi05_parallel_20261002_105333/108.mp4,logs/pi05_parallel_20261002_105333_config10.log
10,basket_fanta_train,116,0,demo_envs/pick_to_basket/evaluations/pi05_basket_fanta_train_pi05_parallel_20261002_105333/116.mp4,logs/pi05_parallel_20261002_105333_config10.log
10,basket_fanta_train,120,0,demo_envs/pick_to_basket/evaluations/pi05_basket_fanta_train_pi05_parallel_20261002_105333/120.mp4,logs/pi05_parallel_20261002_105333_config10.log
10,basket_fanta_train,124,0,demo_envs/pick_to_basket/evaluations/pi05_basket_fanta_train_pi05_parallel_20261002_105333/124.mp4,logs/pi05_parallel_20261002_105333_config10.log
10,basket_fanta_train,128,0,demo_envs/pick_to_basket/evaluations/pi05_basket_fanta_train_pi05_parallel_20261002_105333/128.mp4,logs/pi05_parallel_20261002_105333_config10.log
10,basket_fanta_train,132,0,demo_envs/pick_to_basket/evaluations/pi05_basket_fanta_train_pi05_parallel_20261002_105333/132.mp4,logs/pi05_parallel_20261002_105333_config10.log
10,basket_fanta_train,136,0,demo_envs/pick_to_basket/evaluations/pi05_basket_fanta_train_pi05_parallel_20261002_105333/136.mp4,logs/pi05_parallel_20261002_105333_config10.log
10,basket_fanta_train,140,0,demo_envs/pick_to_basket/evaluations/pi05_basket_fanta_train_pi05_parallel_20261002_105333/140.mp4,logs/pi05_parallel_20261002_105333_config10.log
10,basket_fanta_train,148,0,demo_envs/pick_to_basket/evaluations/pi05_basket_fanta_train_pi05_parallel_20261002_105333/148.mp4,logs/pi05_parallel_20261002_105333_config10.log
10,basket_fanta_train,152,0,demo_envs/pick_to_basket/evaluations/pi05_basket_fanta_train_pi05_parallel_20261002_105333/152.mp4,logs/pi05_parallel_20261002_105333_config10.log
11,basket_nivea_train,0,0,demo_envs/pick_to_basket/evaluations/pi05_basket_nivea_train_pi05_parallel_20261002_105333/0.mp4,logs/pi05_parallel_20261002_105333_config11.log
11,basket_nivea_train,4,0,demo_envs/pick_to_basket/evaluations/pi05_basket_nivea_train_pi05_parallel_20261002_105333/4.mp4,logs/pi05_parallel_20261002_105333_config11.log
11,basket_nivea_train,8,0,demo_envs/pick_to_basket/evaluations/pi05_basket_nivea_train_pi05_parallel_20261002_105333/8.mp4,logs/pi05_parallel_20261002_105333_config11.log
11,basket_nivea_train,12,0,demo_envs/pick_to_basket/evaluations/pi05_basket_nivea_train_pi05_parallel_20261002_105333/12.mp4,logs/pi05_parallel_20261002_105333_config11.log
11,basket_nivea_train,20,0,demo_envs/pick_to_basket/evaluations/pi05_basket_nivea_train_pi05_parallel_20261002_105333/20.mp4,logs/pi05_parallel_20261002_105333_config11.log
11,basket_nivea_train,24,0,demo_envs/pick_to_basket/evaluations/pi05_basket_nivea_train_pi05_parallel_20261002_105333/24.mp4,logs/pi05_parallel_20261002_105333_config11.log
11,basket_nivea_train,32,0,demo_envs/pick_to_basket/evaluations/pi05_basket_nivea_train_pi05_parallel_20261002_105333/32.mp4,logs/pi05_parallel_20261002_105333_config11.log
11,basket_nivea_train,36,0,demo_envs/pick_to_basket/evaluations/pi05_basket_nivea_train_pi05_parallel_20261002_105333/36.mp4,logs/pi05_parallel_20261002_105333_config11.log
11,basket_nivea_train,40,0,demo_envs/pick_to_basket/evaluations/pi05_basket_nivea_train_pi05_parallel_20261002_105333/40.mp4,logs/pi05_parallel_20261002_105333_config11.log
11,basket_nivea_train,44,0,demo_envs/pick_to_basket/evaluations/pi05_basket_nivea_train_pi05_parallel_20261002_105333/44.mp4,logs/pi05_parallel_20261002_105333_config11.log
11,basket_nivea_train,48,0,demo_envs/pick_to_basket/evaluations/pi05_basket_nivea_train_pi05_parallel_20261002_105333/48.mp4,logs/pi05_parallel_20261002_105333_config11.log
11,basket_nivea_train,52,0,demo_envs/pick_to_basket/evaluations/pi05_basket_nivea_train_pi05_parallel_20261002_105333/52.mp4,logs/pi05_parallel_20261002_105333_config11.log
11,basket_nivea_train,56,0,demo_envs/pick_to_basket/evaluations/pi05_basket_nivea_train_pi05_parallel_20261002_105333/56.mp4,logs/pi05_parallel_20261002_105333_config11.log
11,basket_nivea_train,60,0,demo_envs/pick_to_basket/evaluations/pi05_basket_nivea_train_pi05_parallel_20261002_105333/60.mp4,logs/pi05_parallel_20261002_105333_config11.log
11,basket_nivea_train,64,0,demo_envs/pick_to_basket/evaluations/pi05_basket_nivea_train_pi05_parallel_20261002_105333/64.mp4,logs/pi05_parallel_20261002_105333_config11.log
11,basket_nivea_train,72,0,demo_envs/pick_to_basket/evaluations/pi05_basket_nivea_train_pi05_parallel_20261002_105333/72.mp4,logs/pi05_parallel_20261002_105333_config11.log
11,basket_nivea_train,80,0,demo_envs/pick_to_basket/evaluations/pi05_basket_nivea_train_pi05_parallel_20261002_105333/80.mp4,logs/pi05_parallel_20261002_105333_config11.log
11,basket_nivea_train,84,0,demo_envs/pick_to_basket/evaluations/pi05_basket_nivea_train_pi05_parallel_20261002_105333/84.mp4,logs/pi05_parallel_20261002_105333_config11.log
11,basket_nivea_train,88,0,demo_envs/pick_to_basket/evaluations/pi05_basket_nivea_train_pi05_parallel_20261002_105333/88.mp4,logs/pi05_parallel_20261002_105333_config11.log
11,basket_nivea_train,92,0,demo_envs/pick_to_basket/evaluations/pi05_basket_nivea_train_pi05_parallel_20261002_105333/92.mp4,logs/pi05_parallel_20261002_105333_config11.log
11,basket_nivea_train,96,0,demo_envs/pick_to_basket/evaluations/pi05_basket_nivea_train_pi05_parallel_20261002_105333/96.mp4,logs/pi05_parallel_20261002_105333_config11.log
11,basket_nivea_train,100,0,demo_envs/pick_to_basket/evaluations/pi05_basket_nivea_train_pi05_parallel_20261002_105333/100.mp4,logs/pi05_parallel_20261002_105333_config11.log
11,basket_nivea_train,108,0,demo_envs/pick_to_basket/evaluations/pi05_basket_nivea_train_pi05_parallel_20261002_105333/108.mp4,logs/pi05_parallel_20261002_105333_config11.log
11,basket_nivea_train,116,0,demo_envs/pick_to_basket/evaluations/pi05_basket_nivea_train_pi05_parallel_20261002_105333/116.mp4,logs/pi05_parallel_20261002_105333_config11.log
11,basket_nivea_train,120,0,demo_envs/pick_to_basket/evaluations/pi05_basket_nivea_train_pi05_parallel_20261002_105333/120.mp4,logs/pi05_parallel_20261002_105333_config11.log
11,basket_nivea_train,124,0,demo_envs/pick_to_basket/evaluations/pi05_basket_nivea_train_pi05_parallel_20261002_105333/124.mp4,logs/pi05_parallel_20261002_105333_config11.log
11,basket_nivea_train,128,0,demo_envs/pick_to_basket/evaluations/pi05_basket_nivea_train_pi05_parallel_20261002_105333/128.mp4,logs/pi05_parallel_20261002_105333_config11.log
11,basket_nivea_train,132,0,demo_envs/pick_to_basket/evaluations/pi05_basket_nivea_train_pi05_parallel_20261002_105333/132.mp4,logs/pi05_parallel_20261002_105333_config11.log
11,basket_nivea_train,136,0,demo_envs/pick_to_basket/evaluations/pi05_basket_nivea_train_pi05_parallel_20261002_105333/136.mp4,logs/pi05_parallel_20261002_105333_config11.log
11,basket_nivea_train,140,0,demo_envs/pick_to_basket/evaluations/pi05_basket_nivea_train_pi05_parallel_20261002_105333/140.mp4,logs/pi05_parallel_20261002_105333_config11.log
12,basket_stars_train,0,0,demo_envs/pick_to_basket/evaluations/pi05_basket_stars_train_pi05_parallel_20261002_105333/0.mp4,logs/pi05_parallel_20261002_105333_config12.log
12,basket_stars_train,4,0,demo_envs/pick_to_basket/evaluations/pi05_basket_stars_train_pi05_parallel_20261002_105333/4.mp4,logs/pi05_parallel_20261002_105333_config12.log
12,basket_stars_train,8,0,demo_envs/pick_to_basket/evaluations/pi05_basket_stars_train_pi05_parallel_20261002_105333/8.mp4,logs/pi05_parallel_20261002_105333_config12.log
12,basket_stars_train,16,0,demo_envs/pick_to_basket/evaluations/pi05_basket_stars_train_pi05_parallel_20261002_105333/16.mp4,logs/pi05_parallel_20261002_105333_config12.log
12,basket_stars_train,20,0,demo_envs/pick_to_basket/evaluations/pi05_basket_stars_train_pi05_parallel_20261002_105333/20.mp4,logs/pi05_parallel_20261002_105333_config12.log
12,basket_stars_train,28,0,demo_envs/pick_to_basket/evaluations/pi05_basket_stars_train_pi05_parallel_20261002_105333/28.mp4,logs/pi05_parallel_20261002_105333_config12.log
12,basket_stars_train,36,0,demo_envs/pick_to_basket/evaluations/pi05_basket_stars_train_pi05_parallel_20261002_105333/36.mp4,logs/pi05_parallel_20261002_105333_config12.log
12,basket_stars_train,40,0,demo_envs/pick_to_basket/evaluations/pi05_basket_stars_train_pi05_parallel_20261002_105333/40.mp4,logs/pi05_parallel_20261002_105333_config12.log
12,basket_stars_train,48,0,demo_envs/pick_to_basket/evaluations/pi05_basket_stars_train_pi05_parallel_20261002_105333/48.mp4,logs/pi05_parallel_20261002_105333_config12.log
12,basket_stars_train,60,0,demo_envs/pick_to_basket/evaluations/pi05_basket_stars_train_pi05_parallel_20261002_105333/60.mp4,logs/pi05_parallel_20261002_105333_config12.log
12,basket_stars_train,68,0,demo_envs/pick_to_basket/evaluations/pi05_basket_stars_train_pi05_parallel_20261002_105333/68.mp4,logs/pi05_parallel_20261002_105333_config12.log
12,basket_stars_train,76,0,demo_envs/pick_to_basket/evaluations/pi05_basket_stars_train_pi05_parallel_20261002_105333/76.mp4,logs/pi05_parallel_20261002_105333_config12.log
12,basket_stars_train,84,0,demo_envs/pick_to_basket/evaluations/pi05_basket_stars_train_pi05_parallel_20261002_105333/84.mp4,logs/pi05_parallel_20261002_105333_config12.log
12,basket_stars_train,88,0,demo_envs/pick_to_basket/evaluations/pi05_basket_stars_train_pi05_parallel_20261002_105333/88.mp4,logs/pi05_parallel_20261002_105333_config12.log
12,basket_stars_train,92,0,demo_envs/pick_to_basket/evaluations/pi05_basket_stars_train_pi05_parallel_20261002_105333/92.mp4,logs/pi05_parallel_20261002_105333_config12.log
12,basket_stars_train,96,0,demo_envs/pick_to_basket/evaluations/pi05_basket_stars_train_pi05_parallel_20261002_105333/96.mp4,logs/pi05_parallel_20261002_105333_config12.log
12,basket_stars_train,104,0,demo_envs/pick_to_basket/evaluations/pi05_basket_stars_train_pi05_parallel_20261002_105333/104.mp4,logs/pi05_parallel_20261002_105333_config12.log
12,basket_stars_train,108,0,demo_envs/pick_to_basket/evaluations/pi05_basket_stars_train_pi05_parallel_20261002_105333/108.mp4,logs/pi05_parallel_20261002_105333_config12.log
12,basket_stars_train,116,0,demo_envs/pick_to_basket/evaluations/pi05_basket_stars_train_pi05_parallel_20261002_105333/116.mp4,logs/pi05_parallel_20261002_105333_config12.log
12,basket_stars_train,120,0,demo_envs/pick_to_basket/evaluations/pi05_basket_stars_train_pi05_parallel_20261002_105333/120.mp4,logs/pi05_parallel_20261002_105333_config12.log
12,basket_stars_train,124,0,demo_envs/pick_to_basket/evaluations/pi05_basket_stars_train_pi05_parallel_20261002_105333/124.mp4,logs/pi05_parallel_20261002_105333_config12.log
12,basket_stars_train,128,0,demo_envs/pick_to_basket/evaluations/pi05_basket_stars_train_pi05_parallel_20261002_105333/128.mp4,logs/pi05_parallel_20261002_105333_config12.log
12,basket_stars_train,132,0,demo_envs/pick_to_basket/evaluations/pi05_basket_stars_train_pi05_parallel_20261002_105333/132.mp4,logs/pi05_parallel_20261002_105333_config12.log
12,basket_stars_train,136,0,demo_envs/pick_to_basket/evaluations/pi05_basket_stars_train_pi05_parallel_20261002_105333/136.mp4,logs/pi05_parallel_20261002_105333_config12.log
12,basket_stars_train,140,0,demo_envs/pick_to_basket/evaluations/pi05_basket_stars_train_pi05_parallel_20261002_105333/140.mp4,logs/pi05_parallel_20261002_105333_config12.log
12,basket_stars_train,144,0,demo_envs/pick_to_basket/evaluations/pi05_basket_stars_train_pi05_parallel_20261002_105333/144.mp4,logs/pi05_parallel_20261002_105333_config12.log
12,basket_stars_train,152,0,demo_envs/pick_to_basket/evaluations/pi05_basket_stars_train_pi05_parallel_20261002_105333/152.mp4,logs/pi05_parallel_20261002_105333_config12.log
12,basket_stars_train,156,0,demo_envs/pick_to_basket/evaluations/pi05_basket_stars_train_pi05_parallel_20261002_105333/156.mp4,logs/pi05_parallel_20261002_105333_config12.log
12,basket_stars_train,160,0,demo_envs/pick_to_basket/evaluations/pi05_basket_stars_train_pi05_parallel_20261002_105333/160.mp4,logs/pi05_parallel_20261002_105333_config12.log
12,basket_stars_train,168,0,demo_envs/pick_to_basket/evaluations/pi05_basket_stars_train_pi05_parallel_20261002_105333/168.mp4,logs/pi05_parallel_20261002_105333_config12.log
13,board_duff_robo,8,0,demo_envs/move_from_board_to_board_duff/evaluations/pi05_board_duff_robo_pi05_parallel_20261002_105333/8.mp4,logs/pi05_parallel_20261002_105333_config13.log
13,board_duff_robo,20,0,demo_envs/move_from_board_to_board_duff/evaluations/pi05_board_duff_robo_pi05_parallel_20261002_105333/20.mp4,logs/pi05_parallel_20261002_105333_config13.log
13,board_duff_robo,24,0,demo_envs/move_from_board_to_board_duff/evaluations/pi05_board_duff_robo_pi05_parallel_20261002_105333/24.mp4,logs/pi05_parallel_20261002_105333_config13.log
13,board_duff_robo,32,0,demo_envs/move_from_board_to_board_duff/evaluations/pi05_board_duff_robo_pi05_parallel_20261002_105333/32.mp4,logs/pi05_parallel_20261002_105333_config13.log
13,board_duff_robo,44,0,demo_envs/move_from_board_to_board_duff/evaluations/pi05_board_duff_robo_pi05_parallel_20261002_105333/44.mp4,logs/pi05_parallel_20261002_105333_config13.log
13,board_duff_robo,48,0,demo_envs/move_from_board_to_board_duff/evaluations/pi05_board_duff_robo_pi05_parallel_20261002_105333/48.mp4,logs/pi05_parallel_20261002_105333_config13.log
13,board_duff_robo,56,0,demo_envs/move_from_board_to_board_duff/evaluations/pi05_board_duff_robo_pi05_parallel_20261002_105333/56.mp4,logs/pi05_parallel_20261002_105333_config13.log
13,board_duff_robo,72,0,demo_envs/move_from_board_to_board_duff/evaluations/pi05_board_duff_robo_pi05_parallel_20261002_105333/72.mp4,logs/pi05_parallel_20261002_105333_config13.log
13,board_duff_robo,88,0,demo_envs/move_from_board_to_board_duff/evaluations/pi05_board_duff_robo_pi05_parallel_20261002_105333/88.mp4,logs/pi05_parallel_20261002_105333_config13.log
13,board_duff_robo,92,0,demo_envs/move_from_board_to_board_duff/evaluations/pi05_board_duff_robo_pi05_parallel_20261002_105333/92.mp4,logs/pi05_parallel_20261002_105333_config13.log
13,board_duff_robo,96,0,demo_envs/move_from_board_to_board_duff/evaluations/pi05_board_duff_robo_pi05_parallel_20261002_105333/96.mp4,logs/pi05_parallel_20261002_105333_config13.log
13,board_duff_robo,100,0,demo_envs/move_from_board_to_board_duff/evaluations/pi05_board_duff_robo_pi05_parallel_20261002_105333/100.mp4,logs/pi05_parallel_20261002_105333_config13.log
13,board_duff_robo,112,0,demo_envs/move_from_board_to_board_duff/evaluations/pi05_board_duff_robo_pi05_parallel_20261002_105333/112.mp4,logs/pi05_parallel_20261002_105333_config13.log
13,board_duff_robo,120,0,demo_envs/move_from_board_to_board_duff/evaluations/pi05_board_duff_robo_pi05_parallel_20261002_105333/120.mp4,logs/pi05_parallel_20261002_105333_config13.log
13,board_duff_robo,128,0,demo_envs/move_from_board_to_board_duff/evaluations/pi05_board_duff_robo_pi05_parallel_20261002_105333/128.mp4,logs/pi05_parallel_20261002_105333_config13.log
13,board_duff_robo,132,0,demo_envs/move_from_board_to_board_duff/evaluations/pi05_board_duff_robo_pi05_parallel_20261002_105333/132.mp4,logs/pi05_parallel_20261002_105333_config13.log
13,board_duff_robo,140,0,demo_envs/move_from_board_to_board_duff/evaluations/pi05_board_duff_robo_pi05_parallel_20261002_105333/140.mp4,logs/pi05_parallel_20261002_105333_config13.log
13,board_duff_robo,148,0,demo_envs/move_from_board_to_board_duff/evaluations/pi05_board_duff_robo_pi05_parallel_20261002_105333/148.mp4,logs/pi05_parallel_20261002_105333_config13.log
13,board_duff_robo,152,0,demo_envs/move_from_board_to_board_duff/evaluations/pi05_board_duff_robo_pi05_parallel_20261002_105333/152.mp4,logs/pi05_parallel_20261002_105333_config13.log
13,board_duff_robo,156,0,demo_envs/move_from_board_to_board_duff/evaluations/pi05_board_duff_robo_pi05_parallel_20261002_105333/156.mp4,logs/pi05_parallel_20261002_105333_config13.log
13,board_duff_robo,160,0,demo_envs/move_from_board_to_board_duff/evaluations/pi05_board_duff_robo_pi05_parallel_20261002_105333/160.mp4,logs/pi05_parallel_20261002_105333_config13.log
13,board_duff_robo,164,0,demo_envs/move_from_board_to_board_duff/evaluations/pi05_board_duff_robo_pi05_parallel_20261002_105333/164.mp4,logs/pi05_parallel_20261002_105333_config13.log
13,board_duff_robo,168,0,demo_envs/move_from_board_to_board_duff/evaluations/pi05_board_duff_robo_pi05_parallel_20261002_105333/168.mp4,logs/pi05_parallel_20261002_105333_config13.log
13,board_duff_robo,176,0,demo_envs/move_from_board_to_board_duff/evaluations/pi05_board_duff_robo_pi05_parallel_20261002_105333/176.mp4,logs/pi05_parallel_20261002_105333_config13.log
13,board_duff_robo,184,0,demo_envs/move_from_board_to_board_duff/evaluations/pi05_board_duff_robo_pi05_parallel_20261002_105333/184.mp4,logs/pi05_parallel_20261002_105333_config13.log
13,board_duff_robo,188,0,demo_envs/move_from_board_to_board_duff/evaluations/pi05_board_duff_robo_pi05_parallel_20261002_105333/188.mp4,logs/pi05_parallel_20261002_105333_config13.log
13,board_duff_robo,192,0,demo_envs/move_from_board_to_board_duff/evaluations/pi05_board_duff_robo_pi05_parallel_20261002_105333/192.mp4,logs/pi05_parallel_20261002_105333_config13.log
13,board_duff_robo,196,0,demo_envs/move_from_board_to_board_duff/evaluations/pi05_board_duff_robo_pi05_parallel_20261002_105333/196.mp4,logs/pi05_parallel_20261002_105333_config13.log
13,board_duff_robo,204,0,demo_envs/move_from_board_to_board_duff/evaluations/pi05_board_duff_robo_pi05_parallel_20261002_105333/204.mp4,logs/pi05_parallel_20261002_105333_config13.log
13,board_duff_robo,216,0,demo_envs/move_from_board_to_board_duff/evaluations/pi05_board_duff_robo_pi05_parallel_20261002_105333/216.mp4,logs/pi05_parallel_20261002_105333_config13.log
14,board_nestle_robo,0,0,demo_envs/move_from_board_to_board_nestle/evaluations/pi05_board_nestle_robo_pi05_parallel_20261002_105333/0.mp4,logs/pi05_parallel_20261002_105333_config14.log
14,board_nestle_robo,12,0,demo_envs/move_from_board_to_board_nestle/evaluations/pi05_board_nestle_robo_pi05_parallel_20261002_105333/12.mp4,logs/pi05_parallel_20261002_105333_config14.log
14,board_nestle_robo,20,0,demo_envs/move_from_board_to_board_nestle/evaluations/pi05_board_nestle_robo_pi05_parallel_20261002_105333/20.mp4,logs/pi05_parallel_20261002_105333_config14.log
14,board_nestle_robo,24,0,demo_envs/move_from_board_to_board_nestle/evaluations/pi05_board_nestle_robo_pi05_parallel_20261002_105333/24.mp4,logs/pi05_parallel_20261002_105333_config14.log
14,board_nestle_robo,28,0,demo_envs/move_from_board_to_board_nestle/evaluations/pi05_board_nestle_robo_pi05_parallel_20261002_105333/28.mp4,logs/pi05_parallel_20261002_105333_config14.log
14,board_nestle_robo,44,0,demo_envs/move_from_board_to_board_nestle/evaluations/pi05_board_nestle_robo_pi05_parallel_20261002_105333/44.mp4,logs/pi05_parallel_20261002_105333_config14.log
14,board_nestle_robo,60,0,demo_envs/move_from_board_to_board_nestle/evaluations/pi05_board_nestle_robo_pi05_parallel_20261002_105333/60.mp4,logs/pi05_parallel_20261002_105333_config14.log
14,board_nestle_robo,68,0,demo_envs/move_from_board_to_board_nestle/evaluations/pi05_board_nestle_robo_pi05_parallel_20261002_105333/68.mp4,logs/pi05_parallel_20261002_105333_config14.log
14,board_nestle_robo,80,0,demo_envs/move_from_board_to_board_nestle/evaluations/pi05_board_nestle_robo_pi05_parallel_20261002_105333/80.mp4,logs/pi05_parallel_20261002_105333_config14.log
14,board_nestle_robo,112,0,demo_envs/move_from_board_to_board_nestle/evaluations/pi05_board_nestle_robo_pi05_parallel_20261002_105333/112.mp4,logs/pi05_parallel_20261002_105333_config14.log
14,board_nestle_robo,124,0,demo_envs/move_from_board_to_board_nestle/evaluations/pi05_board_nestle_robo_pi05_parallel_20261002_105333/124.mp4,logs/pi05_parallel_20261002_105333_config14.log
14,board_nestle_robo,128,0,demo_envs/move_from_board_to_board_nestle/evaluations/pi05_board_nestle_robo_pi05_parallel_20261002_105333/128.mp4,logs/pi05_parallel_20261002_105333_config14.log
14,board_nestle_robo,132,0,demo_envs/move_from_board_to_board_nestle/evaluations/pi05_board_nestle_robo_pi05_parallel_20261002_105333/132.mp4,logs/pi05_parallel_20261002_105333_config14.log
14,board_nestle_robo,144,0,demo_envs/move_from_board_to_board_nestle/evaluations/pi05_board_nestle_robo_pi05_parallel_20261002_105333/144.mp4,logs/pi05_parallel_20261002_105333_config14.log
14,board_nestle_robo,148,0,demo_envs/move_from_board_to_board_nestle/evaluations/pi05_board_nestle_robo_pi05_parallel_20261002_105333/148.mp4,logs/pi05_parallel_20261002_105333_config14.log
14,board_nestle_robo,156,0,demo_envs/move_from_board_to_board_nestle/evaluations/pi05_board_nestle_robo_pi05_parallel_20261002_105333/156.mp4,logs/pi05_parallel_20261002_105333_config14.log
14,board_nestle_robo,160,0,demo_envs/move_from_board_to_board_nestle/evaluations/pi05_board_nestle_robo_pi05_parallel_20261002_105333/160.mp4,logs/pi05_parallel_20261002_105333_config14.log
14,board_nestle_robo,176,0,demo_envs/move_from_board_to_board_nestle/evaluations/pi05_board_nestle_robo_pi05_parallel_20261002_105333/176.mp4,logs/pi05_parallel_20261002_105333_config14.log
14,board_nestle_robo,184,0,demo_envs/move_from_board_to_board_nestle/evaluations/pi05_board_nestle_robo_pi05_parallel_20261002_105333/184.mp4,logs/pi05_parallel_20261002_105333_config14.log
14,board_nestle_robo,188,0,demo_envs/move_from_board_to_board_nestle/evaluations/pi05_board_nestle_robo_pi05_parallel_20261002_105333/188.mp4,logs/pi05_parallel_20261002_105333_config14.log
14,board_nestle_robo,192,0,demo_envs/move_from_board_to_board_nestle/evaluations/pi05_board_nestle_robo_pi05_parallel_20261002_105333/192.mp4,logs/pi05_parallel_20261002_105333_config14.log
14,board_nestle_robo,212,0,demo_envs/move_from_board_to_board_nestle/evaluations/pi05_board_nestle_robo_pi05_parallel_20261002_105333/212.mp4,logs/pi05_parallel_20261002_105333_config14.log
14,board_nestle_robo,220,0,demo_envs/move_from_board_to_board_nestle/evaluations/pi05_board_nestle_robo_pi05_parallel_20261002_105333/220.mp4,logs/pi05_parallel_20261002_105333_config14.log
14,board_nestle_robo,244,0,demo_envs/move_from_board_to_board_nestle/evaluations/pi05_board_nestle_robo_pi05_parallel_20261002_105333/244.mp4,logs/pi05_parallel_20261002_105333_config14.log
14,board_nestle_robo,256,0,demo_envs/move_from_board_to_board_nestle/evaluations/pi05_board_nestle_robo_pi05_parallel_20261002_105333/256.mp4,logs/pi05_parallel_20261002_105333_config14.log
14,board_nestle_robo,276,0,demo_envs/move_from_board_to_board_nestle/evaluations/pi05_board_nestle_robo_pi05_parallel_20261002_105333/276.mp4,logs/pi05_parallel_20261002_105333_config14.log
14,board_nestle_robo,288,0,demo_envs/move_from_board_to_board_nestle/evaluations/pi05_board_nestle_robo_pi05_parallel_20261002_105333/288.mp4,logs/pi05_parallel_20261002_105333_config14.log
14,board_nestle_robo,296,0,demo_envs/move_from_board_to_board_nestle/evaluations/pi05_board_nestle_robo_pi05_parallel_20261002_105333/296.mp4,logs/pi05_parallel_20261002_105333_config14.log
14,board_nestle_robo,304,0,demo_envs/move_from_board_to_board_nestle/evaluations/pi05_board_nestle_robo_pi05_parallel_20261002_105333/304.mp4,logs/pi05_parallel_20261002_105333_config14.log
14,board_nestle_robo,308,0,demo_envs/move_from_board_to_board_nestle/evaluations/pi05_board_nestle_robo_pi05_parallel_20261002_105333/308.mp4,logs/pi05_parallel_20261002_105333_config14.log
15,board_vanish_robo,8,0,demo_envs/move_from_board_to_board_vanish/evaluations/pi05_board_vanish_robo_pi05_parallel_20261002_105333/8.mp4,logs/pi05_parallel_20261002_105333_config15.log
15,board_vanish_robo,24,0,demo_envs/move_from_board_to_board_vanish/evaluations/pi05_board_vanish_robo_pi05_parallel_20261002_105333/24.mp4,logs/pi05_parallel_20261002_105333_config15.log
15,board_vanish_robo,28,0,demo_envs/move_from_board_to_board_vanish/evaluations/pi05_board_vanish_robo_pi05_parallel_20261002_105333/28.mp4,logs/pi05_parallel_20261002_105333_config15.log
15,board_vanish_robo,68,0,demo_envs/move_from_board_to_board_vanish/evaluations/pi05_board_vanish_robo_pi05_parallel_20261002_105333/68.mp4,logs/pi05_parallel_20261002_105333_config15.log
15,board_vanish_robo,84,0,demo_envs/move_from_board_to_board_vanish/evaluations/pi05_board_vanish_robo_pi05_parallel_20261002_105333/84.mp4,logs/pi05_parallel_20261002_105333_config15.log
15,board_vanish_robo,108,0,demo_envs/move_from_board_to_board_vanish/evaluations/pi05_board_vanish_robo_pi05_parallel_20261002_105333/108.mp4,logs/pi05_parallel_20261002_105333_config15.log
15,board_vanish_robo,128,0,demo_envs/move_from_board_to_board_vanish/evaluations/pi05_board_vanish_robo_pi05_parallel_20261002_105333/128.mp4,logs/pi05_parallel_20261002_105333_config15.log
15,board_vanish_robo,132,0,demo_envs/move_from_board_to_board_vanish/evaluations/pi05_board_vanish_robo_pi05_parallel_20261002_105333/132.mp4,logs/pi05_parallel_20261002_105333_config15.log
15,board_vanish_robo,176,0,demo_envs/move_from_board_to_board_vanish/evaluations/pi05_board_vanish_robo_pi05_parallel_20261002_105333/176.mp4,logs/pi05_parallel_20261002_105333_config15.log
15,board_vanish_robo,184,0,demo_envs/move_from_board_to_board_vanish/evaluations/pi05_board_vanish_robo_pi05_parallel_20261002_105333/184.mp4,logs/pi05_parallel_20261002_105333_config15.log
15,board_vanish_robo,188,0,demo_envs/move_from_board_to_board_vanish/evaluations/pi05_board_vanish_robo_pi05_parallel_20261002_105333/188.mp4,logs/pi05_parallel_20261002_105333_config15.log
15,board_vanish_robo,192,0,demo_envs/move_from_board_to_board_vanish/evaluations/pi05_board_vanish_robo_pi05_parallel_20261002_105333/192.mp4,logs/pi05_parallel_20261002_105333_config15.log
15,board_vanish_robo,204,0,demo_envs/move_from_board_to_board_vanish/evaluations/pi05_board_vanish_robo_pi05_parallel_20261002_105333/204.mp4,logs/pi05_parallel_20261002_105333_config15.log
15,board_vanish_robo,220,0,demo_envs/move_from_board_to_board_vanish/evaluations/pi05_board_vanish_robo_pi05_parallel_20261002_105333/220.mp4,logs/pi05_parallel_20261002_105333_config15.log
15,board_vanish_robo,272,0,demo_envs/move_from_board_to_board_vanish/evaluations/pi05_board_vanish_robo_pi05_parallel_20261002_105333/272.mp4,logs/pi05_parallel_20261002_105333_config15.log
15,board_vanish_robo,288,0,demo_envs/move_from_board_to_board_vanish/evaluations/pi05_board_vanish_robo_pi05_parallel_20261002_105333/288.mp4,logs/pi05_parallel_20261002_105333_config15.log
15,board_vanish_robo,296,0,demo_envs/move_from_board_to_board_vanish/evaluations/pi05_board_vanish_robo_pi05_parallel_20261002_105333/296.mp4,logs/pi05_parallel_20261002_105333_config15.log
15,board_vanish_robo,300,0,demo_envs/move_from_board_to_board_vanish/evaluations/pi05_board_vanish_robo_pi05_parallel_20261002_105333/300.mp4,logs/pi05_parallel_20261002_105333_config15.log
15,board_vanish_robo,304,0,demo_envs/move_from_board_to_board_vanish/evaluations/pi05_board_vanish_robo_pi05_parallel_20261002_105333/304.mp4,logs/pi05_parallel_20261002_105333_config15.log
15,board_vanish_robo,336,0,demo_envs/move_from_board_to_board_vanish/evaluations/pi05_board_vanish_robo_pi05_parallel_20261002_105333/336.mp4,logs/pi05_parallel_20261002_105333_config15.log
15,board_vanish_robo,348,0,demo_envs/move_from_board_to_board_vanish/evaluations/pi05_board_vanish_robo_pi05_parallel_20261002_105333/348.mp4,logs/pi05_parallel_20261002_105333_config15.log
15,board_vanish_robo,352,0,demo_envs/move_from_board_to_board_vanish/evaluations/pi05_board_vanish_robo_pi05_parallel_20261002_105333/352.mp4,logs/pi05_parallel_20261002_105333_config15.log
15,board_vanish_robo,380,0,demo_envs/move_from_board_to_board_vanish/evaluations/pi05_board_vanish_robo_pi05_parallel_20261002_105333/380.mp4,logs/pi05_parallel_20261002_105333_config15.log
15,board_vanish_robo,408,0,demo_envs/move_from_board_to_board_vanish/evaluations/pi05_board_vanish_robo_pi05_parallel_20261002_105333/408.mp4,logs/pi05_parallel_20261002_105333_config15.log
15,board_vanish_robo,412,0,demo_envs/move_from_board_to_board_vanish/evaluations/pi05_board_vanish_robo_pi05_parallel_20261002_105333/412.mp4,logs/pi05_parallel_20261002_105333_config15.log
15,board_vanish_robo,420,0,demo_envs/move_from_board_to_board_vanish/evaluations/pi05_board_vanish_robo_pi05_parallel_20261002_105333/420.mp4,logs/pi05_parallel_20261002_105333_config15.log
15,board_vanish_robo,428,0,demo_envs/move_from_board_to_board_vanish/evaluations/pi05_board_vanish_robo_pi05_parallel_20261002_105333/428.mp4,logs/pi05_parallel_20261002_105333_config15.log
15,board_vanish_robo,448,0,demo_envs/move_from_board_to_board_vanish/evaluations/pi05_board_vanish_robo_pi05_parallel_20261002_105333/448.mp4,logs/pi05_parallel_20261002_105333_config15.log
15,board_vanish_robo,452,0,demo_envs/move_from_board_to_board_vanish/evaluations/pi05_board_vanish_robo_pi05_parallel_20261002_105333/452.mp4,logs/pi05_parallel_20261002_105333_config15.log
15,board_vanish_robo,460,0,demo_envs/move_from_board_to_board_vanish/evaluations/pi05_board_vanish_robo_pi05_parallel_20261002_105333/460.mp4,logs/pi05_parallel_20261002_105333_config15.log
16,open_fridge_robo,0,0,demo_envs/open_fridge/evaluations/pi05_open_fridge_robo_pi05_parallel_20261002_105333/0.mp4,logs/pi05_parallel_20261002_105333_config16.log
16,open_fridge_robo,4,0,demo_envs/open_fridge/evaluations/pi05_open_fridge_robo_pi05_parallel_20261002_105333/4.mp4,logs/pi05_parallel_20261002_105333_config16.log
16,open_fridge_robo,8,0,demo_envs/open_fridge/evaluations/pi05_open_fridge_robo_pi05_parallel_20261002_105333/8.mp4,logs/pi05_parallel_20261002_105333_config16.log
16,open_fridge_robo,12,0,demo_envs/open_fridge/evaluations/pi05_open_fridge_robo_pi05_parallel_20261002_105333/12.mp4,logs/pi05_parallel_20261002_105333_config16.log
16,open_fridge_robo,16,0,demo_envs/open_fridge/evaluations/pi05_open_fridge_robo_pi05_parallel_20261002_105333/16.mp4,logs/pi05_parallel_20261002_105333_config16.log
16,open_fridge_robo,20,0,demo_envs/open_fridge/evaluations/pi05_open_fridge_robo_pi05_parallel_20261002_105333/20.mp4,logs/pi05_parallel_20261002_105333_config16.log
16,open_fridge_robo,24,0,demo_envs/open_fridge/evaluations/pi05_open_fridge_robo_pi05_parallel_20261002_105333/24.mp4,logs/pi05_parallel_20261002_105333_config16.log
16,open_fridge_robo,28,0,demo_envs/open_fridge/evaluations/pi05_open_fridge_robo_pi05_parallel_20261002_105333/28.mp4,logs/pi05_parallel_20261002_105333_config16.log
16,open_fridge_robo,32,0,demo_envs/open_fridge/evaluations/pi05_open_fridge_robo_pi05_parallel_20261002_105333/32.mp4,logs/pi05_parallel_20261002_105333_config16.log
16,open_fridge_robo,36,0,demo_envs/open_fridge/evaluations/pi05_open_fridge_robo_pi05_parallel_20261002_105333/36.mp4,logs/pi05_parallel_20261002_105333_config16.log
16,open_fridge_robo,40,0,demo_envs/open_fridge/evaluations/pi05_open_fridge_robo_pi05_parallel_20261002_105333/40.mp4,logs/pi05_parallel_20261002_105333_config16.log
16,open_fridge_robo,44,0,demo_envs/open_fridge/evaluations/pi05_open_fridge_robo_pi05_parallel_20261002_105333/44.mp4,logs/pi05_parallel_20261002_105333_config16.log
16,open_fridge_robo,48,0,demo_envs/open_fridge/evaluations/pi05_open_fridge_robo_pi05_parallel_20261002_105333/48.mp4,logs/pi05_parallel_20261002_105333_config16.log
16,open_fridge_robo,52,0,demo_envs/open_fridge/evaluations/pi05_open_fridge_robo_pi05_parallel_20261002_105333/52.mp4,logs/pi05_parallel_20261002_105333_config16.log
16,open_fridge_robo,56,0,demo_envs/open_fridge/evaluations/pi05_open_fridge_robo_pi05_parallel_20261002_105333/56.mp4,logs/pi05_parallel_20261002_105333_config16.log
16,open_fridge_robo,60,0,demo_envs/open_fridge/evaluations/pi05_open_fridge_robo_pi05_parallel_20261002_105333/60.mp4,logs/pi05_parallel_20261002_105333_config16.log
16,open_fridge_robo,64,0,demo_envs/open_fridge/evaluations/pi05_open_fridge_robo_pi05_parallel_20261002_105333/64.mp4,logs/pi05_parallel_20261002_105333_config16.log
16,open_fridge_robo,68,0,demo_envs/open_fridge/evaluations/pi05_open_fridge_robo_pi05_parallel_20261002_105333/68.mp4,logs/pi05_parallel_20261002_105333_config16.log
16,open_fridge_robo,72,0,demo_envs/open_fridge/evaluations/pi05_open_fridge_robo_pi05_parallel_20261002_105333/72.mp4,logs/pi05_parallel_20261002_105333_config16.log
16,open_fridge_robo,76,0,demo_envs/open_fridge/evaluations/pi05_open_fridge_robo_pi05_parallel_20261002_105333/76.mp4,logs/pi05_parallel_20261002_105333_config16.log
16,open_fridge_robo,80,0,demo_envs/open_fridge/evaluations/pi05_open_fridge_robo_pi05_parallel_20261002_105333/80.mp4,logs/pi05_parallel_20261002_105333_config16.log
16,open_fridge_robo,84,0,demo_envs/open_fridge/evaluations/pi05_open_fridge_robo_pi05_parallel_20261002_105333/84.mp4,logs/pi05_parallel_20261002_105333_config16.log
16,open_fridge_robo,88,0,demo_envs/open_fridge/evaluations/pi05_open_fridge_robo_pi05_parallel_20261002_105333/88.mp4,logs/pi05_parallel_20261002_105333_config16.log
16,open_fridge_robo,92,0,demo_envs/open_fridge/evaluations/pi05_open_fridge_robo_pi05_parallel_20261002_105333/92.mp4,logs/pi05_parallel_20261002_105333_config16.log
16,open_fridge_robo,96,0,demo_envs/open_fridge/evaluations/pi05_open_fridge_robo_pi05_parallel_20261002_105333/96.mp4,logs/pi05_parallel_20261002_105333_config16.log
16,open_fridge_robo,100,0,demo_envs/open_fridge/evaluations/pi05_open_fridge_robo_pi05_parallel_20261002_105333/100.mp4,logs/pi05_parallel_20261002_105333_config16.log
16,open_fridge_robo,104,0,demo_envs/open_fridge/evaluations/pi05_open_fridge_robo_pi05_parallel_20261002_105333/104.mp4,logs/pi05_parallel_20261002_105333_config16.log
16,open_fridge_robo,108,0,demo_envs/open_fridge/evaluations/pi05_open_fridge_robo_pi05_parallel_20261002_105333/108.mp4,logs/pi05_parallel_20261002_105333_config16.log
16,open_fridge_robo,112,0,demo_envs/open_fridge/evaluations/pi05_open_fridge_robo_pi05_parallel_20261002_105333/112.mp4,logs/pi05_parallel_20261002_105333_config16.log
16,open_fridge_robo,116,0,demo_envs/open_fridge/evaluations/pi05_open_fridge_robo_pi05_parallel_20261002_105333/116.mp4,logs/pi05_parallel_20261002_105333_config16.log
17,close_fridge_robo,0,0,demo_envs/close_fridge/evaluations/pi05_close_fridge_robo_pi05_parallel_20261002_105333/0.mp4,logs/pi05_parallel_20261002_105333_config17.log
17,close_fridge_robo,4,0,demo_envs/close_fridge/evaluations/pi05_close_fridge_robo_pi05_parallel_20261002_105333/4.mp4,logs/pi05_parallel_20261002_105333_config17.log
17,close_fridge_robo,8,0,demo_envs/close_fridge/evaluations/pi05_close_fridge_robo_pi05_parallel_20261002_105333/8.mp4,logs/pi05_parallel_20261002_105333_config17.log
17,close_fridge_robo,12,0,demo_envs/close_fridge/evaluations/pi05_close_fridge_robo_pi05_parallel_20261002_105333/12.mp4,logs/pi05_parallel_20261002_105333_config17.log
17,close_fridge_robo,16,0,demo_envs/close_fridge/evaluations/pi05_close_fridge_robo_pi05_parallel_20261002_105333/16.mp4,logs/pi05_parallel_20261002_105333_config17.log
17,close_fridge_robo,20,0,demo_envs/close_fridge/evaluations/pi05_close_fridge_robo_pi05_parallel_20261002_105333/20.mp4,logs/pi05_parallel_20261002_105333_config17.log
17,close_fridge_robo,24,0,demo_envs/close_fridge/evaluations/pi05_close_fridge_robo_pi05_parallel_20261002_105333/24.mp4,logs/pi05_parallel_20261002_105333_config17.log
17,close_fridge_robo,28,1,demo_envs/close_fridge/evaluations/pi05_close_fridge_robo_pi05_parallel_20261002_105333/28.mp4,logs/pi05_parallel_20261002_105333_config17.log
17,close_fridge_robo,32,1,demo_envs/close_fridge/evaluations/pi05_close_fridge_robo_pi05_parallel_20261002_105333/32.mp4,logs/pi05_parallel_20261002_105333_config17.log
17,close_fridge_robo,36,0,demo_envs/close_fridge/evaluations/pi05_close_fridge_robo_pi05_parallel_20261002_105333/36.mp4,logs/pi05_parallel_20261002_105333_config17.log
17,close_fridge_robo,40,0,demo_envs/close_fridge/evaluations/pi05_close_fridge_robo_pi05_parallel_20261002_105333/40.mp4,logs/pi05_parallel_20261002_105333_config17.log
17,close_fridge_robo,44,0,demo_envs/close_fridge/evaluations/pi05_close_fridge_robo_pi05_parallel_20261002_105333/44.mp4,logs/pi05_parallel_20261002_105333_config17.log
17,close_fridge_robo,48,0,demo_envs/close_fridge/evaluations/pi05_close_fridge_robo_pi05_parallel_20261002_105333/48.mp4,logs/pi05_parallel_20261002_105333_config17.log
17,close_fridge_robo,52,1,demo_envs/close_fridge/evaluations/pi05_close_fridge_robo_pi05_parallel_20261002_105333/52.mp4,logs/pi05_parallel_20261002_105333_config17.log
17,close_fridge_robo,56,0,demo_envs/close_fridge/evaluations/pi05_close_fridge_robo_pi05_parallel_20261002_105333/56.mp4,logs/pi05_parallel_20261002_105333_config17.log
17,close_fridge_robo,60,0,demo_envs/close_fridge/evaluations/pi05_close_fridge_robo_pi05_parallel_20261002_105333/60.mp4,logs/pi05_parallel_20261002_105333_config17.log
17,close_fridge_robo,64,1,demo_envs/close_fridge/evaluations/pi05_close_fridge_robo_pi05_parallel_20261002_105333/64.mp4,logs/pi05_parallel_20261002_105333_config17.log
17,close_fridge_robo,68,0,demo_envs/close_fridge/evaluations/pi05_close_fridge_robo_pi05_parallel_20261002_105333/68.mp4,logs/pi05_parallel_20261002_105333_config17.log
17,close_fridge_robo,72,0,demo_envs/close_fridge/evaluations/pi05_close_fridge_robo_pi05_parallel_20261002_105333/72.mp4,logs/pi05_parallel_20261002_105333_config17.log
17,close_fridge_robo,76,0,demo_envs/close_fridge/evaluations/pi05_close_fridge_robo_pi05_parallel_20261002_105333/76.mp4,logs/pi05_parallel_20261002_105333_config17.log
17,close_fridge_robo,80,0,demo_envs/close_fridge/evaluations/pi05_close_fridge_robo_pi05_parallel_20261002_105333/80.mp4,logs/pi05_parallel_20261002_105333_config17.log
17,close_fridge_robo,84,1,demo_envs/close_fridge/evaluations/pi05_close_fridge_robo_pi05_parallel_20261002_105333/84.mp4,logs/pi05_parallel_20261002_105333_config17.log
17,close_fridge_robo,88,0,demo_envs/close_fridge/evaluations/pi05_close_fridge_robo_pi05_parallel_20261002_105333/88.mp4,logs/pi05_parallel_20261002_105333_config17.log
17,close_fridge_robo,92,1,demo_envs/close_fridge/evaluations/pi05_close_fridge_robo_pi05_parallel_20261002_105333/92.mp4,logs/pi05_parallel_20261002_105333_config17.log
17,close_fridge_robo,96,1,demo_envs/close_fridge/evaluations/pi05_close_fridge_robo_pi05_parallel_20261002_105333/96.mp4,logs/pi05_parallel_20261002_105333_config17.log
17,close_fridge_robo,100,0,demo_envs/close_fridge/evaluations/pi05_close_fridge_robo_pi05_parallel_20261002_105333/100.mp4,logs/pi05_parallel_20261002_105333_config17.log
17,close_fridge_robo,104,0,demo_envs/close_fridge/evaluations/pi05_close_fridge_robo_pi05_parallel_20261002_105333/104.mp4,logs/pi05_parallel_20261002_105333_config17.log
17,close_fridge_robo,108,0,demo_envs/close_fridge/evaluations/pi05_close_fridge_robo_pi05_parallel_20261002_105333/108.mp4,logs/pi05_parallel_20261002_105333_config17.log
17,close_fridge_robo,112,0,demo_envs/close_fridge/evaluations/pi05_close_fridge_robo_pi05_parallel_20261002_105333/112.mp4,logs/pi05_parallel_20261002_105333_config17.log
17,close_fridge_robo,116,0,demo_envs/close_fridge/evaluations/pi05_close_fridge_robo_pi05_parallel_20261002_105333/116.mp4,logs/pi05_parallel_20261002_105333_config17.log
18,open_showcase_robo,0,0,demo_envs/open_showcase/evaluations/pi05_open_showcase_robo_pi05_parallel_20261002_105333/0.mp4,logs/pi05_parallel_20261002_105333_config18.log
18,open_showcase_robo,8,0,demo_envs/open_showcase/evaluations/pi05_open_showcase_robo_pi05_parallel_20261002_105333/8.mp4,logs/pi05_parallel_20261002_105333_config18.log
18,open_showcase_robo,12,0,demo_envs/open_showcase/evaluations/pi05_open_showcase_robo_pi05_parallel_20261002_105333/12.mp4,logs/pi05_parallel_20261002_105333_config18.log
18,open_showcase_robo,16,0,demo_envs/open_showcase/evaluations/pi05_open_showcase_robo_pi05_parallel_20261002_105333/16.mp4,logs/pi05_parallel_20261002_105333_config18.log
18,open_showcase_robo,20,0,demo_envs/open_showcase/evaluations/pi05_open_showcase_robo_pi05_parallel_20261002_105333/20.mp4,logs/pi05_parallel_20261002_105333_config18.log
18,open_showcase_robo,28,0,demo_envs/open_showcase/evaluations/pi05_open_showcase_robo_pi05_parallel_20261002_105333/28.mp4,logs/pi05_parallel_20261002_105333_config18.log
18,open_showcase_robo,32,1,demo_envs/open_showcase/evaluations/pi05_open_showcase_robo_pi05_parallel_20261002_105333/32.mp4,logs/pi05_parallel_20261002_105333_config18.log
18,open_showcase_robo,36,0,demo_envs/open_showcase/evaluations/pi05_open_showcase_robo_pi05_parallel_20261002_105333/36.mp4,logs/pi05_parallel_20261002_105333_config18.log
18,open_showcase_robo,44,0,demo_envs/open_showcase/evaluations/pi05_open_showcase_robo_pi05_parallel_20261002_105333/44.mp4,logs/pi05_parallel_20261002_105333_config18.log
18,open_showcase_robo,48,0,demo_envs/open_showcase/evaluations/pi05_open_showcase_robo_pi05_parallel_20261002_105333/48.mp4,logs/pi05_parallel_20261002_105333_config18.log
18,open_showcase_robo,52,0,demo_envs/open_showcase/evaluations/pi05_open_showcase_robo_pi05_parallel_20261002_105333/52.mp4,logs/pi05_parallel_20261002_105333_config18.log
18,open_showcase_robo,56,0,demo_envs/open_showcase/evaluations/pi05_open_showcase_robo_pi05_parallel_20261002_105333/56.mp4,logs/pi05_parallel_20261002_105333_config18.log
18,open_showcase_robo,60,0,demo_envs/open_showcase/evaluations/pi05_open_showcase_robo_pi05_parallel_20261002_105333/60.mp4,logs/pi05_parallel_20261002_105333_config18.log
18,open_showcase_robo,64,0,demo_envs/open_showcase/evaluations/pi05_open_showcase_robo_pi05_parallel_20261002_105333/64.mp4,logs/pi05_parallel_20261002_105333_config18.log
18,open_showcase_robo,68,0,demo_envs/open_showcase/evaluations/pi05_open_showcase_robo_pi05_parallel_20261002_105333/68.mp4,logs/pi05_parallel_20261002_105333_config18.log
18,open_showcase_robo,72,0,demo_envs/open_showcase/evaluations/pi05_open_showcase_robo_pi05_parallel_20261002_105333/72.mp4,logs/pi05_parallel_20261002_105333_config18.log
18,open_showcase_robo,76,0,demo_envs/open_showcase/evaluations/pi05_open_showcase_robo_pi05_parallel_20261002_105333/76.mp4,logs/pi05_parallel_20261002_105333_config18.log
18,open_showcase_robo,80,0,demo_envs/open_showcase/evaluations/pi05_open_showcase_robo_pi05_parallel_20261002_105333/80.mp4,logs/pi05_parallel_20261002_105333_config18.log
18,open_showcase_robo,84,0,demo_envs/open_showcase/evaluations/pi05_open_showcase_robo_pi05_parallel_20261002_105333/84.mp4,logs/pi05_parallel_20261002_105333_config18.log
18,open_showcase_robo,88,0,demo_envs/open_showcase/evaluations/pi05_open_showcase_robo_pi05_parallel_20261002_105333/88.mp4,logs/pi05_parallel_20261002_105333_config18.log
18,open_showcase_robo,96,0,demo_envs/open_showcase/evaluations/pi05_open_showcase_robo_pi05_parallel_20261002_105333/96.mp4,logs/pi05_parallel_20261002_105333_config18.log
18,open_showcase_robo,100,0,demo_envs/open_showcase/evaluations/pi05_open_showcase_robo_pi05_parallel_20261002_105333/100.mp4,logs/pi05_parallel_20261002_105333_config18.log
18,open_showcase_robo,104,0,demo_envs/open_showcase/evaluations/pi05_open_showcase_robo_pi05_parallel_20261002_105333/104.mp4,logs/pi05_parallel_20261002_105333_config18.log
18,open_showcase_robo,108,0,demo_envs/open_showcase/evaluations/pi05_open_showcase_robo_pi05_parallel_20261002_105333/108.mp4,logs/pi05_parallel_20261002_105333_config18.log
18,open_showcase_robo,112,0,demo_envs/open_showcase/evaluations/pi05_open_showcase_robo_pi05_parallel_20261002_105333/112.mp4,logs/pi05_parallel_20261002_105333_config18.log
18,open_showcase_robo,116,0,demo_envs/open_showcase/evaluations/pi05_open_showcase_robo_pi05_parallel_20261002_105333/116.mp4,logs/pi05_parallel_20261002_105333_config18.log
18,open_showcase_robo,120,0,demo_envs/open_showcase/evaluations/pi05_open_showcase_robo_pi05_parallel_20261002_105333/120.mp4,logs/pi05_parallel_20261002_105333_config18.log
18,open_showcase_robo,124,0,demo_envs/open_showcase/evaluations/pi05_open_showcase_robo_pi05_parallel_20261002_105333/124.mp4,logs/pi05_parallel_20261002_105333_config18.log
18,open_showcase_robo,128,0,demo_envs/open_showcase/evaluations/pi05_open_showcase_robo_pi05_parallel_20261002_105333/128.mp4,logs/pi05_parallel_20261002_105333_config18.log
18,open_showcase_robo,136,0,demo_envs/open_showcase/evaluations/pi05_open_showcase_robo_pi05_parallel_20261002_105333/136.mp4,logs/pi05_parallel_20261002_105333_config18.log
19,close_showcase_robo,0,1,demo_envs/close_showcase/evaluations/pi05_close_showcase_robo_pi05_parallel_20261002_105333/0.mp4,logs/pi05_parallel_20261002_105333_config19.log
19,close_showcase_robo,8,0,demo_envs/close_showcase/evaluations/pi05_close_showcase_robo_pi05_parallel_20261002_105333/8.mp4,logs/pi05_parallel_20261002_105333_config19.log
19,close_showcase_robo,12,0,demo_envs/close_showcase/evaluations/pi05_close_showcase_robo_pi05_parallel_20261002_105333/12.mp4,logs/pi05_parallel_20261002_105333_config19.log
19,close_showcase_robo,16,0,demo_envs/close_showcase/evaluations/pi05_close_showcase_robo_pi05_parallel_20261002_105333/16.mp4,logs/pi05_parallel_20261002_105333_config19.log
19,close_showcase_robo,20,0,demo_envs/close_showcase/evaluations/pi05_close_showcase_robo_pi05_parallel_20261002_105333/20.mp4,logs/pi05_parallel_20261002_105333_config19.log
19,close_showcase_robo,28,0,demo_envs/close_showcase/evaluations/pi05_close_showcase_robo_pi05_parallel_20261002_105333/28.mp4,logs/pi05_parallel_20261002_105333_config19.log
19,close_showcase_robo,32,0,demo_envs/close_showcase/evaluations/pi05_close_showcase_robo_pi05_parallel_20261002_105333/32.mp4,logs/pi05_parallel_20261002_105333_config19.log
19,close_showcase_robo,36,0,demo_envs/close_showcase/evaluations/pi05_close_showcase_robo_pi05_parallel_20261002_105333/36.mp4,logs/pi05_parallel_20261002_105333_config19.log
19,close_showcase_robo,44,0,demo_envs/close_showcase/evaluations/pi05_close_showcase_robo_pi05_parallel_20261002_105333/44.mp4,logs/pi05_parallel_20261002_105333_config19.log
19,close_showcase_robo,48,0,demo_envs/close_showcase/evaluations/pi05_close_showcase_robo_pi05_parallel_20261002_105333/48.mp4,logs/pi05_parallel_20261002_105333_config19.log
19,close_showcase_robo,52,0,demo_envs/close_showcase/evaluations/pi05_close_showcase_robo_pi05_parallel_20261002_105333/52.mp4,logs/pi05_parallel_20261002_105333_config19.log
19,close_showcase_robo,56,0,demo_envs/close_showcase/evaluations/pi05_close_showcase_robo_pi05_parallel_20261002_105333/56.mp4,logs/pi05_parallel_20261002_105333_config19.log
19,close_showcase_robo,60,0,demo_envs/close_showcase/evaluations/pi05_close_showcase_robo_pi05_parallel_20261002_105333/60.mp4,logs/pi05_parallel_20261002_105333_config19.log
19,close_showcase_robo,64,0,demo_envs/close_showcase/evaluations/pi05_close_showcase_robo_pi05_parallel_20261002_105333/64.mp4,logs/pi05_parallel_20261002_105333_config19.log
19,close_showcase_robo,68,0,demo_envs/close_showcase/evaluations/pi05_close_showcase_robo_pi05_parallel_20261002_105333/68.mp4,logs/pi05_parallel_20261002_105333_config19.log
19,close_showcase_robo,72,0,demo_envs/close_showcase/evaluations/pi05_close_showcase_robo_pi05_parallel_20261002_105333/72.mp4,logs/pi05_parallel_20261002_105333_config19.log
19,close_showcase_robo,76,1,demo_envs/close_showcase/evaluations/pi05_close_showcase_robo_pi05_parallel_20261002_105333/76.mp4,logs/pi05_parallel_20261002_105333_config19.log
19,close_showcase_robo,80,0,demo_envs/close_showcase/evaluations/pi05_close_showcase_robo_pi05_parallel_20261002_105333/80.mp4,logs/pi05_parallel_20261002_105333_config19.log
19,close_showcase_robo,84,0,demo_envs/close_showcase/evaluations/pi05_close_showcase_robo_pi05_parallel_20261002_105333/84.mp4,logs/pi05_parallel_20261002_105333_config19.log
19,close_showcase_robo,88,0,demo_envs/close_showcase/evaluations/pi05_close_showcase_robo_pi05_parallel_20261002_105333/88.mp4,logs/pi05_parallel_20261002_105333_config19.log
19,close_showcase_robo,96,0,demo_envs/close_showcase/evaluations/pi05_close_showcase_robo_pi05_parallel_20261002_105333/96.mp4,logs/pi05_parallel_20261002_105333_config19.log
19,close_showcase_robo,100,0,demo_envs/close_showcase/evaluations/pi05_close_showcase_robo_pi05_parallel_20261002_105333/100.mp4,logs/pi05_parallel_20261002_105333_config19.log
19,close_showcase_robo,104,0,demo_envs/close_showcase/evaluations/pi05_close_showcase_robo_pi05_parallel_20261002_105333/104.mp4,logs/pi05_parallel_20261002_105333_config19.log
19,close_showcase_robo,108,0,demo_envs/close_showcase/evaluations/pi05_close_showcase_robo_pi05_parallel_20261002_105333/108.mp4,logs/pi05_parallel_20261002_105333_config19.log
19,close_showcase_robo,112,0,demo_envs/close_showcase/evaluations/pi05_close_showcase_robo_pi05_parallel_20261002_105333/112.mp4,logs/pi05_parallel_20261002_105333_config19.log
19,close_showcase_robo,116,0,demo_envs/close_showcase/evaluations/pi05_close_showcase_robo_pi05_parallel_20261002_105333/116.mp4,logs/pi05_parallel_20261002_105333_config19.log
19,close_showcase_robo,124,0,demo_envs/close_showcase/evaluations/pi05_close_showcase_robo_pi05_parallel_20261002_105333/124.mp4,logs/pi05_parallel_20261002_105333_config19.log
19,close_showcase_robo,128,1,demo_envs/close_showcase/evaluations/pi05_close_showcase_robo_pi05_parallel_20261002_105333/128.mp4,logs/pi05_parallel_20261002_105333_config19.log
19,close_showcase_robo,132,0,demo_envs/close_showcase/evaluations/pi05_close_showcase_robo_pi05_parallel_20261002_105333/132.mp4,logs/pi05_parallel_20261002_105333_config19.log
19,close_showcase_robo,136,0,demo_envs/close_showcase/evaluations/pi05_close_showcase_robo_pi05_parallel_20261002_105333/136.mp4,logs/pi05_parallel_20261002_105333_config19.log
20,floor_beans_robo,0,0,demo_envs/pick_from_floor/evaluations/pi05_floor_beans_robo_pi05_parallel_20261002_105333/0.mp4,logs/pi05_parallel_20261002_105333_config20.log
20,floor_beans_robo,8,0,demo_envs/pick_from_floor/evaluations/pi05_floor_beans_robo_pi05_parallel_20261002_105333/8.mp4,logs/pi05_parallel_20261002_105333_config20.log
20,floor_beans_robo,20,0,demo_envs/pick_from_floor/evaluations/pi05_floor_beans_robo_pi05_parallel_20261002_105333/20.mp4,logs/pi05_parallel_20261002_105333_config20.log
20,floor_beans_robo,36,0,demo_envs/pick_from_floor/evaluations/pi05_floor_beans_robo_pi05_parallel_20261002_105333/36.mp4,logs/pi05_parallel_20261002_105333_config20.log
20,floor_beans_robo,40,0,demo_envs/pick_from_floor/evaluations/pi05_floor_beans_robo_pi05_parallel_20261002_105333/40.mp4,logs/pi05_parallel_20261002_105333_config20.log
20,floor_beans_robo,48,0,demo_envs/pick_from_floor/evaluations/pi05_floor_beans_robo_pi05_parallel_20261002_105333/48.mp4,logs/pi05_parallel_20261002_105333_config20.log
20,floor_beans_robo,56,0,demo_envs/pick_from_floor/evaluations/pi05_floor_beans_robo_pi05_parallel_20261002_105333/56.mp4,logs/pi05_parallel_20261002_105333_config20.log
20,floor_beans_robo,64,0,demo_envs/pick_from_floor/evaluations/pi05_floor_beans_robo_pi05_parallel_20261002_105333/64.mp4,logs/pi05_parallel_20261002_105333_config20.log
20,floor_beans_robo,80,0,demo_envs/pick_from_floor/evaluations/pi05_floor_beans_robo_pi05_parallel_20261002_105333/80.mp4,logs/pi05_parallel_20261002_105333_config20.log
20,floor_beans_robo,88,0,demo_envs/pick_from_floor/evaluations/pi05_floor_beans_robo_pi05_parallel_20261002_105333/88.mp4,logs/pi05_parallel_20261002_105333_config20.log
20,floor_beans_robo,96,0,demo_envs/pick_from_floor/evaluations/pi05_floor_beans_robo_pi05_parallel_20261002_105333/96.mp4,logs/pi05_parallel_20261002_105333_config20.log
20,floor_beans_robo,100,0,demo_envs/pick_from_floor/evaluations/pi05_floor_beans_robo_pi05_parallel_20261002_105333/100.mp4,logs/pi05_parallel_20261002_105333_config20.log
20,floor_beans_robo,104,0,demo_envs/pick_from_floor/evaluations/pi05_floor_beans_robo_pi05_parallel_20261002_105333/104.mp4,logs/pi05_parallel_20261002_105333_config20.log
20,floor_beans_robo,108,0,demo_envs/pick_from_floor/evaluations/pi05_floor_beans_robo_pi05_parallel_20261002_105333/108.mp4,logs/pi05_parallel_20261002_105333_config20.log
20,floor_beans_robo,116,0,demo_envs/pick_from_floor/evaluations/pi05_floor_beans_robo_pi05_parallel_20261002_105333/116.mp4,logs/pi05_parallel_20261002_105333_config20.log
20,floor_beans_robo,120,0,demo_envs/pick_from_floor/evaluations/pi05_floor_beans_robo_pi05_parallel_20261002_105333/120.mp4,logs/pi05_parallel_20261002_105333_config20.log
20,floor_beans_robo,124,0,demo_envs/pick_from_floor/evaluations/pi05_floor_beans_robo_pi05_parallel_20261002_105333/124.mp4,logs/pi05_parallel_20261002_105333_config20.log
20,floor_beans_robo,128,0,demo_envs/pick_from_floor/evaluations/pi05_floor_beans_robo_pi05_parallel_20261002_105333/128.mp4,logs/pi05_parallel_20261002_105333_config20.log
20,floor_beans_robo,140,0,demo_envs/pick_from_floor/evaluations/pi05_floor_beans_robo_pi05_parallel_20261002_105333/140.mp4,logs/pi05_parallel_20261002_105333_config20.log
20,floor_beans_robo,152,0,demo_envs/pick_from_floor/evaluations/pi05_floor_beans_robo_pi05_parallel_20261002_105333/152.mp4,logs/pi05_parallel_20261002_105333_config20.log
20,floor_beans_robo,160,0,demo_envs/pick_from_floor/evaluations/pi05_floor_beans_robo_pi05_parallel_20261002_105333/160.mp4,logs/pi05_parallel_20261002_105333_config20.log
20,floor_beans_robo,168,0,demo_envs/pick_from_floor/evaluations/pi05_floor_beans_robo_pi05_parallel_20261002_105333/168.mp4,logs/pi05_parallel_20261002_105333_config20.log
20,floor_beans_robo,172,0,demo_envs/pick_from_floor/evaluations/pi05_floor_beans_robo_pi05_parallel_20261002_105333/172.mp4,logs/pi05_parallel_20261002_105333_config20.log
20,floor_beans_robo,196,0,demo_envs/pick_from_floor/evaluations/pi05_floor_beans_robo_pi05_parallel_20261002_105333/196.mp4,logs/pi05_parallel_20261002_105333_config20.log
20,floor_beans_robo,204,0,demo_envs/pick_from_floor/evaluations/pi05_floor_beans_robo_pi05_parallel_20261002_105333/204.mp4,logs/pi05_parallel_20261002_105333_config20.log
20,floor_beans_robo,208,0,demo_envs/pick_from_floor/evaluations/pi05_floor_beans_robo_pi05_parallel_20261002_105333/208.mp4,logs/pi05_parallel_20261002_105333_config20.log
20,floor_beans_robo,216,0,demo_envs/pick_from_floor/evaluations/pi05_floor_beans_robo_pi05_parallel_20261002_105333/216.mp4,logs/pi05_parallel_20261002_105333_config20.log
20,floor_beans_robo,220,0,demo_envs/pick_from_floor/evaluations/pi05_floor_beans_robo_pi05_parallel_20261002_105333/220.mp4,logs/pi05_parallel_20261002_105333_config20.log
20,floor_beans_robo,224,0,demo_envs/pick_from_floor/evaluations/pi05_floor_beans_robo_pi05_parallel_20261002_105333/224.mp4,logs/pi05_parallel_20261002_105333_config20.log
20,floor_beans_robo,236,0,demo_envs/pick_from_floor/evaluations/pi05_floor_beans_robo_pi05_parallel_20261002_105333/236.mp4,logs/pi05_parallel_20261002_105333_config20.log
21,floor_slam_robo,0,0,demo_envs/pick_from_floor/evaluations/pi05_floor_slam_robo_pi05_parallel_20261002_105333/0.mp4,logs/pi05_parallel_20261002_105333_config21.log
21,floor_slam_robo,8,0,demo_envs/pick_from_floor/evaluations/pi05_floor_slam_robo_pi05_parallel_20261002_105333/8.mp4,logs/pi05_parallel_20261002_105333_config21.log
21,floor_slam_robo,12,0,demo_envs/pick_from_floor/evaluations/pi05_floor_slam_robo_pi05_parallel_20261002_105333/12.mp4,logs/pi05_parallel_20261002_105333_config21.log
21,floor_slam_robo,16,0,demo_envs/pick_from_floor/evaluations/pi05_floor_slam_robo_pi05_parallel_20261002_105333/16.mp4,logs/pi05_parallel_20261002_105333_config21.log
21,floor_slam_robo,28,0,demo_envs/pick_from_floor/evaluations/pi05_floor_slam_robo_pi05_parallel_20261002_105333/28.mp4,logs/pi05_parallel_20261002_105333_config21.log
21,floor_slam_robo,36,0,demo_envs/pick_from_floor/evaluations/pi05_floor_slam_robo_pi05_parallel_20261002_105333/36.mp4,logs/pi05_parallel_20261002_105333_config21.log
21,floor_slam_robo,44,0,demo_envs/pick_from_floor/evaluations/pi05_floor_slam_robo_pi05_parallel_20261002_105333/44.mp4,logs/pi05_parallel_20261002_105333_config21.log
21,floor_slam_robo,48,0,demo_envs/pick_from_floor/evaluations/pi05_floor_slam_robo_pi05_parallel_20261002_105333/48.mp4,logs/pi05_parallel_20261002_105333_config21.log
21,floor_slam_robo,52,0,demo_envs/pick_from_floor/evaluations/pi05_floor_slam_robo_pi05_parallel_20261002_105333/52.mp4,logs/pi05_parallel_20261002_105333_config21.log
21,floor_slam_robo,56,0,demo_envs/pick_from_floor/evaluations/pi05_floor_slam_robo_pi05_parallel_20261002_105333/56.mp4,logs/pi05_parallel_20261002_105333_config21.log
21,floor_slam_robo,68,0,demo_envs/pick_from_floor/evaluations/pi05_floor_slam_robo_pi05_parallel_20261002_105333/68.mp4,logs/pi05_parallel_20261002_105333_config21.log
21,floor_slam_robo,76,0,demo_envs/pick_from_floor/evaluations/pi05_floor_slam_robo_pi05_parallel_20261002_105333/76.mp4,logs/pi05_parallel_20261002_105333_config21.log
21,floor_slam_robo,84,0,demo_envs/pick_from_floor/evaluations/pi05_floor_slam_robo_pi05_parallel_20261002_105333/84.mp4,logs/pi05_parallel_20261002_105333_config21.log
21,floor_slam_robo,88,0,demo_envs/pick_from_floor/evaluations/pi05_floor_slam_robo_pi05_parallel_20261002_105333/88.mp4,logs/pi05_parallel_20261002_105333_config21.log
21,floor_slam_robo,96,0,demo_envs/pick_from_floor/evaluations/pi05_floor_slam_robo_pi05_parallel_20261002_105333/96.mp4,logs/pi05_parallel_20261002_105333_config21.log
21,floor_slam_robo,108,0,demo_envs/pick_from_floor/evaluations/pi05_floor_slam_robo_pi05_parallel_20261002_105333/108.mp4,logs/pi05_parallel_20261002_105333_config21.log
21,floor_slam_robo,112,0,demo_envs/pick_from_floor/evaluations/pi05_floor_slam_robo_pi05_parallel_20261002_105333/112.mp4,logs/pi05_parallel_20261002_105333_config21.log
21,floor_slam_robo,116,0,demo_envs/pick_from_floor/evaluations/pi05_floor_slam_robo_pi05_parallel_20261002_105333/116.mp4,logs/pi05_parallel_20261002_105333_config21.log
21,floor_slam_robo,124,0,demo_envs/pick_from_floor/evaluations/pi05_floor_slam_robo_pi05_parallel_20261002_105333/124.mp4,logs/pi05_parallel_20261002_105333_config21.log
21,floor_slam_robo,128,0,demo_envs/pick_from_floor/evaluations/pi05_floor_slam_robo_pi05_parallel_20261002_105333/128.mp4,logs/pi05_parallel_20261002_105333_config21.log
21,floor_slam_robo,132,0,demo_envs/pick_from_floor/evaluations/pi05_floor_slam_robo_pi05_parallel_20261002_105333/132.mp4,logs/pi05_parallel_20261002_105333_config21.log
21,floor_slam_robo,140,0,demo_envs/pick_from_floor/evaluations/pi05_floor_slam_robo_pi05_parallel_20261002_105333/140.mp4,logs/pi05_parallel_20261002_105333_config21.log
21,floor_slam_robo,144,0,demo_envs/pick_from_floor/evaluations/pi05_floor_slam_robo_pi05_parallel_20261002_105333/144.mp4,logs/pi05_parallel_20261002_105333_config21.log
21,floor_slam_robo,148,0,demo_envs/pick_from_floor/evaluations/pi05_floor_slam_robo_pi05_parallel_20261002_105333/148.mp4,logs/pi05_parallel_20261002_105333_config21.log
21,floor_slam_robo,160,0,demo_envs/pick_from_floor/evaluations/pi05_floor_slam_robo_pi05_parallel_20261002_105333/160.mp4,logs/pi05_parallel_20261002_105333_config21.log
21,floor_slam_robo,168,0,demo_envs/pick_from_floor/evaluations/pi05_floor_slam_robo_pi05_parallel_20261002_105333/168.mp4,logs/pi05_parallel_20261002_105333_config21.log
21,floor_slam_robo,172,0,demo_envs/pick_from_floor/evaluations/pi05_floor_slam_robo_pi05_parallel_20261002_105333/172.mp4,logs/pi05_parallel_20261002_105333_config21.log
21,floor_slam_robo,180,0,demo_envs/pick_from_floor/evaluations/pi05_floor_slam_robo_pi05_parallel_20261002_105333/180.mp4,logs/pi05_parallel_20261002_105333_config21.log
21,floor_slam_robo,184,0,demo_envs/pick_from_floor/evaluations/pi05_floor_slam_robo_pi05_parallel_20261002_105333/184.mp4,logs/pi05_parallel_20261002_105333_config21.log
21,floor_slam_robo,188,0,demo_envs/pick_from_floor/evaluations/pi05_floor_slam_robo_pi05_parallel_20261002_105333/188.mp4,logs/pi05_parallel_20261002_105333_config21.log
22,basket_fanta_robo,4,0,demo_envs/pick_to_basket/evaluations/pi05_basket_fanta_robo_pi05_parallel_20261002_105333/4.mp4,logs/pi05_parallel_20261002_105333_config22.log
22,basket_fanta_robo,8,0,demo_envs/pick_to_basket/evaluations/pi05_basket_fanta_robo_pi05_parallel_20261002_105333/8.mp4,logs/pi05_parallel_20261002_105333_config22.log
22,basket_fanta_robo,12,0,demo_envs/pick_to_basket/evaluations/pi05_basket_fanta_robo_pi05_parallel_20261002_105333/12.mp4,logs/pi05_parallel_20261002_105333_config22.log
22,basket_fanta_robo,16,0,demo_envs/pick_to_basket/evaluations/pi05_basket_fanta_robo_pi05_parallel_20261002_105333/16.mp4,logs/pi05_parallel_20261002_105333_config22.log
22,basket_fanta_robo,20,0,demo_envs/pick_to_basket/evaluations/pi05_basket_fanta_robo_pi05_parallel_20261002_105333/20.mp4,logs/pi05_parallel_20261002_105333_config22.log
22,basket_fanta_robo,24,0,demo_envs/pick_to_basket/evaluations/pi05_basket_fanta_robo_pi05_parallel_20261002_105333/24.mp4,logs/pi05_parallel_20261002_105333_config22.log
22,basket_fanta_robo,28,0,demo_envs/pick_to_basket/evaluations/pi05_basket_fanta_robo_pi05_parallel_20261002_105333/28.mp4,logs/pi05_parallel_20261002_105333_config22.log
22,basket_fanta_robo,32,0,demo_envs/pick_to_basket/evaluations/pi05_basket_fanta_robo_pi05_parallel_20261002_105333/32.mp4,logs/pi05_parallel_20261002_105333_config22.log
22,basket_fanta_robo,36,0,demo_envs/pick_to_basket/evaluations/pi05_basket_fanta_robo_pi05_parallel_20261002_105333/36.mp4,logs/pi05_parallel_20261002_105333_config22.log
22,basket_fanta_robo,40,0,demo_envs/pick_to_basket/evaluations/pi05_basket_fanta_robo_pi05_parallel_20261002_105333/40.mp4,logs/pi05_parallel_20261002_105333_config22.log
22,basket_fanta_robo,44,0,demo_envs/pick_to_basket/evaluations/pi05_basket_fanta_robo_pi05_parallel_20261002_105333/44.mp4,logs/pi05_parallel_20261002_105333_config22.log
22,basket_fanta_robo,52,0,demo_envs/pick_to_basket/evaluations/pi05_basket_fanta_robo_pi05_parallel_20261002_105333/52.mp4,logs/pi05_parallel_20261002_105333_config22.log
22,basket_fanta_robo,56,0,demo_envs/pick_to_basket/evaluations/pi05_basket_fanta_robo_pi05_parallel_20261002_105333/56.mp4,logs/pi05_parallel_20261002_105333_config22.log
22,basket_fanta_robo,72,0,demo_envs/pick_to_basket/evaluations/pi05_basket_fanta_robo_pi05_parallel_20261002_105333/72.mp4,logs/pi05_parallel_20261002_105333_config22.log
22,basket_fanta_robo,76,0,demo_envs/pick_to_basket/evaluations/pi05_basket_fanta_robo_pi05_parallel_20261002_105333/76.mp4,logs/pi05_parallel_20261002_105333_config22.log
22,basket_fanta_robo,80,0,demo_envs/pick_to_basket/evaluations/pi05_basket_fanta_robo_pi05_parallel_20261002_105333/80.mp4,logs/pi05_parallel_20261002_105333_config22.log
22,basket_fanta_robo,88,0,demo_envs/pick_to_basket/evaluations/pi05_basket_fanta_robo_pi05_parallel_20261002_105333/88.mp4,logs/pi05_parallel_20261002_105333_config22.log
22,basket_fanta_robo,96,0,demo_envs/pick_to_basket/evaluations/pi05_basket_fanta_robo_pi05_parallel_20261002_105333/96.mp4,logs/pi05_parallel_20261002_105333_config22.log
22,basket_fanta_robo,100,0,demo_envs/pick_to_basket/evaluations/pi05_basket_fanta_robo_pi05_parallel_20261002_105333/100.mp4,logs/pi05_parallel_20261002_105333_config22.log
22,basket_fanta_robo,104,0,demo_envs/pick_to_basket/evaluations/pi05_basket_fanta_robo_pi05_parallel_20261002_105333/104.mp4,logs/pi05_parallel_20261002_105333_config22.log
22,basket_fanta_robo,108,0,demo_envs/pick_to_basket/evaluations/pi05_basket_fanta_robo_pi05_parallel_20261002_105333/108.mp4,logs/pi05_parallel_20261002_105333_config22.log
22,basket_fanta_robo,116,0,demo_envs/pick_to_basket/evaluations/pi05_basket_fanta_robo_pi05_parallel_20261002_105333/116.mp4,logs/pi05_parallel_20261002_105333_config22.log
22,basket_fanta_robo,120,0,demo_envs/pick_to_basket/evaluations/pi05_basket_fanta_robo_pi05_parallel_20261002_105333/120.mp4,logs/pi05_parallel_20261002_105333_config22.log
22,basket_fanta_robo,124,0,demo_envs/pick_to_basket/evaluations/pi05_basket_fanta_robo_pi05_parallel_20261002_105333/124.mp4,logs/pi05_parallel_20261002_105333_config22.log
22,basket_fanta_robo,128,0,demo_envs/pick_to_basket/evaluations/pi05_basket_fanta_robo_pi05_parallel_20261002_105333/128.mp4,logs/pi05_parallel_20261002_105333_config22.log
22,basket_fanta_robo,132,0,demo_envs/pick_to_basket/evaluations/pi05_basket_fanta_robo_pi05_parallel_20261002_105333/132.mp4,logs/pi05_parallel_20261002_105333_config22.log
22,basket_fanta_robo,136,0,demo_envs/pick_to_basket/evaluations/pi05_basket_fanta_robo_pi05_parallel_20261002_105333/136.mp4,logs/pi05_parallel_20261002_105333_config22.log
22,basket_fanta_robo,140,0,demo_envs/pick_to_basket/evaluations/pi05_basket_fanta_robo_pi05_parallel_20261002_105333/140.mp4,logs/pi05_parallel_20261002_105333_config22.log
22,basket_fanta_robo,148,0,demo_envs/pick_to_basket/evaluations/pi05_basket_fanta_robo_pi05_parallel_20261002_105333/148.mp4,logs/pi05_parallel_20261002_105333_config22.log
22,basket_fanta_robo,152,0,demo_envs/pick_to_basket/evaluations/pi05_basket_fanta_robo_pi05_parallel_20261002_105333/152.mp4,logs/pi05_parallel_20261002_105333_config22.log
23,basket_nivea_robo,0,0,demo_envs/pick_to_basket/evaluations/pi05_basket_nivea_robo_pi05_parallel_20261002_105333/0.mp4,logs/pi05_parallel_20261002_105333_config23.log
23,basket_nivea_robo,4,0,demo_envs/pick_to_basket/evaluations/pi05_basket_nivea_robo_pi05_parallel_20261002_105333/4.mp4,logs/pi05_parallel_20261002_105333_config23.log
23,basket_nivea_robo,8,0,demo_envs/pick_to_basket/evaluations/pi05_basket_nivea_robo_pi05_parallel_20261002_105333/8.mp4,logs/pi05_parallel_20261002_105333_config23.log
23,basket_nivea_robo,12,0,demo_envs/pick_to_basket/evaluations/pi05_basket_nivea_robo_pi05_parallel_20261002_105333/12.mp4,logs/pi05_parallel_20261002_105333_config23.log
23,basket_nivea_robo,20,0,demo_envs/pick_to_basket/evaluations/pi05_basket_nivea_robo_pi05_parallel_20261002_105333/20.mp4,logs/pi05_parallel_20261002_105333_config23.log
23,basket_nivea_robo,24,0,demo_envs/pick_to_basket/evaluations/pi05_basket_nivea_robo_pi05_parallel_20261002_105333/24.mp4,logs/pi05_parallel_20261002_105333_config23.log
23,basket_nivea_robo,32,0,demo_envs/pick_to_basket/evaluations/pi05_basket_nivea_robo_pi05_parallel_20261002_105333/32.mp4,logs/pi05_parallel_20261002_105333_config23.log
23,basket_nivea_robo,36,0,demo_envs/pick_to_basket/evaluations/pi05_basket_nivea_robo_pi05_parallel_20261002_105333/36.mp4,logs/pi05_parallel_20261002_105333_config23.log
23,basket_nivea_robo,40,0,demo_envs/pick_to_basket/evaluations/pi05_basket_nivea_robo_pi05_parallel_20261002_105333/40.mp4,logs/pi05_parallel_20261002_105333_config23.log
23,basket_nivea_robo,44,0,demo_envs/pick_to_basket/evaluations/pi05_basket_nivea_robo_pi05_parallel_20261002_105333/44.mp4,logs/pi05_parallel_20261002_105333_config23.log
23,basket_nivea_robo,48,0,demo_envs/pick_to_basket/evaluations/pi05_basket_nivea_robo_pi05_parallel_20261002_105333/48.mp4,logs/pi05_parallel_20261002_105333_config23.log
23,basket_nivea_robo,52,0,demo_envs/pick_to_basket/evaluations/pi05_basket_nivea_robo_pi05_parallel_20261002_105333/52.mp4,logs/pi05_parallel_20261002_105333_config23.log
23,basket_nivea_robo,56,0,demo_envs/pick_to_basket/evaluations/pi05_basket_nivea_robo_pi05_parallel_20261002_105333/56.mp4,logs/pi05_parallel_20261002_105333_config23.log
23,basket_nivea_robo,60,0,demo_envs/pick_to_basket/evaluations/pi05_basket_nivea_robo_pi05_parallel_20261002_105333/60.mp4,logs/pi05_parallel_20261002_105333_config23.log
23,basket_nivea_robo,64,0,demo_envs/pick_to_basket/evaluations/pi05_basket_nivea_robo_pi05_parallel_20261002_105333/64.mp4,logs/pi05_parallel_20261002_105333_config23.log
23,basket_nivea_robo,72,0,demo_envs/pick_to_basket/evaluations/pi05_basket_nivea_robo_pi05_parallel_20261002_105333/72.mp4,logs/pi05_parallel_20261002_105333_config23.log
23,basket_nivea_robo,80,0,demo_envs/pick_to_basket/evaluations/pi05_basket_nivea_robo_pi05_parallel_20261002_105333/80.mp4,logs/pi05_parallel_20261002_105333_config23.log
23,basket_nivea_robo,84,0,demo_envs/pick_to_basket/evaluations/pi05_basket_nivea_robo_pi05_parallel_20261002_105333/84.mp4,logs/pi05_parallel_20261002_105333_config23.log
23,basket_nivea_robo,88,0,demo_envs/pick_to_basket/evaluations/pi05_basket_nivea_robo_pi05_parallel_20261002_105333/88.mp4,logs/pi05_parallel_20261002_105333_config23.log
23,basket_nivea_robo,92,0,demo_envs/pick_to_basket/evaluations/pi05_basket_nivea_robo_pi05_parallel_20261002_105333/92.mp4,logs/pi05_parallel_20261002_105333_config23.log
23,basket_nivea_robo,96,0,demo_envs/pick_to_basket/evaluations/pi05_basket_nivea_robo_pi05_parallel_20261002_105333/96.mp4,logs/pi05_parallel_20261002_105333_config23.log
23,basket_nivea_robo,100,0,demo_envs/pick_to_basket/evaluations/pi05_basket_nivea_robo_pi05_parallel_20261002_105333/100.mp4,logs/pi05_parallel_20261002_105333_config23.log
23,basket_nivea_robo,108,0,demo_envs/pick_to_basket/evaluations/pi05_basket_nivea_robo_pi05_parallel_20261002_105333/108.mp4,logs/pi05_parallel_20261002_105333_config23.log
23,basket_nivea_robo,116,0,demo_envs/pick_to_basket/evaluations/pi05_basket_nivea_robo_pi05_parallel_20261002_105333/116.mp4,logs/pi05_parallel_20261002_105333_config23.log
23,basket_nivea_robo,120,0,demo_envs/pick_to_basket/evaluations/pi05_basket_nivea_robo_pi05_parallel_20261002_105333/120.mp4,logs/pi05_parallel_20261002_105333_config23.log
23,basket_nivea_robo,124,0,demo_envs/pick_to_basket/evaluations/pi05_basket_nivea_robo_pi05_parallel_20261002_105333/124.mp4,logs/pi05_parallel_20261002_105333_config23.log
23,basket_nivea_robo,128,0,demo_envs/pick_to_basket/evaluations/pi05_basket_nivea_robo_pi05_parallel_20261002_105333/128.mp4,logs/pi05_parallel_20261002_105333_config23.log
23,basket_nivea_robo,132,0,demo_envs/pick_to_basket/evaluations/pi05_basket_nivea_robo_pi05_parallel_20261002_105333/132.mp4,logs/pi05_parallel_20261002_105333_config23.log
23,basket_nivea_robo,136,0,demo_envs/pick_to_basket/evaluations/pi05_basket_nivea_robo_pi05_parallel_20261002_105333/136.mp4,logs/pi05_parallel_20261002_105333_config23.log
23,basket_nivea_robo,140,0,demo_envs/pick_to_basket/evaluations/pi05_basket_nivea_robo_pi05_parallel_20261002_105333/140.mp4,logs/pi05_parallel_20261002_105333_config23.log
24,basket_stars_robo,0,0,demo_envs/pick_to_basket/evaluations/pi05_basket_stars_robo_pi05_parallel_20261002_105333/0.mp4,logs/pi05_parallel_20261002_105333_config24.log
24,basket_stars_robo,4,0,demo_envs/pick_to_basket/evaluations/pi05_basket_stars_robo_pi05_parallel_20261002_105333/4.mp4,logs/pi05_parallel_20261002_105333_config24.log
24,basket_stars_robo,8,0,demo_envs/pick_to_basket/evaluations/pi05_basket_stars_robo_pi05_parallel_20261002_105333/8.mp4,logs/pi05_parallel_20261002_105333_config24.log
24,basket_stars_robo,16,0,demo_envs/pick_to_basket/evaluations/pi05_basket_stars_robo_pi05_parallel_20261002_105333/16.mp4,logs/pi05_parallel_20261002_105333_config24.log
24,basket_stars_robo,20,0,demo_envs/pick_to_basket/evaluations/pi05_basket_stars_robo_pi05_parallel_20261002_105333/20.mp4,logs/pi05_parallel_20261002_105333_config24.log
24,basket_stars_robo,28,0,demo_envs/pick_to_basket/evaluations/pi05_basket_stars_robo_pi05_parallel_20261002_105333/28.mp4,logs/pi05_parallel_20261002_105333_config24.log
24,basket_stars_robo,36,0,demo_envs/pick_to_basket/evaluations/pi05_basket_stars_robo_pi05_parallel_20261002_105333/36.mp4,logs/pi05_parallel_20261002_105333_config24.log
24,basket_stars_robo,40,0,demo_envs/pick_to_basket/evaluations/pi05_basket_stars_robo_pi05_parallel_20261002_105333/40.mp4,logs/pi05_parallel_20261002_105333_config24.log
24,basket_stars_robo,48,0,demo_envs/pick_to_basket/evaluations/pi05_basket_stars_robo_pi05_parallel_20261002_105333/48.mp4,logs/pi05_parallel_20261002_105333_config24.log
24,basket_stars_robo,60,0,demo_envs/pick_to_basket/evaluations/pi05_basket_stars_robo_pi05_parallel_20261002_105333/60.mp4,logs/pi05_parallel_20261002_105333_config24.log
24,basket_stars_robo,68,0,demo_envs/pick_to_basket/evaluations/pi05_basket_stars_robo_pi05_parallel_20261002_105333/68.mp4,logs/pi05_parallel_20261002_105333_config24.log
24,basket_stars_robo,76,0,demo_envs/pick_to_basket/evaluations/pi05_basket_stars_robo_pi05_parallel_20261002_105333/76.mp4,logs/pi05_parallel_20261002_105333_config24.log
24,basket_stars_robo,84,0,demo_envs/pick_to_basket/evaluations/pi05_basket_stars_robo_pi05_parallel_20261002_105333/84.mp4,logs/pi05_parallel_20261002_105333_config24.log
24,basket_stars_robo,88,0,demo_envs/pick_to_basket/evaluations/pi05_basket_stars_robo_pi05_parallel_20261002_105333/88.mp4,logs/pi05_parallel_20261002_105333_config24.log
24,basket_stars_robo,92,0,demo_envs/pick_to_basket/evaluations/pi05_basket_stars_robo_pi05_parallel_20261002_105333/92.mp4,logs/pi05_parallel_20261002_105333_config24.log
24,basket_stars_robo,96,0,demo_envs/pick_to_basket/evaluations/pi05_basket_stars_robo_pi05_parallel_20261002_105333/96.mp4,logs/pi05_parallel_20261002_105333_config24.log
24,basket_stars_robo,104,0,demo_envs/pick_to_basket/evaluations/pi05_basket_stars_robo_pi05_parallel_20261002_105333/104.mp4,logs/pi05_parallel_20261002_105333_config24.log
24,basket_stars_robo,108,0,demo_envs/pick_to_basket/evaluations/pi05_basket_stars_robo_pi05_parallel_20261002_105333/108.mp4,logs/pi05_parallel_20261002_105333_config24.log
24,basket_stars_robo,116,0,demo_envs/pick_to_basket/evaluations/pi05_basket_stars_robo_pi05_parallel_20261002_105333/116.mp4,logs/pi05_parallel_20261002_105333_config24.log
24,basket_stars_robo,120,0,demo_envs/pick_to_basket/evaluations/pi05_basket_stars_robo_pi05_parallel_20261002_105333/120.mp4,logs/pi05_parallel_20261002_105333_config24.log
24,basket_stars_robo,124,0,demo_envs/pick_to_basket/evaluations/pi05_basket_stars_robo_pi05_parallel_20261002_105333/124.mp4,logs/pi05_parallel_20261002_105333_config24.log
24,basket_stars_robo,128,0,demo_envs/pick_to_basket/evaluations/pi05_basket_stars_robo_pi05_parallel_20261002_105333/128.mp4,logs/pi05_parallel_20261002_105333_config24.log
24,basket_stars_robo,132,0,demo_envs/pick_to_basket/evaluations/pi05_basket_stars_robo_pi05_parallel_20261002_105333/132.mp4,logs/pi05_parallel_20261002_105333_config24.log
24,basket_stars_robo,136,0,demo_envs/pick_to_basket/evaluations/pi05_basket_stars_robo_pi05_parallel_20261002_105333/136.mp4,logs/pi05_parallel_20261002_105333_config24.log
24,basket_stars_robo,140,0,demo_envs/pick_to_basket/evaluations/pi05_basket_stars_robo_pi05_parallel_20261002_105333/140.mp4,logs/pi05_parallel_20261002_105333_config24.log
24,basket_stars_robo,144,0,demo_envs/pick_to_basket/evaluations/pi05_basket_stars_robo_pi05_parallel_20261002_105333/144.mp4,logs/pi05_parallel_20261002_105333_config24.log
24,basket_stars_robo,152,0,demo_envs/pick_to_basket/evaluations/pi05_basket_stars_robo_pi05_parallel_20261002_105333/152.mp4,logs/pi05_parallel_20261002_105333_config24.log
24,basket_stars_robo,156,0,demo_envs/pick_to_basket/evaluations/pi05_basket_stars_robo_pi05_parallel_20261002_105333/156.mp4,logs/pi05_parallel_20261002_105333_config24.log
24,basket_stars_robo,160,0,demo_envs/pick_to_basket/evaluations/pi05_basket_stars_robo_pi05_parallel_20261002_105333/160.mp4,logs/pi05_parallel_20261002_105333_config24.log
24,basket_stars_robo,168,0,demo_envs/pick_to_basket/evaluations/pi05_basket_stars_robo_pi05_parallel_20261002_105333/168.mp4,logs/pi05_parallel_20261002_105333_config24.log
25,board_duff_uns,42000,0,demo_envs/test_unseen_scenes_move_from_board_to_board_duff/evaluations/pi05_board_duff_uns_pi05_parallel_20261002_105333/42000.mp4,logs/pi05_parallel_20261002_105333_config25.log
25,board_duff_uns,42001,0,demo_envs/test_unseen_scenes_move_from_board_to_board_duff/evaluations/pi05_board_duff_uns_pi05_parallel_20261002_105333/42001.mp4,logs/pi05_parallel_20261002_105333_config25.log
25,board_duff_uns,42002,0,demo_envs/test_unseen_scenes_move_from_board_to_board_duff/evaluations/pi05_board_duff_uns_pi05_parallel_20261002_105333/42002.mp4,logs/pi05_parallel_20261002_105333_config25.log
25,board_duff_uns,42003,0,demo_envs/test_unseen_scenes_move_from_board_to_board_duff/evaluations/pi05_board_duff_uns_pi05_parallel_20261002_105333/42003.mp4,logs/pi05_parallel_20261002_105333_config25.log
25,board_duff_uns,42004,0,demo_envs/test_unseen_scenes_move_from_board_to_board_duff/evaluations/pi05_board_duff_uns_pi05_parallel_20261002_105333/42004.mp4,logs/pi05_parallel_20261002_105333_config25.log
25,board_duff_uns,42005,0,demo_envs/test_unseen_scenes_move_from_board_to_board_duff/evaluations/pi05_board_duff_uns_pi05_parallel_20261002_105333/42005.mp4,logs/pi05_parallel_20261002_105333_config25.log
25,board_duff_uns,42006,0,demo_envs/test_unseen_scenes_move_from_board_to_board_duff/evaluations/pi05_board_duff_uns_pi05_parallel_20261002_105333/42006.mp4,logs/pi05_parallel_20261002_105333_config25.log
25,board_duff_uns,42007,0,demo_envs/test_unseen_scenes_move_from_board_to_board_duff/evaluations/pi05_board_duff_uns_pi05_parallel_20261002_105333/42007.mp4,logs/pi05_parallel_20261002_105333_config25.log
25,board_duff_uns,42008,0,demo_envs/test_unseen_scenes_move_from_board_to_board_duff/evaluations/pi05_board_duff_uns_pi05_parallel_20261002_105333/42008.mp4,logs/pi05_parallel_20261002_105333_config25.log
25,board_duff_uns,42009,0,demo_envs/test_unseen_scenes_move_from_board_to_board_duff/evaluations/pi05_board_duff_uns_pi05_parallel_20261002_105333/42009.mp4,logs/pi05_parallel_20261002_105333_config25.log
25,board_duff_uns,42010,0,demo_envs/test_unseen_scenes_move_from_board_to_board_duff/evaluations/pi05_board_duff_uns_pi05_parallel_20261002_105333/42010.mp4,logs/pi05_parallel_20261002_105333_config25.log
25,board_duff_uns,42011,0,demo_envs/test_unseen_scenes_move_from_board_to_board_duff/evaluations/pi05_board_duff_uns_pi05_parallel_20261002_105333/42011.mp4,logs/pi05_parallel_20261002_105333_config25.log
25,board_duff_uns,42012,0,demo_envs/test_unseen_scenes_move_from_board_to_board_duff/evaluations/pi05_board_duff_uns_pi05_parallel_20261002_105333/42012.mp4,logs/pi05_parallel_20261002_105333_config25.log
25,board_duff_uns,42013,0,demo_envs/test_unseen_scenes_move_from_board_to_board_duff/evaluations/pi05_board_duff_uns_pi05_parallel_20261002_105333/42013.mp4,logs/pi05_parallel_20261002_105333_config25.log
25,board_duff_uns,42014,0,demo_envs/test_unseen_scenes_move_from_board_to_board_duff/evaluations/pi05_board_duff_uns_pi05_parallel_20261002_105333/42014.mp4,logs/pi05_parallel_20261002_105333_config25.log
25,board_duff_uns,42015,0,demo_envs/test_unseen_scenes_move_from_board_to_board_duff/evaluations/pi05_board_duff_uns_pi05_parallel_20261002_105333/42015.mp4,logs/pi05_parallel_20261002_105333_config25.log
25,board_duff_uns,42016,0,demo_envs/test_unseen_scenes_move_from_board_to_board_duff/evaluations/pi05_board_duff_uns_pi05_parallel_20261002_105333/42016.mp4,logs/pi05_parallel_20261002_105333_config25.log
25,board_duff_uns,42017,0,demo_envs/test_unseen_scenes_move_from_board_to_board_duff/evaluations/pi05_board_duff_uns_pi05_parallel_20261002_105333/42017.mp4,logs/pi05_parallel_20261002_105333_config25.log
25,board_duff_uns,42018,0,demo_envs/test_unseen_scenes_move_from_board_to_board_duff/evaluations/pi05_board_duff_uns_pi05_parallel_20261002_105333/42018.mp4,logs/pi05_parallel_20261002_105333_config25.log
25,board_duff_uns,42019,0,demo_envs/test_unseen_scenes_move_from_board_to_board_duff/evaluations/pi05_board_duff_uns_pi05_parallel_20261002_105333/42019.mp4,logs/pi05_parallel_20261002_105333_config25.log
25,board_duff_uns,42020,0,demo_envs/test_unseen_scenes_move_from_board_to_board_duff/evaluations/pi05_board_duff_uns_pi05_parallel_20261002_105333/42020.mp4,logs/pi05_parallel_20261002_105333_config25.log
25,board_duff_uns,42021,0,demo_envs/test_unseen_scenes_move_from_board_to_board_duff/evaluations/pi05_board_duff_uns_pi05_parallel_20261002_105333/42021.mp4,logs/pi05_parallel_20261002_105333_config25.log
25,board_duff_uns,42022,0,demo_envs/test_unseen_scenes_move_from_board_to_board_duff/evaluations/pi05_board_duff_uns_pi05_parallel_20261002_105333/42022.mp4,logs/pi05_parallel_20261002_105333_config25.log
25,board_duff_uns,42023,0,demo_envs/test_unseen_scenes_move_from_board_to_board_duff/evaluations/pi05_board_duff_uns_pi05_parallel_20261002_105333/42023.mp4,logs/pi05_parallel_20261002_105333_config25.log
25,board_duff_uns,42024,0,demo_envs/test_unseen_scenes_move_from_board_to_board_duff/evaluations/pi05_board_duff_uns_pi05_parallel_20261002_105333/42024.mp4,logs/pi05_parallel_20261002_105333_config25.log
25,board_duff_uns,42025,0,demo_envs/test_unseen_scenes_move_from_board_to_board_duff/evaluations/pi05_board_duff_uns_pi05_parallel_20261002_105333/42025.mp4,logs/pi05_parallel_20261002_105333_config25.log
25,board_duff_uns,42026,0,demo_envs/test_unseen_scenes_move_from_board_to_board_duff/evaluations/pi05_board_duff_uns_pi05_parallel_20261002_105333/42026.mp4,logs/pi05_parallel_20261002_105333_config25.log
25,board_duff_uns,42027,0,demo_envs/test_unseen_scenes_move_from_board_to_board_duff/evaluations/pi05_board_duff_uns_pi05_parallel_20261002_105333/42027.mp4,logs/pi05_parallel_20261002_105333_config25.log
25,board_duff_uns,42028,0,demo_envs/test_unseen_scenes_move_from_board_to_board_duff/evaluations/pi05_board_duff_uns_pi05_parallel_20261002_105333/42028.mp4,logs/pi05_parallel_20261002_105333_config25.log
25,board_duff_uns,42029,0,demo_envs/test_unseen_scenes_move_from_board_to_board_duff/evaluations/pi05_board_duff_uns_pi05_parallel_20261002_105333/42029.mp4,logs/pi05_parallel_20261002_105333_config25.log
26,board_nestle_uns,42000,0,demo_envs/test_unseen_scenes_move_from_board_to_board_nestle/evaluations/pi05_board_nestle_uns_pi05_parallel_20261002_105333/42000.mp4,logs/pi05_parallel_20261002_105333_config26.log
26,board_nestle_uns,42001,0,demo_envs/test_unseen_scenes_move_from_board_to_board_nestle/evaluations/pi05_board_nestle_uns_pi05_parallel_20261002_105333/42001.mp4,logs/pi05_parallel_20261002_105333_config26.log
26,board_nestle_uns,42002,0,demo_envs/test_unseen_scenes_move_from_board_to_board_nestle/evaluations/pi05_board_nestle_uns_pi05_parallel_20261002_105333/42002.mp4,logs/pi05_parallel_20261002_105333_config26.log
26,board_nestle_uns,42003,0,demo_envs/test_unseen_scenes_move_from_board_to_board_nestle/evaluations/pi05_board_nestle_uns_pi05_parallel_20261002_105333/42003.mp4,logs/pi05_parallel_20261002_105333_config26.log
26,board_nestle_uns,42004,0,demo_envs/test_unseen_scenes_move_from_board_to_board_nestle/evaluations/pi05_board_nestle_uns_pi05_parallel_20261002_105333/42004.mp4,logs/pi05_parallel_20261002_105333_config26.log
26,board_nestle_uns,42005,0,demo_envs/test_unseen_scenes_move_from_board_to_board_nestle/evaluations/pi05_board_nestle_uns_pi05_parallel_20261002_105333/42005.mp4,logs/pi05_parallel_20261002_105333_config26.log
26,board_nestle_uns,42006,0,demo_envs/test_unseen_scenes_move_from_board_to_board_nestle/evaluations/pi05_board_nestle_uns_pi05_parallel_20261002_105333/42006.mp4,logs/pi05_parallel_20261002_105333_config26.log
26,board_nestle_uns,42007,0,demo_envs/test_unseen_scenes_move_from_board_to_board_nestle/evaluations/pi05_board_nestle_uns_pi05_parallel_20261002_105333/42007.mp4,logs/pi05_parallel_20261002_105333_config26.log
26,board_nestle_uns,42008,0,demo_envs/test_unseen_scenes_move_from_board_to_board_nestle/evaluations/pi05_board_nestle_uns_pi05_parallel_20261002_105333/42008.mp4,logs/pi05_parallel_20261002_105333_config26.log
26,board_nestle_uns,42009,0,demo_envs/test_unseen_scenes_move_from_board_to_board_nestle/evaluations/pi05_board_nestle_uns_pi05_parallel_20261002_105333/42009.mp4,logs/pi05_parallel_20261002_105333_config26.log
26,board_nestle_uns,42010,0,demo_envs/test_unseen_scenes_move_from_board_to_board_nestle/evaluations/pi05_board_nestle_uns_pi05_parallel_20261002_105333/42010.mp4,logs/pi05_parallel_20261002_105333_config26.log
26,board_nestle_uns,42011,0,demo_envs/test_unseen_scenes_move_from_board_to_board_nestle/evaluations/pi05_board_nestle_uns_pi05_parallel_20261002_105333/42011.mp4,logs/pi05_parallel_20261002_105333_config26.log
26,board_nestle_uns,42012,0,demo_envs/test_unseen_scenes_move_from_board_to_board_nestle/evaluations/pi05_board_nestle_uns_pi05_parallel_20261002_105333/42012.mp4,logs/pi05_parallel_20261002_105333_config26.log
26,board_nestle_uns,42013,0,demo_envs/test_unseen_scenes_move_from_board_to_board_nestle/evaluations/pi05_board_nestle_uns_pi05_parallel_20261002_105333/42013.mp4,logs/pi05_parallel_20261002_105333_config26.log
26,board_nestle_uns,42014,0,demo_envs/test_unseen_scenes_move_from_board_to_board_nestle/evaluations/pi05_board_nestle_uns_pi05_parallel_20261002_105333/42014.mp4,logs/pi05_parallel_20261002_105333_config26.log
26,board_nestle_uns,42015,0,demo_envs/test_unseen_scenes_move_from_board_to_board_nestle/evaluations/pi05_board_nestle_uns_pi05_parallel_20261002_105333/42015.mp4,logs/pi05_parallel_20261002_105333_config26.log
26,board_nestle_uns,42016,0,demo_envs/test_unseen_scenes_move_from_board_to_board_nestle/evaluations/pi05_board_nestle_uns_pi05_parallel_20261002_105333/42016.mp4,logs/pi05_parallel_20261002_105333_config26.log
26,board_nestle_uns,42017,0,demo_envs/test_unseen_scenes_move_from_board_to_board_nestle/evaluations/pi05_board_nestle_uns_pi05_parallel_20261002_105333/42017.mp4,logs/pi05_parallel_20261002_105333_config26.log
26,board_nestle_uns,42018,0,demo_envs/test_unseen_scenes_move_from_board_to_board_nestle/evaluations/pi05_board_nestle_uns_pi05_parallel_20261002_105333/42018.mp4,logs/pi05_parallel_20261002_105333_config26.log
26,board_nestle_uns,42019,0,demo_envs/test_unseen_scenes_move_from_board_to_board_nestle/evaluations/pi05_board_nestle_uns_pi05_parallel_20261002_105333/42019.mp4,logs/pi05_parallel_20261002_105333_config26.log
26,board_nestle_uns,42020,0,demo_envs/test_unseen_scenes_move_from_board_to_board_nestle/evaluations/pi05_board_nestle_uns_pi05_parallel_20261002_105333/42020.mp4,logs/pi05_parallel_20261002_105333_config26.log
26,board_nestle_uns,42021,0,demo_envs/test_unseen_scenes_move_from_board_to_board_nestle/evaluations/pi05_board_nestle_uns_pi05_parallel_20261002_105333/42021.mp4,logs/pi05_parallel_20261002_105333_config26.log
26,board_nestle_uns,42022,0,demo_envs/test_unseen_scenes_move_from_board_to_board_nestle/evaluations/pi05_board_nestle_uns_pi05_parallel_20261002_105333/42022.mp4,logs/pi05_parallel_20261002_105333_config26.log
26,board_nestle_uns,42023,0,demo_envs/test_unseen_scenes_move_from_board_to_board_nestle/evaluations/pi05_board_nestle_uns_pi05_parallel_20261002_105333/42023.mp4,logs/pi05_parallel_20261002_105333_config26.log
26,board_nestle_uns,42024,0,demo_envs/test_unseen_scenes_move_from_board_to_board_nestle/evaluations/pi05_board_nestle_uns_pi05_parallel_20261002_105333/42024.mp4,logs/pi05_parallel_20261002_105333_config26.log
26,board_nestle_uns,42025,0,demo_envs/test_unseen_scenes_move_from_board_to_board_nestle/evaluations/pi05_board_nestle_uns_pi05_parallel_20261002_105333/42025.mp4,logs/pi05_parallel_20261002_105333_config26.log
26,board_nestle_uns,42026,0,demo_envs/test_unseen_scenes_move_from_board_to_board_nestle/evaluations/pi05_board_nestle_uns_pi05_parallel_20261002_105333/42026.mp4,logs/pi05_parallel_20261002_105333_config26.log
26,board_nestle_uns,42027,0,demo_envs/test_unseen_scenes_move_from_board_to_board_nestle/evaluations/pi05_board_nestle_uns_pi05_parallel_20261002_105333/42027.mp4,logs/pi05_parallel_20261002_105333_config26.log
26,board_nestle_uns,42028,0,demo_envs/test_unseen_scenes_move_from_board_to_board_nestle/evaluations/pi05_board_nestle_uns_pi05_parallel_20261002_105333/42028.mp4,logs/pi05_parallel_20261002_105333_config26.log
26,board_nestle_uns,42029,0,demo_envs/test_unseen_scenes_move_from_board_to_board_nestle/evaluations/pi05_board_nestle_uns_pi05_parallel_20261002_105333/42029.mp4,logs/pi05_parallel_20261002_105333_config26.log
27,board_vanish_uns,42000,0,demo_envs/test_unseen_scenes_move_from_board_to_board_vanish/evaluations/pi05_board_vanish_uns_pi05_parallel_20261002_105333/42000.mp4,logs/pi05_parallel_20261002_105333_config27.log
27,board_vanish_uns,42001,0,demo_envs/test_unseen_scenes_move_from_board_to_board_vanish/evaluations/pi05_board_vanish_uns_pi05_parallel_20261002_105333/42001.mp4,logs/pi05_parallel_20261002_105333_config27.log
27,board_vanish_uns,42002,0,demo_envs/test_unseen_scenes_move_from_board_to_board_vanish/evaluations/pi05_board_vanish_uns_pi05_parallel_20261002_105333/42002.mp4,logs/pi05_parallel_20261002_105333_config27.log
27,board_vanish_uns,42003,0,demo_envs/test_unseen_scenes_move_from_board_to_board_vanish/evaluations/pi05_board_vanish_uns_pi05_parallel_20261002_105333/42003.mp4,logs/pi05_parallel_20261002_105333_config27.log
27,board_vanish_uns,42004,0,demo_envs/test_unseen_scenes_move_from_board_to_board_vanish/evaluations/pi05_board_vanish_uns_pi05_parallel_20261002_105333/42004.mp4,logs/pi05_parallel_20261002_105333_config27.log
27,board_vanish_uns,42005,0,demo_envs/test_unseen_scenes_move_from_board_to_board_vanish/evaluations/pi05_board_vanish_uns_pi05_parallel_20261002_105333/42005.mp4,logs/pi05_parallel_20261002_105333_config27.log
27,board_vanish_uns,42006,0,demo_envs/test_unseen_scenes_move_from_board_to_board_vanish/evaluations/pi05_board_vanish_uns_pi05_parallel_20261002_105333/42006.mp4,logs/pi05_parallel_20261002_105333_config27.log
27,board_vanish_uns,42007,0,demo_envs/test_unseen_scenes_move_from_board_to_board_vanish/evaluations/pi05_board_vanish_uns_pi05_parallel_20261002_105333/42007.mp4,logs/pi05_parallel_20261002_105333_config27.log
27,board_vanish_uns,42008,0,demo_envs/test_unseen_scenes_move_from_board_to_board_vanish/evaluations/pi05_board_vanish_uns_pi05_parallel_20261002_105333/42008.mp4,logs/pi05_parallel_20261002_105333_config27.log
27,board_vanish_uns,42009,0,demo_envs/test_unseen_scenes_move_from_board_to_board_vanish/evaluations/pi05_board_vanish_uns_pi05_parallel_20261002_105333/42009.mp4,logs/pi05_parallel_20261002_105333_config27.log
27,board_vanish_uns,42010,0,demo_envs/test_unseen_scenes_move_from_board_to_board_vanish/evaluations/pi05_board_vanish_uns_pi05_parallel_20261002_105333/42010.mp4,logs/pi05_parallel_20261002_105333_config27.log
27,board_vanish_uns,42011,0,demo_envs/test_unseen_scenes_move_from_board_to_board_vanish/evaluations/pi05_board_vanish_uns_pi05_parallel_20261002_105333/42011.mp4,logs/pi05_parallel_20261002_105333_config27.log
27,board_vanish_uns,42012,0,demo_envs/test_unseen_scenes_move_from_board_to_board_vanish/evaluations/pi05_board_vanish_uns_pi05_parallel_20261002_105333/42012.mp4,logs/pi05_parallel_20261002_105333_config27.log
27,board_vanish_uns,42013,0,demo_envs/test_unseen_scenes_move_from_board_to_board_vanish/evaluations/pi05_board_vanish_uns_pi05_parallel_20261002_105333/42013.mp4,logs/pi05_parallel_20261002_105333_config27.log
27,board_vanish_uns,42014,0,demo_envs/test_unseen_scenes_move_from_board_to_board_vanish/evaluations/pi05_board_vanish_uns_pi05_parallel_20261002_105333/42014.mp4,logs/pi05_parallel_20261002_105333_config27.log
27,board_vanish_uns,42015,0,demo_envs/test_unseen_scenes_move_from_board_to_board_vanish/evaluations/pi05_board_vanish_uns_pi05_parallel_20261002_105333/42015.mp4,logs/pi05_parallel_20261002_105333_config27.log
27,board_vanish_uns,42016,0,demo_envs/test_unseen_scenes_move_from_board_to_board_vanish/evaluations/pi05_board_vanish_uns_pi05_parallel_20261002_105333/42016.mp4,logs/pi05_parallel_20261002_105333_config27.log
27,board_vanish_uns,42017,0,demo_envs/test_unseen_scenes_move_from_board_to_board_vanish/evaluations/pi05_board_vanish_uns_pi05_parallel_20261002_105333/42017.mp4,logs/pi05_parallel_20261002_105333_config27.log
27,board_vanish_uns,42018,0,demo_envs/test_unseen_scenes_move_from_board_to_board_vanish/evaluations/pi05_board_vanish_uns_pi05_parallel_20261002_105333/42018.mp4,logs/pi05_parallel_20261002_105333_config27.log
27,board_vanish_uns,42019,0,demo_envs/test_unseen_scenes_move_from_board_to_board_vanish/evaluations/pi05_board_vanish_uns_pi05_parallel_20261002_105333/42019.mp4,logs/pi05_parallel_20261002_105333_config27.log
27,board_vanish_uns,42020,0,demo_envs/test_unseen_scenes_move_from_board_to_board_vanish/evaluations/pi05_board_vanish_uns_pi05_parallel_20261002_105333/42020.mp4,logs/pi05_parallel_20261002_105333_config27.log
27,board_vanish_uns,42021,0,demo_envs/test_unseen_scenes_move_from_board_to_board_vanish/evaluations/pi05_board_vanish_uns_pi05_parallel_20261002_105333/42021.mp4,logs/pi05_parallel_20261002_105333_config27.log
27,board_vanish_uns,42022,0,demo_envs/test_unseen_scenes_move_from_board_to_board_vanish/evaluations/pi05_board_vanish_uns_pi05_parallel_20261002_105333/42022.mp4,logs/pi05_parallel_20261002_105333_config27.log
27,board_vanish_uns,42023,0,demo_envs/test_unseen_scenes_move_from_board_to_board_vanish/evaluations/pi05_board_vanish_uns_pi05_parallel_20261002_105333/42023.mp4,logs/pi05_parallel_20261002_105333_config27.log
27,board_vanish_uns,42024,0,demo_envs/test_unseen_scenes_move_from_board_to_board_vanish/evaluations/pi05_board_vanish_uns_pi05_parallel_20261002_105333/42024.mp4,logs/pi05_parallel_20261002_105333_config27.log
27,board_vanish_uns,42025,0,demo_envs/test_unseen_scenes_move_from_board_to_board_vanish/evaluations/pi05_board_vanish_uns_pi05_parallel_20261002_105333/42025.mp4,logs/pi05_parallel_20261002_105333_config27.log
27,board_vanish_uns,42026,0,demo_envs/test_unseen_scenes_move_from_board_to_board_vanish/evaluations/pi05_board_vanish_uns_pi05_parallel_20261002_105333/42026.mp4,logs/pi05_parallel_20261002_105333_config27.log
27,board_vanish_uns,42027,0,demo_envs/test_unseen_scenes_move_from_board_to_board_vanish/evaluations/pi05_board_vanish_uns_pi05_parallel_20261002_105333/42027.mp4,logs/pi05_parallel_20261002_105333_config27.log
27,board_vanish_uns,42028,0,demo_envs/test_unseen_scenes_move_from_board_to_board_vanish/evaluations/pi05_board_vanish_uns_pi05_parallel_20261002_105333/42028.mp4,logs/pi05_parallel_20261002_105333_config27.log
27,board_vanish_uns,42029,0,demo_envs/test_unseen_scenes_move_from_board_to_board_vanish/evaluations/pi05_board_vanish_uns_pi05_parallel_20261002_105333/42029.mp4,logs/pi05_parallel_20261002_105333_config27.log
28,open_fridge_uns,42000,0,demo_envs/open_fridge/evaluations/pi05_open_fridge_uns_pi05_parallel_20261002_105333/42000.mp4,logs/pi05_parallel_20261002_105333_config28.log
28,open_fridge_uns,42001,0,demo_envs/open_fridge/evaluations/pi05_open_fridge_uns_pi05_parallel_20261002_105333/42001.mp4,logs/pi05_parallel_20261002_105333_config28.log
28,open_fridge_uns,42002,0,demo_envs/open_fridge/evaluations/pi05_open_fridge_uns_pi05_parallel_20261002_105333/42002.mp4,logs/pi05_parallel_20261002_105333_config28.log
28,open_fridge_uns,42003,0,demo_envs/open_fridge/evaluations/pi05_open_fridge_uns_pi05_parallel_20261002_105333/42003.mp4,logs/pi05_parallel_20261002_105333_config28.log
28,open_fridge_uns,42004,0,demo_envs/open_fridge/evaluations/pi05_open_fridge_uns_pi05_parallel_20261002_105333/42004.mp4,logs/pi05_parallel_20261002_105333_config28.log
28,open_fridge_uns,42005,0,demo_envs/open_fridge/evaluations/pi05_open_fridge_uns_pi05_parallel_20261002_105333/42005.mp4,logs/pi05_parallel_20261002_105333_config28.log
28,open_fridge_uns,42006,0,demo_envs/open_fridge/evaluations/pi05_open_fridge_uns_pi05_parallel_20261002_105333/42006.mp4,logs/pi05_parallel_20261002_105333_config28.log
28,open_fridge_uns,42007,0,demo_envs/open_fridge/evaluations/pi05_open_fridge_uns_pi05_parallel_20261002_105333/42007.mp4,logs/pi05_parallel_20261002_105333_config28.log
28,open_fridge_uns,42008,0,demo_envs/open_fridge/evaluations/pi05_open_fridge_uns_pi05_parallel_20261002_105333/42008.mp4,logs/pi05_parallel_20261002_105333_config28.log
28,open_fridge_uns,42009,0,demo_envs/open_fridge/evaluations/pi05_open_fridge_uns_pi05_parallel_20261002_105333/42009.mp4,logs/pi05_parallel_20261002_105333_config28.log
28,open_fridge_uns,42010,0,demo_envs/open_fridge/evaluations/pi05_open_fridge_uns_pi05_parallel_20261002_105333/42010.mp4,logs/pi05_parallel_20261002_105333_config28.log
28,open_fridge_uns,42011,0,demo_envs/open_fridge/evaluations/pi05_open_fridge_uns_pi05_parallel_20261002_105333/42011.mp4,logs/pi05_parallel_20261002_105333_config28.log
28,open_fridge_uns,42012,0,demo_envs/open_fridge/evaluations/pi05_open_fridge_uns_pi05_parallel_20261002_105333/42012.mp4,logs/pi05_parallel_20261002_105333_config28.log
28,open_fridge_uns,42013,0,demo_envs/open_fridge/evaluations/pi05_open_fridge_uns_pi05_parallel_20261002_105333/42013.mp4,logs/pi05_parallel_20261002_105333_config28.log
28,open_fridge_uns,42014,0,demo_envs/open_fridge/evaluations/pi05_open_fridge_uns_pi05_parallel_20261002_105333/42014.mp4,logs/pi05_parallel_20261002_105333_config28.log
28,open_fridge_uns,42015,0,demo_envs/open_fridge/evaluations/pi05_open_fridge_uns_pi05_parallel_20261002_105333/42015.mp4,logs/pi05_parallel_20261002_105333_config28.log
28,open_fridge_uns,42016,0,demo_envs/open_fridge/evaluations/pi05_open_fridge_uns_pi05_parallel_20261002_105333/42016.mp4,logs/pi05_parallel_20261002_105333_config28.log
28,open_fridge_uns,42017,0,demo_envs/open_fridge/evaluations/pi05_open_fridge_uns_pi05_parallel_20261002_105333/42017.mp4,logs/pi05_parallel_20261002_105333_config28.log
28,open_fridge_uns,42018,0,demo_envs/open_fridge/evaluations/pi05_open_fridge_uns_pi05_parallel_20261002_105333/42018.mp4,logs/pi05_parallel_20261002_105333_config28.log
28,open_fridge_uns,42019,0,demo_envs/open_fridge/evaluations/pi05_open_fridge_uns_pi05_parallel_20261002_105333/42019.mp4,logs/pi05_parallel_20261002_105333_config28.log
28,open_fridge_uns,42020,0,demo_envs/open_fridge/evaluations/pi05_open_fridge_uns_pi05_parallel_20261002_105333/42020.mp4,logs/pi05_parallel_20261002_105333_config28.log
28,open_fridge_uns,42021,0,demo_envs/open_fridge/evaluations/pi05_open_fridge_uns_pi05_parallel_20261002_105333/42021.mp4,logs/pi05_parallel_20261002_105333_config28.log
28,open_fridge_uns,42022,0,demo_envs/open_fridge/evaluations/pi05_open_fridge_uns_pi05_parallel_20261002_105333/42022.mp4,logs/pi05_parallel_20261002_105333_config28.log
28,open_fridge_uns,42023,0,demo_envs/open_fridge/evaluations/pi05_open_fridge_uns_pi05_parallel_20261002_105333/42023.mp4,logs/pi05_parallel_20261002_105333_config28.log
28,open_fridge_uns,42024,0,demo_envs/open_fridge/evaluations/pi05_open_fridge_uns_pi05_parallel_20261002_105333/42024.mp4,logs/pi05_parallel_20261002_105333_config28.log
28,open_fridge_uns,42025,0,demo_envs/open_fridge/evaluations/pi05_open_fridge_uns_pi05_parallel_20261002_105333/42025.mp4,logs/pi05_parallel_20261002_105333_config28.log
28,open_fridge_uns,42026,0,demo_envs/open_fridge/evaluations/pi05_open_fridge_uns_pi05_parallel_20261002_105333/42026.mp4,logs/pi05_parallel_20261002_105333_config28.log
28,open_fridge_uns,42027,0,demo_envs/open_fridge/evaluations/pi05_open_fridge_uns_pi05_parallel_20261002_105333/42027.mp4,logs/pi05_parallel_20261002_105333_config28.log
28,open_fridge_uns,42028,0,demo_envs/open_fridge/evaluations/pi05_open_fridge_uns_pi05_parallel_20261002_105333/42028.mp4,logs/pi05_parallel_20261002_105333_config28.log
28,open_fridge_uns,42029,1,demo_envs/open_fridge/evaluations/pi05_open_fridge_uns_pi05_parallel_20261002_105333/42029.mp4,logs/pi05_parallel_20261002_105333_config28.log
29,close_fridge_uns,42000,0,demo_envs/close_fridge/evaluations/pi05_close_fridge_uns_pi05_parallel_20261002_105333/42000.mp4,logs/pi05_parallel_20261002_105333_config29.log
29,close_fridge_uns,42001,0,demo_envs/close_fridge/evaluations/pi05_close_fridge_uns_pi05_parallel_20261002_105333/42001.mp4,logs/pi05_parallel_20261002_105333_config29.log
29,close_fridge_uns,42002,1,demo_envs/close_fridge/evaluations/pi05_close_fridge_uns_pi05_parallel_20261002_105333/42002.mp4,logs/pi05_parallel_20261002_105333_config29.log
29,close_fridge_uns,42003,0,demo_envs/close_fridge/evaluations/pi05_close_fridge_uns_pi05_parallel_20261002_105333/42003.mp4,logs/pi05_parallel_20261002_105333_config29.log
29,close_fridge_uns,42004,0,demo_envs/close_fridge/evaluations/pi05_close_fridge_uns_pi05_parallel_20261002_105333/42004.mp4,logs/pi05_parallel_20261002_105333_config29.log
29,close_fridge_uns,42005,0,demo_envs/close_fridge/evaluations/pi05_close_fridge_uns_pi05_parallel_20261002_105333/42005.mp4,logs/pi05_parallel_20261002_105333_config29.log
29,close_fridge_uns,42006,0,demo_envs/close_fridge/evaluations/pi05_close_fridge_uns_pi05_parallel_20261002_105333/42006.mp4,logs/pi05_parallel_20261002_105333_config29.log
29,close_fridge_uns,42007,0,demo_envs/close_fridge/evaluations/pi05_close_fridge_uns_pi05_parallel_20261002_105333/42007.mp4,logs/pi05_parallel_20261002_105333_config29.log
29,close_fridge_uns,42008,0,demo_envs/close_fridge/evaluations/pi05_close_fridge_uns_pi05_parallel_20261002_105333/42008.mp4,logs/pi05_parallel_20261002_105333_config29.log
29,close_fridge_uns,42009,0,demo_envs/close_fridge/evaluations/pi05_close_fridge_uns_pi05_parallel_20261002_105333/42009.mp4,logs/pi05_parallel_20261002_105333_config29.log
29,close_fridge_uns,42010,0,demo_envs/close_fridge/evaluations/pi05_close_fridge_uns_pi05_parallel_20261002_105333/42010.mp4,logs/pi05_parallel_20261002_105333_config29.log
29,close_fridge_uns,42011,0,demo_envs/close_fridge/evaluations/pi05_close_fridge_uns_pi05_parallel_20261002_105333/42011.mp4,logs/pi05_parallel_20261002_105333_config29.log
29,close_fridge_uns,42012,0,demo_envs/close_fridge/evaluations/pi05_close_fridge_uns_pi05_parallel_20261002_105333/42012.mp4,logs/pi05_parallel_20261002_105333_config29.log
29,close_fridge_uns,42013,1,demo_envs/close_fridge/evaluations/pi05_close_fridge_uns_pi05_parallel_20261002_105333/42013.mp4,logs/pi05_parallel_20261002_105333_config29.log
29,close_fridge_uns,42014,0,demo_envs/close_fridge/evaluations/pi05_close_fridge_uns_pi05_parallel_20261002_105333/42014.mp4,logs/pi05_parallel_20261002_105333_config29.log
29,close_fridge_uns,42015,0,demo_envs/close_fridge/evaluations/pi05_close_fridge_uns_pi05_parallel_20261002_105333/42015.mp4,logs/pi05_parallel_20261002_105333_config29.log
29,close_fridge_uns,42016,0,demo_envs/close_fridge/evaluations/pi05_close_fridge_uns_pi05_parallel_20261002_105333/42016.mp4,logs/pi05_parallel_20261002_105333_config29.log
29,close_fridge_uns,42017,0,demo_envs/close_fridge/evaluations/pi05_close_fridge_uns_pi05_parallel_20261002_105333/42017.mp4,logs/pi05_parallel_20261002_105333_config29.log
29,close_fridge_uns,42018,0,demo_envs/close_fridge/evaluations/pi05_close_fridge_uns_pi05_parallel_20261002_105333/42018.mp4,logs/pi05_parallel_20261002_105333_config29.log
29,close_fridge_uns,42019,0,demo_envs/close_fridge/evaluations/pi05_close_fridge_uns_pi05_parallel_20261002_105333/42019.mp4,logs/pi05_parallel_20261002_105333_config29.log
29,close_fridge_uns,42020,1,demo_envs/close_fridge/evaluations/pi05_close_fridge_uns_pi05_parallel_20261002_105333/42020.mp4,logs/pi05_parallel_20261002_105333_config29.log
29,close_fridge_uns,42021,1,demo_envs/close_fridge/evaluations/pi05_close_fridge_uns_pi05_parallel_20261002_105333/42021.mp4,logs/pi05_parallel_20261002_105333_config29.log
29,close_fridge_uns,42022,0,demo_envs/close_fridge/evaluations/pi05_close_fridge_uns_pi05_parallel_20261002_105333/42022.mp4,logs/pi05_parallel_20261002_105333_config29.log
29,close_fridge_uns,42023,0,demo_envs/close_fridge/evaluations/pi05_close_fridge_uns_pi05_parallel_20261002_105333/42023.mp4,logs/pi05_parallel_20261002_105333_config29.log
29,close_fridge_uns,42024,1,demo_envs/close_fridge/evaluations/pi05_close_fridge_uns_pi05_parallel_20261002_105333/42024.mp4,logs/pi05_parallel_20261002_105333_config29.log
29,close_fridge_uns,42025,0,demo_envs/close_fridge/evaluations/pi05_close_fridge_uns_pi05_parallel_20261002_105333/42025.mp4,logs/pi05_parallel_20261002_105333_config29.log
29,close_fridge_uns,42026,0,demo_envs/close_fridge/evaluations/pi05_close_fridge_uns_pi05_parallel_20261002_105333/42026.mp4,logs/pi05_parallel_20261002_105333_config29.log
29,close_fridge_uns,42027,1,demo_envs/close_fridge/evaluations/pi05_close_fridge_uns_pi05_parallel_20261002_105333/42027.mp4,logs/pi05_parallel_20261002_105333_config29.log
29,close_fridge_uns,42028,0,demo_envs/close_fridge/evaluations/pi05_close_fridge_uns_pi05_parallel_20261002_105333/42028.mp4,logs/pi05_parallel_20261002_105333_config29.log
29,close_fridge_uns,42029,0,demo_envs/close_fridge/evaluations/pi05_close_fridge_uns_pi05_parallel_20261002_105333/42029.mp4,logs/pi05_parallel_20261002_105333_config29.log
30,open_showcase_uns,42000,0,demo_envs/open_showcase/evaluations/pi05_open_showcase_uns_pi05_parallel_20261002_105333/42000.mp4,logs/pi05_parallel_20261002_105333_config30.log
30,open_showcase_uns,42001,0,demo_envs/open_showcase/evaluations/pi05_open_showcase_uns_pi05_parallel_20261002_105333/42001.mp4,logs/pi05_parallel_20261002_105333_config30.log
30,open_showcase_uns,42002,0,demo_envs/open_showcase/evaluations/pi05_open_showcase_uns_pi05_parallel_20261002_105333/42002.mp4,logs/pi05_parallel_20261002_105333_config30.log
30,open_showcase_uns,42003,0,demo_envs/open_showcase/evaluations/pi05_open_showcase_uns_pi05_parallel_20261002_105333/42003.mp4,logs/pi05_parallel_20261002_105333_config30.log
30,open_showcase_uns,42004,0,demo_envs/open_showcase/evaluations/pi05_open_showcase_uns_pi05_parallel_20261002_105333/42004.mp4,logs/pi05_parallel_20261002_105333_config30.log
30,open_showcase_uns,42005,0,demo_envs/open_showcase/evaluations/pi05_open_showcase_uns_pi05_parallel_20261002_105333/42005.mp4,logs/pi05_parallel_20261002_105333_config30.log
30,open_showcase_uns,42006,0,demo_envs/open_showcase/evaluations/pi05_open_showcase_uns_pi05_parallel_20261002_105333/42006.mp4,logs/pi05_parallel_20261002_105333_config30.log
30,open_showcase_uns,42007,0,demo_envs/open_showcase/evaluations/pi05_open_showcase_uns_pi05_parallel_20261002_105333/42007.mp4,logs/pi05_parallel_20261002_105333_config30.log
30,open_showcase_uns,42008,0,demo_envs/open_showcase/evaluations/pi05_open_showcase_uns_pi05_parallel_20261002_105333/42008.mp4,logs/pi05_parallel_20261002_105333_config30.log
30,open_showcase_uns,42009,0,demo_envs/open_showcase/evaluations/pi05_open_showcase_uns_pi05_parallel_20261002_105333/42009.mp4,logs/pi05_parallel_20261002_105333_config30.log
30,open_showcase_uns,42010,0,demo_envs/open_showcase/evaluations/pi05_open_showcase_uns_pi05_parallel_20261002_105333/42010.mp4,logs/pi05_parallel_20261002_105333_config30.log
30,open_showcase_uns,42011,0,demo_envs/open_showcase/evaluations/pi05_open_showcase_uns_pi05_parallel_20261002_105333/42011.mp4,logs/pi05_parallel_20261002_105333_config30.log
30,open_showcase_uns,42012,0,demo_envs/open_showcase/evaluations/pi05_open_showcase_uns_pi05_parallel_20261002_105333/42012.mp4,logs/pi05_parallel_20261002_105333_config30.log
30,open_showcase_uns,42013,0,demo_envs/open_showcase/evaluations/pi05_open_showcase_uns_pi05_parallel_20261002_105333/42013.mp4,logs/pi05_parallel_20261002_105333_config30.log
30,open_showcase_uns,42014,0,demo_envs/open_showcase/evaluations/pi05_open_showcase_uns_pi05_parallel_20261002_105333/42014.mp4,logs/pi05_parallel_20261002_105333_config30.log
30,open_showcase_uns,42015,0,demo_envs/open_showcase/evaluations/pi05_open_showcase_uns_pi05_parallel_20261002_105333/42015.mp4,logs/pi05_parallel_20261002_105333_config30.log
30,open_showcase_uns,42016,0,demo_envs/open_showcase/evaluations/pi05_open_showcase_uns_pi05_parallel_20261002_105333/42016.mp4,logs/pi05_parallel_20261002_105333_config30.log
30,open_showcase_uns,42017,0,demo_envs/open_showcase/evaluations/pi05_open_showcase_uns_pi05_parallel_20261002_105333/42017.mp4,logs/pi05_parallel_20261002_105333_config30.log
30,open_showcase_uns,42018,0,demo_envs/open_showcase/evaluations/pi05_open_showcase_uns_pi05_parallel_20261002_105333/42018.mp4,logs/pi05_parallel_20261002_105333_config30.log
30,open_showcase_uns,42019,0,demo_envs/open_showcase/evaluations/pi05_open_showcase_uns_pi05_parallel_20261002_105333/42019.mp4,logs/pi05_parallel_20261002_105333_config30.log
30,open_showcase_uns,42020,0,demo_envs/open_showcase/evaluations/pi05_open_showcase_uns_pi05_parallel_20261002_105333/42020.mp4,logs/pi05_parallel_20261002_105333_config30.log
30,open_showcase_uns,42021,0,demo_envs/open_showcase/evaluations/pi05_open_showcase_uns_pi05_parallel_20261002_105333/42021.mp4,logs/pi05_parallel_20261002_105333_config30.log
30,open_showcase_uns,42022,0,demo_envs/open_showcase/evaluations/pi05_open_showcase_uns_pi05_parallel_20261002_105333/42022.mp4,logs/pi05_parallel_20261002_105333_config30.log
30,open_showcase_uns,42023,0,demo_envs/open_showcase/evaluations/pi05_open_showcase_uns_pi05_parallel_20261002_105333/42023.mp4,logs/pi05_parallel_20261002_105333_config30.log
30,open_showcase_uns,42024,0,demo_envs/open_showcase/evaluations/pi05_open_showcase_uns_pi05_parallel_20261002_105333/42024.mp4,logs/pi05_parallel_20261002_105333_config30.log
30,open_showcase_uns,42025,0,demo_envs/open_showcase/evaluations/pi05_open_showcase_uns_pi05_parallel_20261002_105333/42025.mp4,logs/pi05_parallel_20261002_105333_config30.log
30,open_showcase_uns,42026,0,demo_envs/open_showcase/evaluations/pi05_open_showcase_uns_pi05_parallel_20261002_105333/42026.mp4,logs/pi05_parallel_20261002_105333_config30.log
30,open_showcase_uns,42027,0,demo_envs/open_showcase/evaluations/pi05_open_showcase_uns_pi05_parallel_20261002_105333/42027.mp4,logs/pi05_parallel_20261002_105333_config30.log
30,open_showcase_uns,42028,0,demo_envs/open_showcase/evaluations/pi05_open_showcase_uns_pi05_parallel_20261002_105333/42028.mp4,logs/pi05_parallel_20261002_105333_config30.log
30,open_showcase_uns,42029,0,demo_envs/open_showcase/evaluations/pi05_open_showcase_uns_pi05_parallel_20261002_105333/42029.mp4,logs/pi05_parallel_20261002_105333_config30.log
31,close_showcase_uns,42000,0,demo_envs/close_showcase/evaluations/pi05_close_showcase_uns_pi05_parallel_20261002_105333/42000.mp4,logs/pi05_parallel_20261002_105333_config31.log
31,close_showcase_uns,42001,0,demo_envs/close_showcase/evaluations/pi05_close_showcase_uns_pi05_parallel_20261002_105333/42001.mp4,logs/pi05_parallel_20261002_105333_config31.log
31,close_showcase_uns,42002,0,demo_envs/close_showcase/evaluations/pi05_close_showcase_uns_pi05_parallel_20261002_105333/42002.mp4,logs/pi05_parallel_20261002_105333_config31.log
31,close_showcase_uns,42003,0,demo_envs/close_showcase/evaluations/pi05_close_showcase_uns_pi05_parallel_20261002_105333/42003.mp4,logs/pi05_parallel_20261002_105333_config31.log
31,close_showcase_uns,42004,0,demo_envs/close_showcase/evaluations/pi05_close_showcase_uns_pi05_parallel_20261002_105333/42004.mp4,logs/pi05_parallel_20261002_105333_config31.log
31,close_showcase_uns,42005,1,demo_envs/close_showcase/evaluations/pi05_close_showcase_uns_pi05_parallel_20261002_105333/42005.mp4,logs/pi05_parallel_20261002_105333_config31.log
31,close_showcase_uns,42006,0,demo_envs/close_showcase/evaluations/pi05_close_showcase_uns_pi05_parallel_20261002_105333/42006.mp4,logs/pi05_parallel_20261002_105333_config31.log
31,close_showcase_uns,42007,0,demo_envs/close_showcase/evaluations/pi05_close_showcase_uns_pi05_parallel_20261002_105333/42007.mp4,logs/pi05_parallel_20261002_105333_config31.log
31,close_showcase_uns,42008,0,demo_envs/close_showcase/evaluations/pi05_close_showcase_uns_pi05_parallel_20261002_105333/42008.mp4,logs/pi05_parallel_20261002_105333_config31.log
31,close_showcase_uns,42009,0,demo_envs/close_showcase/evaluations/pi05_close_showcase_uns_pi05_parallel_20261002_105333/42009.mp4,logs/pi05_parallel_20261002_105333_config31.log
31,close_showcase_uns,42010,1,demo_envs/close_showcase/evaluations/pi05_close_showcase_uns_pi05_parallel_20261002_105333/42010.mp4,logs/pi05_parallel_20261002_105333_config31.log
31,close_showcase_uns,42011,0,demo_envs/close_showcase/evaluations/pi05_close_showcase_uns_pi05_parallel_20261002_105333/42011.mp4,logs/pi05_parallel_20261002_105333_config31.log
31,close_showcase_uns,42012,0,demo_envs/close_showcase/evaluations/pi05_close_showcase_uns_pi05_parallel_20261002_105333/42012.mp4,logs/pi05_parallel_20261002_105333_config31.log
31,close_showcase_uns,42013,1,demo_envs/close_showcase/evaluations/pi05_close_showcase_uns_pi05_parallel_20261002_105333/42013.mp4,logs/pi05_parallel_20261002_105333_config31.log
31,close_showcase_uns,42014,0,demo_envs/close_showcase/evaluations/pi05_close_showcase_uns_pi05_parallel_20261002_105333/42014.mp4,logs/pi05_parallel_20261002_105333_config31.log
31,close_showcase_uns,42015,0,demo_envs/close_showcase/evaluations/pi05_close_showcase_uns_pi05_parallel_20261002_105333/42015.mp4,logs/pi05_parallel_20261002_105333_config31.log
31,close_showcase_uns,42016,0,demo_envs/close_showcase/evaluations/pi05_close_showcase_uns_pi05_parallel_20261002_105333/42016.mp4,logs/pi05_parallel_20261002_105333_config31.log
31,close_showcase_uns,42017,0,demo_envs/close_showcase/evaluations/pi05_close_showcase_uns_pi05_parallel_20261002_105333/42017.mp4,logs/pi05_parallel_20261002_105333_config31.log
31,close_showcase_uns,42018,1,demo_envs/close_showcase/evaluations/pi05_close_showcase_uns_pi05_parallel_20261002_105333/42018.mp4,logs/pi05_parallel_20261002_105333_config31.log
31,close_showcase_uns,42019,1,demo_envs/close_showcase/evaluations/pi05_close_showcase_uns_pi05_parallel_20261002_105333/42019.mp4,logs/pi05_parallel_20261002_105333_config31.log
31,close_showcase_uns,42020,0,demo_envs/close_showcase/evaluations/pi05_close_showcase_uns_pi05_parallel_20261002_105333/42020.mp4,logs/pi05_parallel_20261002_105333_config31.log
31,close_showcase_uns,42021,0,demo_envs/close_showcase/evaluations/pi05_close_showcase_uns_pi05_parallel_20261002_105333/42021.mp4,logs/pi05_parallel_20261002_105333_config31.log
31,close_showcase_uns,42022,0,demo_envs/close_showcase/evaluations/pi05_close_showcase_uns_pi05_parallel_20261002_105333/42022.mp4,logs/pi05_parallel_20261002_105333_config31.log
31,close_showcase_uns,42023,0,demo_envs/close_showcase/evaluations/pi05_close_showcase_uns_pi05_parallel_20261002_105333/42023.mp4,logs/pi05_parallel_20261002_105333_config31.log
31,close_showcase_uns,42024,0,demo_envs/close_showcase/evaluations/pi05_close_showcase_uns_pi05_parallel_20261002_105333/42024.mp4,logs/pi05_parallel_20261002_105333_config31.log
31,close_showcase_uns,42025,0,demo_envs/close_showcase/evaluations/pi05_close_showcase_uns_pi05_parallel_20261002_105333/42025.mp4,logs/pi05_parallel_20261002_105333_config31.log
31,close_showcase_uns,42026,0,demo_envs/close_showcase/evaluations/pi05_close_showcase_uns_pi05_parallel_20261002_105333/42026.mp4,logs/pi05_parallel_20261002_105333_config31.log
31,close_showcase_uns,42027,1,demo_envs/close_showcase/evaluations/pi05_close_showcase_uns_pi05_parallel_20261002_105333/42027.mp4,logs/pi05_parallel_20261002_105333_config31.log
31,close_showcase_uns,42028,0,demo_envs/close_showcase/evaluations/pi05_close_showcase_uns_pi05_parallel_20261002_105333/42028.mp4,logs/pi05_parallel_20261002_105333_config31.log
31,close_showcase_uns,42029,0,demo_envs/close_showcase/evaluations/pi05_close_showcase_uns_pi05_parallel_20261002_105333/42029.mp4,logs/pi05_parallel_20261002_105333_config31.log
32,floor_beans_uns,42000,0,demo_envs/test_unseen_scenes_pick_from_floor/evaluations/pi05_floor_beans_uns_pi05_parallel_20261002_105333/42000.mp4,logs/pi05_parallel_20261002_105333_config32.log
32,floor_beans_uns,42001,0,demo_envs/test_unseen_scenes_pick_from_floor/evaluations/pi05_floor_beans_uns_pi05_parallel_20261002_105333/42001.mp4,logs/pi05_parallel_20261002_105333_config32.log
32,floor_beans_uns,42002,0,demo_envs/test_unseen_scenes_pick_from_floor/evaluations/pi05_floor_beans_uns_pi05_parallel_20261002_105333/42002.mp4,logs/pi05_parallel_20261002_105333_config32.log
32,floor_beans_uns,42003,0,demo_envs/test_unseen_scenes_pick_from_floor/evaluations/pi05_floor_beans_uns_pi05_parallel_20261002_105333/42003.mp4,logs/pi05_parallel_20261002_105333_config32.log
32,floor_beans_uns,42004,0,demo_envs/test_unseen_scenes_pick_from_floor/evaluations/pi05_floor_beans_uns_pi05_parallel_20261002_105333/42004.mp4,logs/pi05_parallel_20261002_105333_config32.log
32,floor_beans_uns,42005,0,demo_envs/test_unseen_scenes_pick_from_floor/evaluations/pi05_floor_beans_uns_pi05_parallel_20261002_105333/42005.mp4,logs/pi05_parallel_20261002_105333_config32.log
32,floor_beans_uns,42006,0,demo_envs/test_unseen_scenes_pick_from_floor/evaluations/pi05_floor_beans_uns_pi05_parallel_20261002_105333/42006.mp4,logs/pi05_parallel_20261002_105333_config32.log
32,floor_beans_uns,42007,0,demo_envs/test_unseen_scenes_pick_from_floor/evaluations/pi05_floor_beans_uns_pi05_parallel_20261002_105333/42007.mp4,logs/pi05_parallel_20261002_105333_config32.log
32,floor_beans_uns,42008,0,demo_envs/test_unseen_scenes_pick_from_floor/evaluations/pi05_floor_beans_uns_pi05_parallel_20261002_105333/42008.mp4,logs/pi05_parallel_20261002_105333_config32.log
32,floor_beans_uns,42009,0,demo_envs/test_unseen_scenes_pick_from_floor/evaluations/pi05_floor_beans_uns_pi05_parallel_20261002_105333/42009.mp4,logs/pi05_parallel_20261002_105333_config32.log
32,floor_beans_uns,42010,0,demo_envs/test_unseen_scenes_pick_from_floor/evaluations/pi05_floor_beans_uns_pi05_parallel_20261002_105333/42010.mp4,logs/pi05_parallel_20261002_105333_config32.log
32,floor_beans_uns,42011,0,demo_envs/test_unseen_scenes_pick_from_floor/evaluations/pi05_floor_beans_uns_pi05_parallel_20261002_105333/42011.mp4,logs/pi05_parallel_20261002_105333_config32.log
32,floor_beans_uns,42012,0,demo_envs/test_unseen_scenes_pick_from_floor/evaluations/pi05_floor_beans_uns_pi05_parallel_20261002_105333/42012.mp4,logs/pi05_parallel_20261002_105333_config32.log
32,floor_beans_uns,42013,0,demo_envs/test_unseen_scenes_pick_from_floor/evaluations/pi05_floor_beans_uns_pi05_parallel_20261002_105333/42013.mp4,logs/pi05_parallel_20261002_105333_config32.log
32,floor_beans_uns,42014,0,demo_envs/test_unseen_scenes_pick_from_floor/evaluations/pi05_floor_beans_uns_pi05_parallel_20261002_105333/42014.mp4,logs/pi05_parallel_20261002_105333_config32.log
32,floor_beans_uns,42015,0,demo_envs/test_unseen_scenes_pick_from_floor/evaluations/pi05_floor_beans_uns_pi05_parallel_20261002_105333/42015.mp4,logs/pi05_parallel_20261002_105333_config32.log
32,floor_beans_uns,42016,0,demo_envs/test_unseen_scenes_pick_from_floor/evaluations/pi05_floor_beans_uns_pi05_parallel_20261002_105333/42016.mp4,logs/pi05_parallel_20261002_105333_config32.log
32,floor_beans_uns,42017,0,demo_envs/test_unseen_scenes_pick_from_floor/evaluations/pi05_floor_beans_uns_pi05_parallel_20261002_105333/42017.mp4,logs/pi05_parallel_20261002_105333_config32.log
32,floor_beans_uns,42018,0,demo_envs/test_unseen_scenes_pick_from_floor/evaluations/pi05_floor_beans_uns_pi05_parallel_20261002_105333/42018.mp4,logs/pi05_parallel_20261002_105333_config32.log
32,floor_beans_uns,42019,0,demo_envs/test_unseen_scenes_pick_from_floor/evaluations/pi05_floor_beans_uns_pi05_parallel_20261002_105333/42019.mp4,logs/pi05_parallel_20261002_105333_config32.log
32,floor_beans_uns,42020,0,demo_envs/test_unseen_scenes_pick_from_floor/evaluations/pi05_floor_beans_uns_pi05_parallel_20261002_105333/42020.mp4,logs/pi05_parallel_20261002_105333_config32.log
32,floor_beans_uns,42021,0,demo_envs/test_unseen_scenes_pick_from_floor/evaluations/pi05_floor_beans_uns_pi05_parallel_20261002_105333/42021.mp4,logs/pi05_parallel_20261002_105333_config32.log
32,floor_beans_uns,42022,0,demo_envs/test_unseen_scenes_pick_from_floor/evaluations/pi05_floor_beans_uns_pi05_parallel_20261002_105333/42022.mp4,logs/pi05_parallel_20261002_105333_config32.log
32,floor_beans_uns,42023,0,demo_envs/test_unseen_scenes_pick_from_floor/evaluations/pi05_floor_beans_uns_pi05_parallel_20261002_105333/42023.mp4,logs/pi05_parallel_20261002_105333_config32.log
32,floor_beans_uns,42024,0,demo_envs/test_unseen_scenes_pick_from_floor/evaluations/pi05_floor_beans_uns_pi05_parallel_20261002_105333/42024.mp4,logs/pi05_parallel_20261002_105333_config32.log
32,floor_beans_uns,42025,0,demo_envs/test_unseen_scenes_pick_from_floor/evaluations/pi05_floor_beans_uns_pi05_parallel_20261002_105333/42025.mp4,logs/pi05_parallel_20261002_105333_config32.log
32,floor_beans_uns,42026,0,demo_envs/test_unseen_scenes_pick_from_floor/evaluations/pi05_floor_beans_uns_pi05_parallel_20261002_105333/42026.mp4,logs/pi05_parallel_20261002_105333_config32.log
32,floor_beans_uns,42027,0,demo_envs/test_unseen_scenes_pick_from_floor/evaluations/pi05_floor_beans_uns_pi05_parallel_20261002_105333/42027.mp4,logs/pi05_parallel_20261002_105333_config32.log
32,floor_beans_uns,42028,0,demo_envs/test_unseen_scenes_pick_from_floor/evaluations/pi05_floor_beans_uns_pi05_parallel_20261002_105333/42028.mp4,logs/pi05_parallel_20261002_105333_config32.log
32,floor_beans_uns,42029,0,demo_envs/test_unseen_scenes_pick_from_floor/evaluations/pi05_floor_beans_uns_pi05_parallel_20261002_105333/42029.mp4,logs/pi05_parallel_20261002_105333_config32.log
33,floor_slam_uns,42000,0,demo_envs/test_unseen_scenes_pick_from_floor/evaluations/pi05_floor_slam_uns_pi05_parallel_20261002_105333/42000.mp4,logs/pi05_parallel_20261002_105333_config33.log
33,floor_slam_uns,42001,0,demo_envs/test_unseen_scenes_pick_from_floor/evaluations/pi05_floor_slam_uns_pi05_parallel_20261002_105333/42001.mp4,logs/pi05_parallel_20261002_105333_config33.log
33,floor_slam_uns,42002,0,demo_envs/test_unseen_scenes_pick_from_floor/evaluations/pi05_floor_slam_uns_pi05_parallel_20261002_105333/42002.mp4,logs/pi05_parallel_20261002_105333_config33.log
33,floor_slam_uns,42003,0,demo_envs/test_unseen_scenes_pick_from_floor/evaluations/pi05_floor_slam_uns_pi05_parallel_20261002_105333/42003.mp4,logs/pi05_parallel_20261002_105333_config33.log
33,floor_slam_uns,42004,0,demo_envs/test_unseen_scenes_pick_from_floor/evaluations/pi05_floor_slam_uns_pi05_parallel_20261002_105333/42004.mp4,logs/pi05_parallel_20261002_105333_config33.log
33,floor_slam_uns,42005,0,demo_envs/test_unseen_scenes_pick_from_floor/evaluations/pi05_floor_slam_uns_pi05_parallel_20261002_105333/42005.mp4,logs/pi05_parallel_20261002_105333_config33.log
33,floor_slam_uns,42006,0,demo_envs/test_unseen_scenes_pick_from_floor/evaluations/pi05_floor_slam_uns_pi05_parallel_20261002_105333/42006.mp4,logs/pi05_parallel_20261002_105333_config33.log
33,floor_slam_uns,42007,0,demo_envs/test_unseen_scenes_pick_from_floor/evaluations/pi05_floor_slam_uns_pi05_parallel_20261002_105333/42007.mp4,logs/pi05_parallel_20261002_105333_config33.log
33,floor_slam_uns,42008,0,demo_envs/test_unseen_scenes_pick_from_floor/evaluations/pi05_floor_slam_uns_pi05_parallel_20261002_105333/42008.mp4,logs/pi05_parallel_20261002_105333_config33.log
33,floor_slam_uns,42009,0,demo_envs/test_unseen_scenes_pick_from_floor/evaluations/pi05_floor_slam_uns_pi05_parallel_20261002_105333/42009.mp4,logs/pi05_parallel_20261002_105333_config33.log
33,floor_slam_uns,42010,0,demo_envs/test_unseen_scenes_pick_from_floor/evaluations/pi05_floor_slam_uns_pi05_parallel_20261002_105333/42010.mp4,logs/pi05_parallel_20261002_105333_config33.log
33,floor_slam_uns,42011,0,demo_envs/test_unseen_scenes_pick_from_floor/evaluations/pi05_floor_slam_uns_pi05_parallel_20261002_105333/42011.mp4,logs/pi05_parallel_20261002_105333_config33.log
33,floor_slam_uns,42012,0,demo_envs/test_unseen_scenes_pick_from_floor/evaluations/pi05_floor_slam_uns_pi05_parallel_20261002_105333/42012.mp4,logs/pi05_parallel_20261002_105333_config33.log
33,floor_slam_uns,42013,0,demo_envs/test_unseen_scenes_pick_from_floor/evaluations/pi05_floor_slam_uns_pi05_parallel_20261002_105333/42013.mp4,logs/pi05_parallel_20261002_105333_config33.log
33,floor_slam_uns,42014,0,demo_envs/test_unseen_scenes_pick_from_floor/evaluations/pi05_floor_slam_uns_pi05_parallel_20261002_105333/42014.mp4,logs/pi05_parallel_20261002_105333_config33.log
33,floor_slam_uns,42015,0,demo_envs/test_unseen_scenes_pick_from_floor/evaluations/pi05_floor_slam_uns_pi05_parallel_20261002_105333/42015.mp4,logs/pi05_parallel_20261002_105333_config33.log
33,floor_slam_uns,42016,0,demo_envs/test_unseen_scenes_pick_from_floor/evaluations/pi05_floor_slam_uns_pi05_parallel_20261002_105333/42016.mp4,logs/pi05_parallel_20261002_105333_config33.log
33,floor_slam_uns,42017,0,demo_envs/test_unseen_scenes_pick_from_floor/evaluations/pi05_floor_slam_uns_pi05_parallel_20261002_105333/42017.mp4,logs/pi05_parallel_20261002_105333_config33.log
33,floor_slam_uns,42018,0,demo_envs/test_unseen_scenes_pick_from_floor/evaluations/pi05_floor_slam_uns_pi05_parallel_20261002_105333/42018.mp4,logs/pi05_parallel_20261002_105333_config33.log
33,floor_slam_uns,42019,0,demo_envs/test_unseen_scenes_pick_from_floor/evaluations/pi05_floor_slam_uns_pi05_parallel_20261002_105333/42019.mp4,logs/pi05_parallel_20261002_105333_config33.log
33,floor_slam_uns,42020,0,demo_envs/test_unseen_scenes_pick_from_floor/evaluations/pi05_floor_slam_uns_pi05_parallel_20261002_105333/42020.mp4,logs/pi05_parallel_20261002_105333_config33.log
33,floor_slam_uns,42021,0,demo_envs/test_unseen_scenes_pick_from_floor/evaluations/pi05_floor_slam_uns_pi05_parallel_20261002_105333/42021.mp4,logs/pi05_parallel_20261002_105333_config33.log
33,floor_slam_uns,42022,0,demo_envs/test_unseen_scenes_pick_from_floor/evaluations/pi05_floor_slam_uns_pi05_parallel_20261002_105333/42022.mp4,logs/pi05_parallel_20261002_105333_config33.log
33,floor_slam_uns,42023,0,demo_envs/test_unseen_scenes_pick_from_floor/evaluations/pi05_floor_slam_uns_pi05_parallel_20261002_105333/42023.mp4,logs/pi05_parallel_20261002_105333_config33.log
33,floor_slam_uns,42024,0,demo_envs/test_unseen_scenes_pick_from_floor/evaluations/pi05_floor_slam_uns_pi05_parallel_20261002_105333/42024.mp4,logs/pi05_parallel_20261002_105333_config33.log
33,floor_slam_uns,42025,0,demo_envs/test_unseen_scenes_pick_from_floor/evaluations/pi05_floor_slam_uns_pi05_parallel_20261002_105333/42025.mp4,logs/pi05_parallel_20261002_105333_config33.log
33,floor_slam_uns,42026,0,demo_envs/test_unseen_scenes_pick_from_floor/evaluations/pi05_floor_slam_uns_pi05_parallel_20261002_105333/42026.mp4,logs/pi05_parallel_20261002_105333_config33.log
33,floor_slam_uns,42027,0,demo_envs/test_unseen_scenes_pick_from_floor/evaluations/pi05_floor_slam_uns_pi05_parallel_20261002_105333/42027.mp4,logs/pi05_parallel_20261002_105333_config33.log
33,floor_slam_uns,42028,0,demo_envs/test_unseen_scenes_pick_from_floor/evaluations/pi05_floor_slam_uns_pi05_parallel_20261002_105333/42028.mp4,logs/pi05_parallel_20261002_105333_config33.log
33,floor_slam_uns,42029,0,demo_envs/test_unseen_scenes_pick_from_floor/evaluations/pi05_floor_slam_uns_pi05_parallel_20261002_105333/42029.mp4,logs/pi05_parallel_20261002_105333_config33.log
34,basket_fanta_uns,42000,0,demo_envs/test_unseen_items_pick_to_basket/evaluations/pi05_basket_fanta_uns_pi05_parallel_20261002_105333/42000.mp4,logs/pi05_parallel_20261002_105333_config34.log
34,basket_fanta_uns,42001,0,demo_envs/test_unseen_items_pick_to_basket/evaluations/pi05_basket_fanta_uns_pi05_parallel_20261002_105333/42001.mp4,logs/pi05_parallel_20261002_105333_config34.log
34,basket_fanta_uns,42002,0,demo_envs/test_unseen_items_pick_to_basket/evaluations/pi05_basket_fanta_uns_pi05_parallel_20261002_105333/42002.mp4,logs/pi05_parallel_20261002_105333_config34.log
34,basket_fanta_uns,42003,0,demo_envs/test_unseen_items_pick_to_basket/evaluations/pi05_basket_fanta_uns_pi05_parallel_20261002_105333/42003.mp4,logs/pi05_parallel_20261002_105333_config34.log
34,basket_fanta_uns,42004,0,demo_envs/test_unseen_items_pick_to_basket/evaluations/pi05_basket_fanta_uns_pi05_parallel_20261002_105333/42004.mp4,logs/pi05_parallel_20261002_105333_config34.log
34,basket_fanta_uns,42005,0,demo_envs/test_unseen_items_pick_to_basket/evaluations/pi05_basket_fanta_uns_pi05_parallel_20261002_105333/42005.mp4,logs/pi05_parallel_20261002_105333_config34.log
34,basket_fanta_uns,42006,0,demo_envs/test_unseen_items_pick_to_basket/evaluations/pi05_basket_fanta_uns_pi05_parallel_20261002_105333/42006.mp4,logs/pi05_parallel_20261002_105333_config34.log
34,basket_fanta_uns,42007,0,demo_envs/test_unseen_items_pick_to_basket/evaluations/pi05_basket_fanta_uns_pi05_parallel_20261002_105333/42007.mp4,logs/pi05_parallel_20261002_105333_config34.log
34,basket_fanta_uns,42008,0,demo_envs/test_unseen_items_pick_to_basket/evaluations/pi05_basket_fanta_uns_pi05_parallel_20261002_105333/42008.mp4,logs/pi05_parallel_20261002_105333_config34.log
34,basket_fanta_uns,42009,0,demo_envs/test_unseen_items_pick_to_basket/evaluations/pi05_basket_fanta_uns_pi05_parallel_20261002_105333/42009.mp4,logs/pi05_parallel_20261002_105333_config34.log
34,basket_fanta_uns,42010,0,demo_envs/test_unseen_items_pick_to_basket/evaluations/pi05_basket_fanta_uns_pi05_parallel_20261002_105333/42010.mp4,logs/pi05_parallel_20261002_105333_config34.log
34,basket_fanta_uns,42011,0,demo_envs/test_unseen_items_pick_to_basket/evaluations/pi05_basket_fanta_uns_pi05_parallel_20261002_105333/42011.mp4,logs/pi05_parallel_20261002_105333_config34.log
34,basket_fanta_uns,42012,0,demo_envs/test_unseen_items_pick_to_basket/evaluations/pi05_basket_fanta_uns_pi05_parallel_20261002_105333/42012.mp4,logs/pi05_parallel_20261002_105333_config34.log
34,basket_fanta_uns,42013,0,demo_envs/test_unseen_items_pick_to_basket/evaluations/pi05_basket_fanta_uns_pi05_parallel_20261002_105333/42013.mp4,logs/pi05_parallel_20261002_105333_config34.log
34,basket_fanta_uns,42014,0,demo_envs/test_unseen_items_pick_to_basket/evaluations/pi05_basket_fanta_uns_pi05_parallel_20261002_105333/42014.mp4,logs/pi05_parallel_20261002_105333_config34.log
34,basket_fanta_uns,42015,0,demo_envs/test_unseen_items_pick_to_basket/evaluations/pi05_basket_fanta_uns_pi05_parallel_20261002_105333/42015.mp4,logs/pi05_parallel_20261002_105333_config34.log
34,basket_fanta_uns,42016,0,demo_envs/test_unseen_items_pick_to_basket/evaluations/pi05_basket_fanta_uns_pi05_parallel_20261002_105333/42016.mp4,logs/pi05_parallel_20261002_105333_config34.log
34,basket_fanta_uns,42017,0,demo_envs/test_unseen_items_pick_to_basket/evaluations/pi05_basket_fanta_uns_pi05_parallel_20261002_105333/42017.mp4,logs/pi05_parallel_20261002_105333_config34.log
34,basket_fanta_uns,42018,0,demo_envs/test_unseen_items_pick_to_basket/evaluations/pi05_basket_fanta_uns_pi05_parallel_20261002_105333/42018.mp4,logs/pi05_parallel_20261002_105333_config34.log
34,basket_fanta_uns,42019,0,demo_envs/test_unseen_items_pick_to_basket/evaluations/pi05_basket_fanta_uns_pi05_parallel_20261002_105333/42019.mp4,logs/pi05_parallel_20261002_105333_config34.log
34,basket_fanta_uns,42020,0,demo_envs/test_unseen_items_pick_to_basket/evaluations/pi05_basket_fanta_uns_pi05_parallel_20261002_105333/42020.mp4,logs/pi05_parallel_20261002_105333_config34.log
34,basket_fanta_uns,42021,0,demo_envs/test_unseen_items_pick_to_basket/evaluations/pi05_basket_fanta_uns_pi05_parallel_20261002_105333/42021.mp4,logs/pi05_parallel_20261002_105333_config34.log
34,basket_fanta_uns,42022,0,demo_envs/test_unseen_items_pick_to_basket/evaluations/pi05_basket_fanta_uns_pi05_parallel_20261002_105333/42022.mp4,logs/pi05_parallel_20261002_105333_config34.log
34,basket_fanta_uns,42023,0,demo_envs/test_unseen_items_pick_to_basket/evaluations/pi05_basket_fanta_uns_pi05_parallel_20261002_105333/42023.mp4,logs/pi05_parallel_20261002_105333_config34.log
34,basket_fanta_uns,42024,0,demo_envs/test_unseen_items_pick_to_basket/evaluations/pi05_basket_fanta_uns_pi05_parallel_20261002_105333/42024.mp4,logs/pi05_parallel_20261002_105333_config34.log
34,basket_fanta_uns,42025,0,demo_envs/test_unseen_items_pick_to_basket/evaluations/pi05_basket_fanta_uns_pi05_parallel_20261002_105333/42025.mp4,logs/pi05_parallel_20261002_105333_config34.log
34,basket_fanta_uns,42026,0,demo_envs/test_unseen_items_pick_to_basket/evaluations/pi05_basket_fanta_uns_pi05_parallel_20261002_105333/42026.mp4,logs/pi05_parallel_20261002_105333_config34.log
34,basket_fanta_uns,42027,0,demo_envs/test_unseen_items_pick_to_basket/evaluations/pi05_basket_fanta_uns_pi05_parallel_20261002_105333/42027.mp4,logs/pi05_parallel_20261002_105333_config34.log
34,basket_fanta_uns,42028,0,demo_envs/test_unseen_items_pick_to_basket/evaluations/pi05_basket_fanta_uns_pi05_parallel_20261002_105333/42028.mp4,logs/pi05_parallel_20261002_105333_config34.log
34,basket_fanta_uns,42029,0,demo_envs/test_unseen_items_pick_to_basket/evaluations/pi05_basket_fanta_uns_pi05_parallel_20261002_105333/42029.mp4,logs/pi05_parallel_20261002_105333_config34.log
35,basket_nivea_uns,42000,0,demo_envs/test_unseen_items_pick_to_basket/evaluations/pi05_basket_nivea_uns_pi05_parallel_20261002_105333/42000.mp4,logs/pi05_parallel_20261002_105333_config35.log
35,basket_nivea_uns,42001,0,demo_envs/test_unseen_items_pick_to_basket/evaluations/pi05_basket_nivea_uns_pi05_parallel_20261002_105333/42001.mp4,logs/pi05_parallel_20261002_105333_config35.log
35,basket_nivea_uns,42002,0,demo_envs/test_unseen_items_pick_to_basket/evaluations/pi05_basket_nivea_uns_pi05_parallel_20261002_105333/42002.mp4,logs/pi05_parallel_20261002_105333_config35.log
35,basket_nivea_uns,42003,0,demo_envs/test_unseen_items_pick_to_basket/evaluations/pi05_basket_nivea_uns_pi05_parallel_20261002_105333/42003.mp4,logs/pi05_parallel_20261002_105333_config35.log
35,basket_nivea_uns,42004,0,demo_envs/test_unseen_items_pick_to_basket/evaluations/pi05_basket_nivea_uns_pi05_parallel_20261002_105333/42004.mp4,logs/pi05_parallel_20261002_105333_config35.log
35,basket_nivea_uns,42005,0,demo_envs/test_unseen_items_pick_to_basket/evaluations/pi05_basket_nivea_uns_pi05_parallel_20261002_105333/42005.mp4,logs/pi05_parallel_20261002_105333_config35.log
35,basket_nivea_uns,42006,0,demo_envs/test_unseen_items_pick_to_basket/evaluations/pi05_basket_nivea_uns_pi05_parallel_20261002_105333/42006.mp4,logs/pi05_parallel_20261002_105333_config35.log
35,basket_nivea_uns,42007,0,demo_envs/test_unseen_items_pick_to_basket/evaluations/pi05_basket_nivea_uns_pi05_parallel_20261002_105333/42007.mp4,logs/pi05_parallel_20261002_105333_config35.log
35,basket_nivea_uns,42008,0,demo_envs/test_unseen_items_pick_to_basket/evaluations/pi05_basket_nivea_uns_pi05_parallel_20261002_105333/42008.mp4,logs/pi05_parallel_20261002_105333_config35.log
35,basket_nivea_uns,42009,0,demo_envs/test_unseen_items_pick_to_basket/evaluations/pi05_basket_nivea_uns_pi05_parallel_20261002_105333/42009.mp4,logs/pi05_parallel_20261002_105333_config35.log
35,basket_nivea_uns,42010,0,demo_envs/test_unseen_items_pick_to_basket/evaluations/pi05_basket_nivea_uns_pi05_parallel_20261002_105333/42010.mp4,logs/pi05_parallel_20261002_105333_config35.log
35,basket_nivea_uns,42011,0,demo_envs/test_unseen_items_pick_to_basket/evaluations/pi05_basket_nivea_uns_pi05_parallel_20261002_105333/42011.mp4,logs/pi05_parallel_20261002_105333_config35.log
35,basket_nivea_uns,42012,0,demo_envs/test_unseen_items_pick_to_basket/evaluations/pi05_basket_nivea_uns_pi05_parallel_20261002_105333/42012.mp4,logs/pi05_parallel_20261002_105333_config35.log
35,basket_nivea_uns,42013,0,demo_envs/test_unseen_items_pick_to_basket/evaluations/pi05_basket_nivea_uns_pi05_parallel_20261002_105333/42013.mp4,logs/pi05_parallel_20261002_105333_config35.log
35,basket_nivea_uns,42014,0,demo_envs/test_unseen_items_pick_to_basket/evaluations/pi05_basket_nivea_uns_pi05_parallel_20261002_105333/42014.mp4,logs/pi05_parallel_20261002_105333_config35.log
35,basket_nivea_uns,42015,0,demo_envs/test_unseen_items_pick_to_basket/evaluations/pi05_basket_nivea_uns_pi05_parallel_20261002_105333/42015.mp4,logs/pi05_parallel_20261002_105333_config35.log
35,basket_nivea_uns,42016,0,demo_envs/test_unseen_items_pick_to_basket/evaluations/pi05_basket_nivea_uns_pi05_parallel_20261002_105333/42016.mp4,logs/pi05_parallel_20261002_105333_config35.log
35,basket_nivea_uns,42017,0,demo_envs/test_unseen_items_pick_to_basket/evaluations/pi05_basket_nivea_uns_pi05_parallel_20261002_105333/42017.mp4,logs/pi05_parallel_20261002_105333_config35.log
35,basket_nivea_uns,42018,0,demo_envs/test_unseen_items_pick_to_basket/evaluations/pi05_basket_nivea_uns_pi05_parallel_20261002_105333/42018.mp4,logs/pi05_parallel_20261002_105333_config35.log
35,basket_nivea_uns,42019,0,demo_envs/test_unseen_items_pick_to_basket/evaluations/pi05_basket_nivea_uns_pi05_parallel_20261002_105333/42019.mp4,logs/pi05_parallel_20261002_105333_config35.log
35,basket_nivea_uns,42020,0,demo_envs/test_unseen_items_pick_to_basket/evaluations/pi05_basket_nivea_uns_pi05_parallel_20261002_105333/42020.mp4,logs/pi05_parallel_20261002_105333_config35.log
35,basket_nivea_uns,42021,0,demo_envs/test_unseen_items_pick_to_basket/evaluations/pi05_basket_nivea_uns_pi05_parallel_20261002_105333/42021.mp4,logs/pi05_parallel_20261002_105333_config35.log
35,basket_nivea_uns,42022,0,demo_envs/test_unseen_items_pick_to_basket/evaluations/pi05_basket_nivea_uns_pi05_parallel_20261002_105333/42022.mp4,logs/pi05_parallel_20261002_105333_config35.log
35,basket_nivea_uns,42023,0,demo_envs/test_unseen_items_pick_to_basket/evaluations/pi05_basket_nivea_uns_pi05_parallel_20261002_105333/42023.mp4,logs/pi05_parallel_20261002_105333_config35.log
35,basket_nivea_uns,42024,0,demo_envs/test_unseen_items_pick_to_basket/evaluations/pi05_basket_nivea_uns_pi05_parallel_20261002_105333/42024.mp4,logs/pi05_parallel_20261002_105333_config35.log
35,basket_nivea_uns,42025,0,demo_envs/test_unseen_items_pick_to_basket/evaluations/pi05_basket_nivea_uns_pi05_parallel_20261002_105333/42025.mp4,logs/pi05_parallel_20261002_105333_config35.log
35,basket_nivea_uns,42026,0,demo_envs/test_unseen_items_pick_to_basket/evaluations/pi05_basket_nivea_uns_pi05_parallel_20261002_105333/42026.mp4,logs/pi05_parallel_20261002_105333_config35.log
35,basket_nivea_uns,42027,0,demo_envs/test_unseen_items_pick_to_basket/evaluations/pi05_basket_nivea_uns_pi05_parallel_20261002_105333/42027.mp4,logs/pi05_parallel_20261002_105333_config35.log
35,basket_nivea_uns,42028,0,demo_envs/test_unseen_items_pick_to_basket/evaluations/pi05_basket_nivea_uns_pi05_parallel_20261002_105333/42028.mp4,logs/pi05_parallel_20261002_105333_config35.log
35,basket_nivea_uns,42029,0,demo_envs/test_unseen_items_pick_to_basket/evaluations/pi05_basket_nivea_uns_pi05_parallel_20261002_105333/42029.mp4,logs/pi05_parallel_20261002_105333_config35.log
36,basket_stars_uns,42000,0,demo_envs/test_unseen_items_pick_to_basket/evaluations/pi05_basket_stars_uns_pi05_parallel_20261002_105333/42000.mp4,logs/pi05_parallel_20261002_105333_config36.log
36,basket_stars_uns,42001,0,demo_envs/test_unseen_items_pick_to_basket/evaluations/pi05_basket_stars_uns_pi05_parallel_20261002_105333/42001.mp4,logs/pi05_parallel_20261002_105333_config36.log
36,basket_stars_uns,42002,0,demo_envs/test_unseen_items_pick_to_basket/evaluations/pi05_basket_stars_uns_pi05_parallel_20261002_105333/42002.mp4,logs/pi05_parallel_20261002_105333_config36.log
36,basket_stars_uns,42003,0,demo_envs/test_unseen_items_pick_to_basket/evaluations/pi05_basket_stars_uns_pi05_parallel_20261002_105333/42003.mp4,logs/pi05_parallel_20261002_105333_config36.log
36,basket_stars_uns,42004,0,demo_envs/test_unseen_items_pick_to_basket/evaluations/pi05_basket_stars_uns_pi05_parallel_20261002_105333/42004.mp4,logs/pi05_parallel_20261002_105333_config36.log
36,basket_stars_uns,42005,0,demo_envs/test_unseen_items_pick_to_basket/evaluations/pi05_basket_stars_uns_pi05_parallel_20261002_105333/42005.mp4,logs/pi05_parallel_20261002_105333_config36.log
36,basket_stars_uns,42006,0,demo_envs/test_unseen_items_pick_to_basket/evaluations/pi05_basket_stars_uns_pi05_parallel_20261002_105333/42006.mp4,logs/pi05_parallel_20261002_105333_config36.log
36,basket_stars_uns,42007,0,demo_envs/test_unseen_items_pick_to_basket/evaluations/pi05_basket_stars_uns_pi05_parallel_20261002_105333/42007.mp4,logs/pi05_parallel_20261002_105333_config36.log
36,basket_stars_uns,42008,0,demo_envs/test_unseen_items_pick_to_basket/evaluations/pi05_basket_stars_uns_pi05_parallel_20261002_105333/42008.mp4,logs/pi05_parallel_20261002_105333_config36.log
36,basket_stars_uns,42009,0,demo_envs/test_unseen_items_pick_to_basket/evaluations/pi05_basket_stars_uns_pi05_parallel_20261002_105333/42009.mp4,logs/pi05_parallel_20261002_105333_config36.log
36,basket_stars_uns,42010,0,demo_envs/test_unseen_items_pick_to_basket/evaluations/pi05_basket_stars_uns_pi05_parallel_20261002_105333/42010.mp4,logs/pi05_parallel_20261002_105333_config36.log
36,basket_stars_uns,42011,0,demo_envs/test_unseen_items_pick_to_basket/evaluations/pi05_basket_stars_uns_pi05_parallel_20261002_105333/42011.mp4,logs/pi05_parallel_20261002_105333_config36.log
36,basket_stars_uns,42012,0,demo_envs/test_unseen_items_pick_to_basket/evaluations/pi05_basket_stars_uns_pi05_parallel_20261002_105333/42012.mp4,logs/pi05_parallel_20261002_105333_config36.log
36,basket_stars_uns,42013,0,demo_envs/test_unseen_items_pick_to_basket/evaluations/pi05_basket_stars_uns_pi05_parallel_20261002_105333/42013.mp4,logs/pi05_parallel_20261002_105333_config36.log
36,basket_stars_uns,42014,0,demo_envs/test_unseen_items_pick_to_basket/evaluations/pi05_basket_stars_uns_pi05_parallel_20261002_105333/42014.mp4,logs/pi05_parallel_20261002_105333_config36.log
36,basket_stars_uns,42015,0,demo_envs/test_unseen_items_pick_to_basket/evaluations/pi05_basket_stars_uns_pi05_parallel_20261002_105333/42015.mp4,logs/pi05_parallel_20261002_105333_config36.log
36,basket_stars_uns,42016,0,demo_envs/test_unseen_items_pick_to_basket/evaluations/pi05_basket_stars_uns_pi05_parallel_20261002_105333/42016.mp4,logs/pi05_parallel_20261002_105333_config36.log
36,basket_stars_uns,42017,0,demo_envs/test_unseen_items_pick_to_basket/evaluations/pi05_basket_stars_uns_pi05_parallel_20261002_105333/42017.mp4,logs/pi05_parallel_20261002_105333_config36.log
36,basket_stars_uns,42018,0,demo_envs/test_unseen_items_pick_to_basket/evaluations/pi05_basket_stars_uns_pi05_parallel_20261002_105333/42018.mp4,logs/pi05_parallel_20261002_105333_config36.log
36,basket_stars_uns,42019,0,demo_envs/test_unseen_items_pick_to_basket/evaluations/pi05_basket_stars_uns_pi05_parallel_20261002_105333/42019.mp4,logs/pi05_parallel_20261002_105333_config36.log
36,basket_stars_uns,42020,0,demo_envs/test_unseen_items_pick_to_basket/evaluations/pi05_basket_stars_uns_pi05_parallel_20261002_105333/42020.mp4,logs/pi05_parallel_20261002_105333_config36.log
36,basket_stars_uns,42021,0,demo_envs/test_unseen_items_pick_to_basket/evaluations/pi05_basket_stars_uns_pi05_parallel_20261002_105333/42021.mp4,logs/pi05_parallel_20261002_105333_config36.log
36,basket_stars_uns,42022,0,demo_envs/test_unseen_items_pick_to_basket/evaluations/pi05_basket_stars_uns_pi05_parallel_20261002_105333/42022.mp4,logs/pi05_parallel_20261002_105333_config36.log
36,basket_stars_uns,42023,0,demo_envs/test_unseen_items_pick_to_basket/evaluations/pi05_basket_stars_uns_pi05_parallel_20261002_105333/42023.mp4,logs/pi05_parallel_20261002_105333_config36.log
36,basket_stars_uns,42024,0,demo_envs/test_unseen_items_pick_to_basket/evaluations/pi05_basket_stars_uns_pi05_parallel_20261002_105333/42024.mp4,logs/pi05_parallel_20261002_105333_config36.log
36,basket_stars_uns,42025,0,demo_envs/test_unseen_items_pick_to_basket/evaluations/pi05_basket_stars_uns_pi05_parallel_20261002_105333/42025.mp4,logs/pi05_parallel_20261002_105333_config36.log
36,basket_stars_uns,42026,0,demo_envs/test_unseen_items_pick_to_basket/evaluations/pi05_basket_stars_uns_pi05_parallel_20261002_105333/42026.mp4,logs/pi05_parallel_20261002_105333_config36.log
36,basket_stars_uns,42027,0,demo_envs/test_unseen_items_pick_to_basket/evaluations/pi05_basket_stars_uns_pi05_parallel_20261002_105333/42027.mp4,logs/pi05_parallel_20261002_105333_config36.log
36,basket_stars_uns,42028,0,demo_envs/test_unseen_items_pick_to_basket/evaluations/pi05_basket_stars_uns_pi05_parallel_20261002_105333/42028.mp4,logs/pi05_parallel_20261002_105333_config36.log
36,basket_stars_uns,42029,0,demo_envs/test_unseen_items_pick_to_basket/evaluations/pi05_basket_stars_uns_pi05_parallel_20261002_105333/42029.mp4,logs/pi05_parallel_20261002_105333_config36.log
37,board_nivea_ood,42000,0,demo_envs/test_unseen_items_move_from_board_to_board_nivea/evaluations/pi05_board_nivea_ood_pi05_parallel_20261002_105333/42000.mp4,logs/pi05_parallel_20261002_105333_config37.log
37,board_nivea_ood,42001,0,demo_envs/test_unseen_items_move_from_board_to_board_nivea/evaluations/pi05_board_nivea_ood_pi05_parallel_20261002_105333/42001.mp4,logs/pi05_parallel_20261002_105333_config37.log
37,board_nivea_ood,42002,0,demo_envs/test_unseen_items_move_from_board_to_board_nivea/evaluations/pi05_board_nivea_ood_pi05_parallel_20261002_105333/42002.mp4,logs/pi05_parallel_20261002_105333_config37.log
37,board_nivea_ood,42003,0,demo_envs/test_unseen_items_move_from_board_to_board_nivea/evaluations/pi05_board_nivea_ood_pi05_parallel_20261002_105333/42003.mp4,logs/pi05_parallel_20261002_105333_config37.log
37,board_nivea_ood,42004,0,demo_envs/test_unseen_items_move_from_board_to_board_nivea/evaluations/pi05_board_nivea_ood_pi05_parallel_20261002_105333/42004.mp4,logs/pi05_parallel_20261002_105333_config37.log
37,board_nivea_ood,42005,0,demo_envs/test_unseen_items_move_from_board_to_board_nivea/evaluations/pi05_board_nivea_ood_pi05_parallel_20261002_105333/42005.mp4,logs/pi05_parallel_20261002_105333_config37.log
37,board_nivea_ood,42006,0,demo_envs/test_unseen_items_move_from_board_to_board_nivea/evaluations/pi05_board_nivea_ood_pi05_parallel_20261002_105333/42006.mp4,logs/pi05_parallel_20261002_105333_config37.log
37,board_nivea_ood,42007,0,demo_envs/test_unseen_items_move_from_board_to_board_nivea/evaluations/pi05_board_nivea_ood_pi05_parallel_20261002_105333/42007.mp4,logs/pi05_parallel_20261002_105333_config37.log
37,board_nivea_ood,42008,0,demo_envs/test_unseen_items_move_from_board_to_board_nivea/evaluations/pi05_board_nivea_ood_pi05_parallel_20261002_105333/42008.mp4,logs/pi05_parallel_20261002_105333_config37.log
37,board_nivea_ood,42009,0,demo_envs/test_unseen_items_move_from_board_to_board_nivea/evaluations/pi05_board_nivea_ood_pi05_parallel_20261002_105333/42009.mp4,logs/pi05_parallel_20261002_105333_config37.log
37,board_nivea_ood,42010,0,demo_envs/test_unseen_items_move_from_board_to_board_nivea/evaluations/pi05_board_nivea_ood_pi05_parallel_20261002_105333/42010.mp4,logs/pi05_parallel_20261002_105333_config37.log
37,board_nivea_ood,42011,0,demo_envs/test_unseen_items_move_from_board_to_board_nivea/evaluations/pi05_board_nivea_ood_pi05_parallel_20261002_105333/42011.mp4,logs/pi05_parallel_20261002_105333_config37.log
37,board_nivea_ood,42012,0,demo_envs/test_unseen_items_move_from_board_to_board_nivea/evaluations/pi05_board_nivea_ood_pi05_parallel_20261002_105333/42012.mp4,logs/pi05_parallel_20261002_105333_config37.log
37,board_nivea_ood,42013,0,demo_envs/test_unseen_items_move_from_board_to_board_nivea/evaluations/pi05_board_nivea_ood_pi05_parallel_20261002_105333/42013.mp4,logs/pi05_parallel_20261002_105333_config37.log
37,board_nivea_ood,42014,0,demo_envs/test_unseen_items_move_from_board_to_board_nivea/evaluations/pi05_board_nivea_ood_pi05_parallel_20261002_105333/42014.mp4,logs/pi05_parallel_20261002_105333_config37.log
37,board_nivea_ood,42015,0,demo_envs/test_unseen_items_move_from_board_to_board_nivea/evaluations/pi05_board_nivea_ood_pi05_parallel_20261002_105333/42015.mp4,logs/pi05_parallel_20261002_105333_config37.log
37,board_nivea_ood,42016,0,demo_envs/test_unseen_items_move_from_board_to_board_nivea/evaluations/pi05_board_nivea_ood_pi05_parallel_20261002_105333/42016.mp4,logs/pi05_parallel_20261002_105333_config37.log
37,board_nivea_ood,42017,0,demo_envs/test_unseen_items_move_from_board_to_board_nivea/evaluations/pi05_board_nivea_ood_pi05_parallel_20261002_105333/42017.mp4,logs/pi05_parallel_20261002_105333_config37.log
37,board_nivea_ood,42018,0,demo_envs/test_unseen_items_move_from_board_to_board_nivea/evaluations/pi05_board_nivea_ood_pi05_parallel_20261002_105333/42018.mp4,logs/pi05_parallel_20261002_105333_config37.log
37,board_nivea_ood,42019,0,demo_envs/test_unseen_items_move_from_board_to_board_nivea/evaluations/pi05_board_nivea_ood_pi05_parallel_20261002_105333/42019.mp4,logs/pi05_parallel_20261002_105333_config37.log
37,board_nivea_ood,42020,0,demo_envs/test_unseen_items_move_from_board_to_board_nivea/evaluations/pi05_board_nivea_ood_pi05_parallel_20261002_105333/42020.mp4,logs/pi05_parallel_20261002_105333_config37.log
37,board_nivea_ood,42021,0,demo_envs/test_unseen_items_move_from_board_to_board_nivea/evaluations/pi05_board_nivea_ood_pi05_parallel_20261002_105333/42021.mp4,logs/pi05_parallel_20261002_105333_config37.log
37,board_nivea_ood,42022,0,demo_envs/test_unseen_items_move_from_board_to_board_nivea/evaluations/pi05_board_nivea_ood_pi05_parallel_20261002_105333/42022.mp4,logs/pi05_parallel_20261002_105333_config37.log
37,board_nivea_ood,42023,0,demo_envs/test_unseen_items_move_from_board_to_board_nivea/evaluations/pi05_board_nivea_ood_pi05_parallel_20261002_105333/42023.mp4,logs/pi05_parallel_20261002_105333_config37.log
37,board_nivea_ood,42024,0,demo_envs/test_unseen_items_move_from_board_to_board_nivea/evaluations/pi05_board_nivea_ood_pi05_parallel_20261002_105333/42024.mp4,logs/pi05_parallel_20261002_105333_config37.log
37,board_nivea_ood,42025,0,demo_envs/test_unseen_items_move_from_board_to_board_nivea/evaluations/pi05_board_nivea_ood_pi05_parallel_20261002_105333/42025.mp4,logs/pi05_parallel_20261002_105333_config37.log
37,board_nivea_ood,42026,0,demo_envs/test_unseen_items_move_from_board_to_board_nivea/evaluations/pi05_board_nivea_ood_pi05_parallel_20261002_105333/42026.mp4,logs/pi05_parallel_20261002_105333_config37.log
37,board_nivea_ood,42027,0,demo_envs/test_unseen_items_move_from_board_to_board_nivea/evaluations/pi05_board_nivea_ood_pi05_parallel_20261002_105333/42027.mp4,logs/pi05_parallel_20261002_105333_config37.log
37,board_nivea_ood,42028,0,demo_envs/test_unseen_items_move_from_board_to_board_nivea/evaluations/pi05_board_nivea_ood_pi05_parallel_20261002_105333/42028.mp4,logs/pi05_parallel_20261002_105333_config37.log
37,board_nivea_ood,42029,0,demo_envs/test_unseen_items_move_from_board_to_board_nivea/evaluations/pi05_board_nivea_ood_pi05_parallel_20261002_105333/42029.mp4,logs/pi05_parallel_20261002_105333_config37.log
38,board_fanta_ood,42000,0,demo_envs/test_unseen_items_move_from_board_to_board_fanta/evaluations/pi05_board_fanta_ood_pi05_parallel_20261002_105333/42000.mp4,logs/pi05_parallel_20261002_105333_config38.log
38,board_fanta_ood,42001,0,demo_envs/test_unseen_items_move_from_board_to_board_fanta/evaluations/pi05_board_fanta_ood_pi05_parallel_20261002_105333/42001.mp4,logs/pi05_parallel_20261002_105333_config38.log
38,board_fanta_ood,42002,0,demo_envs/test_unseen_items_move_from_board_to_board_fanta/evaluations/pi05_board_fanta_ood_pi05_parallel_20261002_105333/42002.mp4,logs/pi05_parallel_20261002_105333_config38.log
38,board_fanta_ood,42003,0,demo_envs/test_unseen_items_move_from_board_to_board_fanta/evaluations/pi05_board_fanta_ood_pi05_parallel_20261002_105333/42003.mp4,logs/pi05_parallel_20261002_105333_config38.log
38,board_fanta_ood,42004,0,demo_envs/test_unseen_items_move_from_board_to_board_fanta/evaluations/pi05_board_fanta_ood_pi05_parallel_20261002_105333/42004.mp4,logs/pi05_parallel_20261002_105333_config38.log
38,board_fanta_ood,42005,0,demo_envs/test_unseen_items_move_from_board_to_board_fanta/evaluations/pi05_board_fanta_ood_pi05_parallel_20261002_105333/42005.mp4,logs/pi05_parallel_20261002_105333_config38.log
38,board_fanta_ood,42006,0,demo_envs/test_unseen_items_move_from_board_to_board_fanta/evaluations/pi05_board_fanta_ood_pi05_parallel_20261002_105333/42006.mp4,logs/pi05_parallel_20261002_105333_config38.log
38,board_fanta_ood,42007,0,demo_envs/test_unseen_items_move_from_board_to_board_fanta/evaluations/pi05_board_fanta_ood_pi05_parallel_20261002_105333/42007.mp4,logs/pi05_parallel_20261002_105333_config38.log
38,board_fanta_ood,42008,0,demo_envs/test_unseen_items_move_from_board_to_board_fanta/evaluations/pi05_board_fanta_ood_pi05_parallel_20261002_105333/42008.mp4,logs/pi05_parallel_20261002_105333_config38.log
38,board_fanta_ood,42009,0,demo_envs/test_unseen_items_move_from_board_to_board_fanta/evaluations/pi05_board_fanta_ood_pi05_parallel_20261002_105333/42009.mp4,logs/pi05_parallel_20261002_105333_config38.log
38,board_fanta_ood,42010,0,demo_envs/test_unseen_items_move_from_board_to_board_fanta/evaluations/pi05_board_fanta_ood_pi05_parallel_20261002_105333/42010.mp4,logs/pi05_parallel_20261002_105333_config38.log
38,board_fanta_ood,42011,0,demo_envs/test_unseen_items_move_from_board_to_board_fanta/evaluations/pi05_board_fanta_ood_pi05_parallel_20261002_105333/42011.mp4,logs/pi05_parallel_20261002_105333_config38.log
38,board_fanta_ood,42012,0,demo_envs/test_unseen_items_move_from_board_to_board_fanta/evaluations/pi05_board_fanta_ood_pi05_parallel_20261002_105333/42012.mp4,logs/pi05_parallel_20261002_105333_config38.log
38,board_fanta_ood,42013,0,demo_envs/test_unseen_items_move_from_board_to_board_fanta/evaluations/pi05_board_fanta_ood_pi05_parallel_20261002_105333/42013.mp4,logs/pi05_parallel_20261002_105333_config38.log
38,board_fanta_ood,42014,0,demo_envs/test_unseen_items_move_from_board_to_board_fanta/evaluations/pi05_board_fanta_ood_pi05_parallel_20261002_105333/42014.mp4,logs/pi05_parallel_20261002_105333_config38.log
38,board_fanta_ood,42015,0,demo_envs/test_unseen_items_move_from_board_to_board_fanta/evaluations/pi05_board_fanta_ood_pi05_parallel_20261002_105333/42015.mp4,logs/pi05_parallel_20261002_105333_config38.log
38,board_fanta_ood,42016,0,demo_envs/test_unseen_items_move_from_board_to_board_fanta/evaluations/pi05_board_fanta_ood_pi05_parallel_20261002_105333/42016.mp4,logs/pi05_parallel_20261002_105333_config38.log
38,board_fanta_ood,42017,0,demo_envs/test_unseen_items_move_from_board_to_board_fanta/evaluations/pi05_board_fanta_ood_pi05_parallel_20261002_105333/42017.mp4,logs/pi05_parallel_20261002_105333_config38.log
38,board_fanta_ood,42018,0,demo_envs/test_unseen_items_move_from_board_to_board_fanta/evaluations/pi05_board_fanta_ood_pi05_parallel_20261002_105333/42018.mp4,logs/pi05_parallel_20261002_105333_config38.log
38,board_fanta_ood,42019,0,demo_envs/test_unseen_items_move_from_board_to_board_fanta/evaluations/pi05_board_fanta_ood_pi05_parallel_20261002_105333/42019.mp4,logs/pi05_parallel_20261002_105333_config38.log
38,board_fanta_ood,42020,0,demo_envs/test_unseen_items_move_from_board_to_board_fanta/evaluations/pi05_board_fanta_ood_pi05_parallel_20261002_105333/42020.mp4,logs/pi05_parallel_20261002_105333_config38.log
38,board_fanta_ood,42021,0,demo_envs/test_unseen_items_move_from_board_to_board_fanta/evaluations/pi05_board_fanta_ood_pi05_parallel_20261002_105333/42021.mp4,logs/pi05_parallel_20261002_105333_config38.log
38,board_fanta_ood,42022,0,demo_envs/test_unseen_items_move_from_board_to_board_fanta/evaluations/pi05_board_fanta_ood_pi05_parallel_20261002_105333/42022.mp4,logs/pi05_parallel_20261002_105333_config38.log
38,board_fanta_ood,42023,0,demo_envs/test_unseen_items_move_from_board_to_board_fanta/evaluations/pi05_board_fanta_ood_pi05_parallel_20261002_105333/42023.mp4,logs/pi05_parallel_20261002_105333_config38.log
38,board_fanta_ood,42024,0,demo_envs/test_unseen_items_move_from_board_to_board_fanta/evaluations/pi05_board_fanta_ood_pi05_parallel_20261002_105333/42024.mp4,logs/pi05_parallel_20261002_105333_config38.log
38,board_fanta_ood,42025,0,demo_envs/test_unseen_items_move_from_board_to_board_fanta/evaluations/pi05_board_fanta_ood_pi05_parallel_20261002_105333/42025.mp4,logs/pi05_parallel_20261002_105333_config38.log
38,board_fanta_ood,42026,0,demo_envs/test_unseen_items_move_from_board_to_board_fanta/evaluations/pi05_board_fanta_ood_pi05_parallel_20261002_105333/42026.mp4,logs/pi05_parallel_20261002_105333_config38.log
38,board_fanta_ood,42027,0,demo_envs/test_unseen_items_move_from_board_to_board_fanta/evaluations/pi05_board_fanta_ood_pi05_parallel_20261002_105333/42027.mp4,logs/pi05_parallel_20261002_105333_config38.log
38,board_fanta_ood,42028,0,demo_envs/test_unseen_items_move_from_board_to_board_fanta/evaluations/pi05_board_fanta_ood_pi05_parallel_20261002_105333/42028.mp4,logs/pi05_parallel_20261002_105333_config38.log
38,board_fanta_ood,42029,0,demo_envs/test_unseen_items_move_from_board_to_board_fanta/evaluations/pi05_board_fanta_ood_pi05_parallel_20261002_105333/42029.mp4,logs/pi05_parallel_20261002_105333_config38.log
39,floor_fanta_ood,42000,0,demo_envs/test_unseen_items_pick_from_floor/evaluations/pi05_floor_fanta_ood_pi05_parallel_20261002_105333/42000.mp4,logs/pi05_parallel_20261002_105333_config39.log
39,floor_fanta_ood,42001,0,demo_envs/test_unseen_items_pick_from_floor/evaluations/pi05_floor_fanta_ood_pi05_parallel_20261002_105333/42001.mp4,logs/pi05_parallel_20261002_105333_config39.log
39,floor_fanta_ood,42002,0,demo_envs/test_unseen_items_pick_from_floor/evaluations/pi05_floor_fanta_ood_pi05_parallel_20261002_105333/42002.mp4,logs/pi05_parallel_20261002_105333_config39.log
39,floor_fanta_ood,42003,0,demo_envs/test_unseen_items_pick_from_floor/evaluations/pi05_floor_fanta_ood_pi05_parallel_20261002_105333/42003.mp4,logs/pi05_parallel_20261002_105333_config39.log
39,floor_fanta_ood,42004,0,demo_envs/test_unseen_items_pick_from_floor/evaluations/pi05_floor_fanta_ood_pi05_parallel_20261002_105333/42004.mp4,logs/pi05_parallel_20261002_105333_config39.log
39,floor_fanta_ood,42005,0,demo_envs/test_unseen_items_pick_from_floor/evaluations/pi05_floor_fanta_ood_pi05_parallel_20261002_105333/42005.mp4,logs/pi05_parallel_20261002_105333_config39.log
39,floor_fanta_ood,42006,0,demo_envs/test_unseen_items_pick_from_floor/evaluations/pi05_floor_fanta_ood_pi05_parallel_20261002_105333/42006.mp4,logs/pi05_parallel_20261002_105333_config39.log
39,floor_fanta_ood,42007,0,demo_envs/test_unseen_items_pick_from_floor/evaluations/pi05_floor_fanta_ood_pi05_parallel_20261002_105333/42007.mp4,logs/pi05_parallel_20261002_105333_config39.log
39,floor_fanta_ood,42008,0,demo_envs/test_unseen_items_pick_from_floor/evaluations/pi05_floor_fanta_ood_pi05_parallel_20261002_105333/42008.mp4,logs/pi05_parallel_20261002_105333_config39.log
39,floor_fanta_ood,42009,0,demo_envs/test_unseen_items_pick_from_floor/evaluations/pi05_floor_fanta_ood_pi05_parallel_20261002_105333/42009.mp4,logs/pi05_parallel_20261002_105333_config39.log
39,floor_fanta_ood,42010,0,demo_envs/test_unseen_items_pick_from_floor/evaluations/pi05_floor_fanta_ood_pi05_parallel_20261002_105333/42010.mp4,logs/pi05_parallel_20261002_105333_config39.log
39,floor_fanta_ood,42011,0,demo_envs/test_unseen_items_pick_from_floor/evaluations/pi05_floor_fanta_ood_pi05_parallel_20261002_105333/42011.mp4,logs/pi05_parallel_20261002_105333_config39.log
39,floor_fanta_ood,42012,0,demo_envs/test_unseen_items_pick_from_floor/evaluations/pi05_floor_fanta_ood_pi05_parallel_20261002_105333/42012.mp4,logs/pi05_parallel_20261002_105333_config39.log
39,floor_fanta_ood,42013,0,demo_envs/test_unseen_items_pick_from_floor/evaluations/pi05_floor_fanta_ood_pi05_parallel_20261002_105333/42013.mp4,logs/pi05_parallel_20261002_105333_config39.log
39,floor_fanta_ood,42014,0,demo_envs/test_unseen_items_pick_from_floor/evaluations/pi05_floor_fanta_ood_pi05_parallel_20261002_105333/42014.mp4,logs/pi05_parallel_20261002_105333_config39.log
39,floor_fanta_ood,42015,0,demo_envs/test_unseen_items_pick_from_floor/evaluations/pi05_floor_fanta_ood_pi05_parallel_20261002_105333/42015.mp4,logs/pi05_parallel_20261002_105333_config39.log
39,floor_fanta_ood,42016,0,demo_envs/test_unseen_items_pick_from_floor/evaluations/pi05_floor_fanta_ood_pi05_parallel_20261002_105333/42016.mp4,logs/pi05_parallel_20261002_105333_config39.log
39,floor_fanta_ood,42017,0,demo_envs/test_unseen_items_pick_from_floor/evaluations/pi05_floor_fanta_ood_pi05_parallel_20261002_105333/42017.mp4,logs/pi05_parallel_20261002_105333_config39.log
39,floor_fanta_ood,42018,0,demo_envs/test_unseen_items_pick_from_floor/evaluations/pi05_floor_fanta_ood_pi05_parallel_20261002_105333/42018.mp4,logs/pi05_parallel_20261002_105333_config39.log
39,floor_fanta_ood,42019,0,demo_envs/test_unseen_items_pick_from_floor/evaluations/pi05_floor_fanta_ood_pi05_parallel_20261002_105333/42019.mp4,logs/pi05_parallel_20261002_105333_config39.log
39,floor_fanta_ood,42020,0,demo_envs/test_unseen_items_pick_from_floor/evaluations/pi05_floor_fanta_ood_pi05_parallel_20261002_105333/42020.mp4,logs/pi05_parallel_20261002_105333_config39.log
39,floor_fanta_ood,42021,0,demo_envs/test_unseen_items_pick_from_floor/evaluations/pi05_floor_fanta_ood_pi05_parallel_20261002_105333/42021.mp4,logs/pi05_parallel_20261002_105333_config39.log
39,floor_fanta_ood,42022,0,demo_envs/test_unseen_items_pick_from_floor/evaluations/pi05_floor_fanta_ood_pi05_parallel_20261002_105333/42022.mp4,logs/pi05_parallel_20261002_105333_config39.log
39,floor_fanta_ood,42023,0,demo_envs/test_unseen_items_pick_from_floor/evaluations/pi05_floor_fanta_ood_pi05_parallel_20261002_105333/42023.mp4,logs/pi05_parallel_20261002_105333_config39.log
39,floor_fanta_ood,42024,0,demo_envs/test_unseen_items_pick_from_floor/evaluations/pi05_floor_fanta_ood_pi05_parallel_20261002_105333/42024.mp4,logs/pi05_parallel_20261002_105333_config39.log
39,floor_fanta_ood,42025,0,demo_envs/test_unseen_items_pick_from_floor/evaluations/pi05_floor_fanta_ood_pi05_parallel_20261002_105333/42025.mp4,logs/pi05_parallel_20261002_105333_config39.log
39,floor_fanta_ood,42026,0,demo_envs/test_unseen_items_pick_from_floor/evaluations/pi05_floor_fanta_ood_pi05_parallel_20261002_105333/42026.mp4,logs/pi05_parallel_20261002_105333_config39.log
39,floor_fanta_ood,42027,0,demo_envs/test_unseen_items_pick_from_floor/evaluations/pi05_floor_fanta_ood_pi05_parallel_20261002_105333/42027.mp4,logs/pi05_parallel_20261002_105333_config39.log
39,floor_fanta_ood,42028,0,demo_envs/test_unseen_items_pick_from_floor/evaluations/pi05_floor_fanta_ood_pi05_parallel_20261002_105333/42028.mp4,logs/pi05_parallel_20261002_105333_config39.log
39,floor_fanta_ood,42029,0,demo_envs/test_unseen_items_pick_from_floor/evaluations/pi05_floor_fanta_ood_pi05_parallel_20261002_105333/42029.mp4,logs/pi05_parallel_20261002_105333_config39.log
40,floor_duff_ood,42000,0,demo_envs/test_unseen_items_pick_from_floor/evaluations/pi05_floor_duff_ood_pi05_parallel_20261002_105333/42000.mp4,logs/pi05_parallel_20261002_105333_config40.log
40,floor_duff_ood,42001,0,demo_envs/test_unseen_items_pick_from_floor/evaluations/pi05_floor_duff_ood_pi05_parallel_20261002_105333/42001.mp4,logs/pi05_parallel_20261002_105333_config40.log
40,floor_duff_ood,42002,0,demo_envs/test_unseen_items_pick_from_floor/evaluations/pi05_floor_duff_ood_pi05_parallel_20261002_105333/42002.mp4,logs/pi05_parallel_20261002_105333_config40.log
40,floor_duff_ood,42003,0,demo_envs/test_unseen_items_pick_from_floor/evaluations/pi05_floor_duff_ood_pi05_parallel_20261002_105333/42003.mp4,logs/pi05_parallel_20261002_105333_config40.log
40,floor_duff_ood,42004,0,demo_envs/test_unseen_items_pick_from_floor/evaluations/pi05_floor_duff_ood_pi05_parallel_20261002_105333/42004.mp4,logs/pi05_parallel_20261002_105333_config40.log
40,floor_duff_ood,42005,0,demo_envs/test_unseen_items_pick_from_floor/evaluations/pi05_floor_duff_ood_pi05_parallel_20261002_105333/42005.mp4,logs/pi05_parallel_20261002_105333_config40.log
40,floor_duff_ood,42006,0,demo_envs/test_unseen_items_pick_from_floor/evaluations/pi05_floor_duff_ood_pi05_parallel_20261002_105333/42006.mp4,logs/pi05_parallel_20261002_105333_config40.log
40,floor_duff_ood,42007,0,demo_envs/test_unseen_items_pick_from_floor/evaluations/pi05_floor_duff_ood_pi05_parallel_20261002_105333/42007.mp4,logs/pi05_parallel_20261002_105333_config40.log
40,floor_duff_ood,42008,0,demo_envs/test_unseen_items_pick_from_floor/evaluations/pi05_floor_duff_ood_pi05_parallel_20261002_105333/42008.mp4,logs/pi05_parallel_20261002_105333_config40.log
40,floor_duff_ood,42009,0,demo_envs/test_unseen_items_pick_from_floor/evaluations/pi05_floor_duff_ood_pi05_parallel_20261002_105333/42009.mp4,logs/pi05_parallel_20261002_105333_config40.log
40,floor_duff_ood,42010,0,demo_envs/test_unseen_items_pick_from_floor/evaluations/pi05_floor_duff_ood_pi05_parallel_20261002_105333/42010.mp4,logs/pi05_parallel_20261002_105333_config40.log
40,floor_duff_ood,42011,0,demo_envs/test_unseen_items_pick_from_floor/evaluations/pi05_floor_duff_ood_pi05_parallel_20261002_105333/42011.mp4,logs/pi05_parallel_20261002_105333_config40.log
40,floor_duff_ood,42012,0,demo_envs/test_unseen_items_pick_from_floor/evaluations/pi05_floor_duff_ood_pi05_parallel_20261002_105333/42012.mp4,logs/pi05_parallel_20261002_105333_config40.log
40,floor_duff_ood,42013,0,demo_envs/test_unseen_items_pick_from_floor/evaluations/pi05_floor_duff_ood_pi05_parallel_20261002_105333/42013.mp4,logs/pi05_parallel_20261002_105333_config40.log
40,floor_duff_ood,42014,0,demo_envs/test_unseen_items_pick_from_floor/evaluations/pi05_floor_duff_ood_pi05_parallel_20261002_105333/42014.mp4,logs/pi05_parallel_20261002_105333_config40.log
40,floor_duff_ood,42015,0,demo_envs/test_unseen_items_pick_from_floor/evaluations/pi05_floor_duff_ood_pi05_parallel_20261002_105333/42015.mp4,logs/pi05_parallel_20261002_105333_config40.log
40,floor_duff_ood,42016,0,demo_envs/test_unseen_items_pick_from_floor/evaluations/pi05_floor_duff_ood_pi05_parallel_20261002_105333/42016.mp4,logs/pi05_parallel_20261002_105333_config40.log
40,floor_duff_ood,42017,0,demo_envs/test_unseen_items_pick_from_floor/evaluations/pi05_floor_duff_ood_pi05_parallel_20261002_105333/42017.mp4,logs/pi05_parallel_20261002_105333_config40.log
40,floor_duff_ood,42018,0,demo_envs/test_unseen_items_pick_from_floor/evaluations/pi05_floor_duff_ood_pi05_parallel_20261002_105333/42018.mp4,logs/pi05_parallel_20261002_105333_config40.log
40,floor_duff_ood,42019,0,demo_envs/test_unseen_items_pick_from_floor/evaluations/pi05_floor_duff_ood_pi05_parallel_20261002_105333/42019.mp4,logs/pi05_parallel_20261002_105333_config40.log
40,floor_duff_ood,42020,0,demo_envs/test_unseen_items_pick_from_floor/evaluations/pi05_floor_duff_ood_pi05_parallel_20261002_105333/42020.mp4,logs/pi05_parallel_20261002_105333_config40.log
40,floor_duff_ood,42021,0,demo_envs/test_unseen_items_pick_from_floor/evaluations/pi05_floor_duff_ood_pi05_parallel_20261002_105333/42021.mp4,logs/pi05_parallel_20261002_105333_config40.log
40,floor_duff_ood,42022,0,demo_envs/test_unseen_items_pick_from_floor/evaluations/pi05_floor_duff_ood_pi05_parallel_20261002_105333/42022.mp4,logs/pi05_parallel_20261002_105333_config40.log
40,floor_duff_ood,42023,0,demo_envs/test_unseen_items_pick_from_floor/evaluations/pi05_floor_duff_ood_pi05_parallel_20261002_105333/42023.mp4,logs/pi05_parallel_20261002_105333_config40.log
40,floor_duff_ood,42024,0,demo_envs/test_unseen_items_pick_from_floor/evaluations/pi05_floor_duff_ood_pi05_parallel_20261002_105333/42024.mp4,logs/pi05_parallel_20261002_105333_config40.log
40,floor_duff_ood,42025,0,demo_envs/test_unseen_items_pick_from_floor/evaluations/pi05_floor_duff_ood_pi05_parallel_20261002_105333/42025.mp4,logs/pi05_parallel_20261002_105333_config40.log
40,floor_duff_ood,42026,0,demo_envs/test_unseen_items_pick_from_floor/evaluations/pi05_floor_duff_ood_pi05_parallel_20261002_105333/42026.mp4,logs/pi05_parallel_20261002_105333_config40.log
40,floor_duff_ood,42027,0,demo_envs/test_unseen_items_pick_from_floor/evaluations/pi05_floor_duff_ood_pi05_parallel_20261002_105333/42027.mp4,logs/pi05_parallel_20261002_105333_config40.log
40,floor_duff_ood,42028,0,demo_envs/test_unseen_items_pick_from_floor/evaluations/pi05_floor_duff_ood_pi05_parallel_20261002_105333/42028.mp4,logs/pi05_parallel_20261002_105333_config40.log
40,floor_duff_ood,42029,0,demo_envs/test_unseen_items_pick_from_floor/evaluations/pi05_floor_duff_ood_pi05_parallel_20261002_105333/42029.mp4,logs/pi05_parallel_20261002_105333_config40.log
41,basket_nestle_ood,42000,0,demo_envs/test_unseen_items_pick_to_basket/evaluations/pi05_basket_nestle_ood_pi05_parallel_20261002_105333/42000.mp4,logs/pi05_parallel_20261002_105333_config41.log
41,basket_nestle_ood,42001,0,demo_envs/test_unseen_items_pick_to_basket/evaluations/pi05_basket_nestle_ood_pi05_parallel_20261002_105333/42001.mp4,logs/pi05_parallel_20261002_105333_config41.log
41,basket_nestle_ood,42002,0,demo_envs/test_unseen_items_pick_to_basket/evaluations/pi05_basket_nestle_ood_pi05_parallel_20261002_105333/42002.mp4,logs/pi05_parallel_20261002_105333_config41.log
41,basket_nestle_ood,42003,0,demo_envs/test_unseen_items_pick_to_basket/evaluations/pi05_basket_nestle_ood_pi05_parallel_20261002_105333/42003.mp4,logs/pi05_parallel_20261002_105333_config41.log
41,basket_nestle_ood,42004,0,demo_envs/test_unseen_items_pick_to_basket/evaluations/pi05_basket_nestle_ood_pi05_parallel_20261002_105333/42004.mp4,logs/pi05_parallel_20261002_105333_config41.log
41,basket_nestle_ood,42005,0,demo_envs/test_unseen_items_pick_to_basket/evaluations/pi05_basket_nestle_ood_pi05_parallel_20261002_105333/42005.mp4,logs/pi05_parallel_20261002_105333_config41.log
41,basket_nestle_ood,42006,0,demo_envs/test_unseen_items_pick_to_basket/evaluations/pi05_basket_nestle_ood_pi05_parallel_20261002_105333/42006.mp4,logs/pi05_parallel_20261002_105333_config41.log
41,basket_nestle_ood,42007,0,demo_envs/test_unseen_items_pick_to_basket/evaluations/pi05_basket_nestle_ood_pi05_parallel_20261002_105333/42007.mp4,logs/pi05_parallel_20261002_105333_config41.log
41,basket_nestle_ood,42008,0,demo_envs/test_unseen_items_pick_to_basket/evaluations/pi05_basket_nestle_ood_pi05_parallel_20261002_105333/42008.mp4,logs/pi05_parallel_20261002_105333_config41.log
41,basket_nestle_ood,42009,0,demo_envs/test_unseen_items_pick_to_basket/evaluations/pi05_basket_nestle_ood_pi05_parallel_20261002_105333/42009.mp4,logs/pi05_parallel_20261002_105333_config41.log
41,basket_nestle_ood,42010,0,demo_envs/test_unseen_items_pick_to_basket/evaluations/pi05_basket_nestle_ood_pi05_parallel_20261002_105333/42010.mp4,logs/pi05_parallel_20261002_105333_config41.log
41,basket_nestle_ood,42011,0,demo_envs/test_unseen_items_pick_to_basket/evaluations/pi05_basket_nestle_ood_pi05_parallel_20261002_105333/42011.mp4,logs/pi05_parallel_20261002_105333_config41.log
41,basket_nestle_ood,42012,0,demo_envs/test_unseen_items_pick_to_basket/evaluations/pi05_basket_nestle_ood_pi05_parallel_20261002_105333/42012.mp4,logs/pi05_parallel_20261002_105333_config41.log
41,basket_nestle_ood,42013,0,demo_envs/test_unseen_items_pick_to_basket/evaluations/pi05_basket_nestle_ood_pi05_parallel_20261002_105333/42013.mp4,logs/pi05_parallel_20261002_105333_config41.log
41,basket_nestle_ood,42014,0,demo_envs/test_unseen_items_pick_to_basket/evaluations/pi05_basket_nestle_ood_pi05_parallel_20261002_105333/42014.mp4,logs/pi05_parallel_20261002_105333_config41.log
41,basket_nestle_ood,42015,0,demo_envs/test_unseen_items_pick_to_basket/evaluations/pi05_basket_nestle_ood_pi05_parallel_20261002_105333/42015.mp4,logs/pi05_parallel_20261002_105333_config41.log
41,basket_nestle_ood,42016,0,demo_envs/test_unseen_items_pick_to_basket/evaluations/pi05_basket_nestle_ood_pi05_parallel_20261002_105333/42016.mp4,logs/pi05_parallel_20261002_105333_config41.log
41,basket_nestle_ood,42017,0,demo_envs/test_unseen_items_pick_to_basket/evaluations/pi05_basket_nestle_ood_pi05_parallel_20261002_105333/42017.mp4,logs/pi05_parallel_20261002_105333_config41.log
41,basket_nestle_ood,42018,0,demo_envs/test_unseen_items_pick_to_basket/evaluations/pi05_basket_nestle_ood_pi05_parallel_20261002_105333/42018.mp4,logs/pi05_parallel_20261002_105333_config41.log
41,basket_nestle_ood,42019,0,demo_envs/test_unseen_items_pick_to_basket/evaluations/pi05_basket_nestle_ood_pi05_parallel_20261002_105333/42019.mp4,logs/pi05_parallel_20261002_105333_config41.log
41,basket_nestle_ood,42020,0,demo_envs/test_unseen_items_pick_to_basket/evaluations/pi05_basket_nestle_ood_pi05_parallel_20261002_105333/42020.mp4,logs/pi05_parallel_20261002_105333_config41.log
41,basket_nestle_ood,42021,0,demo_envs/test_unseen_items_pick_to_basket/evaluations/pi05_basket_nestle_ood_pi05_parallel_20261002_105333/42021.mp4,logs/pi05_parallel_20261002_105333_config41.log
41,basket_nestle_ood,42022,0,demo_envs/test_unseen_items_pick_to_basket/evaluations/pi05_basket_nestle_ood_pi05_parallel_20261002_105333/42022.mp4,logs/pi05_parallel_20261002_105333_config41.log
41,basket_nestle_ood,42023,0,demo_envs/test_unseen_items_pick_to_basket/evaluations/pi05_basket_nestle_ood_pi05_parallel_20261002_105333/42023.mp4,logs/pi05_parallel_20261002_105333_config41.log
41,basket_nestle_ood,42024,0,demo_envs/test_unseen_items_pick_to_basket/evaluations/pi05_basket_nestle_ood_pi05_parallel_20261002_105333/42024.mp4,logs/pi05_parallel_20261002_105333_config41.log
41,basket_nestle_ood,42025,0,demo_envs/test_unseen_items_pick_to_basket/evaluations/pi05_basket_nestle_ood_pi05_parallel_20261002_105333/42025.mp4,logs/pi05_parallel_20261002_105333_config41.log
41,basket_nestle_ood,42026,0,demo_envs/test_unseen_items_pick_to_basket/evaluations/pi05_basket_nestle_ood_pi05_parallel_20261002_105333/42026.mp4,logs/pi05_parallel_20261002_105333_config41.log
41,basket_nestle_ood,42027,0,demo_envs/test_unseen_items_pick_to_basket/evaluations/pi05_basket_nestle_ood_pi05_parallel_20261002_105333/42027.mp4,logs/pi05_parallel_20261002_105333_config41.log
41,basket_nestle_ood,42028,0,demo_envs/test_unseen_items_pick_to_basket/evaluations/pi05_basket_nestle_ood_pi05_parallel_20261002_105333/42028.mp4,logs/pi05_parallel_20261002_105333_config41.log
41,basket_nestle_ood,42029,0,demo_envs/test_unseen_items_pick_to_basket/evaluations/pi05_basket_nestle_ood_pi05_parallel_20261002_105333/42029.mp4,logs/pi05_parallel_20261002_105333_config41.log
42,basket_slam_ood,42000,0,demo_envs/test_unseen_items_pick_to_basket/evaluations/pi05_basket_slam_ood_pi05_parallel_20261002_105333/42000.mp4,logs/pi05_parallel_20261002_105333_config42.log
42,basket_slam_ood,42001,0,demo_envs/test_unseen_items_pick_to_basket/evaluations/pi05_basket_slam_ood_pi05_parallel_20261002_105333/42001.mp4,logs/pi05_parallel_20261002_105333_config42.log
42,basket_slam_ood,42002,0,demo_envs/test_unseen_items_pick_to_basket/evaluations/pi05_basket_slam_ood_pi05_parallel_20261002_105333/42002.mp4,logs/pi05_parallel_20261002_105333_config42.log
42,basket_slam_ood,42003,0,demo_envs/test_unseen_items_pick_to_basket/evaluations/pi05_basket_slam_ood_pi05_parallel_20261002_105333/42003.mp4,logs/pi05_parallel_20261002_105333_config42.log
42,basket_slam_ood,42004,0,demo_envs/test_unseen_items_pick_to_basket/evaluations/pi05_basket_slam_ood_pi05_parallel_20261002_105333/42004.mp4,logs/pi05_parallel_20261002_105333_config42.log
42,basket_slam_ood,42005,0,demo_envs/test_unseen_items_pick_to_basket/evaluations/pi05_basket_slam_ood_pi05_parallel_20261002_105333/42005.mp4,logs/pi05_parallel_20261002_105333_config42.log
42,basket_slam_ood,42006,0,demo_envs/test_unseen_items_pick_to_basket/evaluations/pi05_basket_slam_ood_pi05_parallel_20261002_105333/42006.mp4,logs/pi05_parallel_20261002_105333_config42.log
42,basket_slam_ood,42007,0,demo_envs/test_unseen_items_pick_to_basket/evaluations/pi05_basket_slam_ood_pi05_parallel_20261002_105333/42007.mp4,logs/pi05_parallel_20261002_105333_config42.log
42,basket_slam_ood,42008,0,demo_envs/test_unseen_items_pick_to_basket/evaluations/pi05_basket_slam_ood_pi05_parallel_20261002_105333/42008.mp4,logs/pi05_parallel_20261002_105333_config42.log
42,basket_slam_ood,42009,0,demo_envs/test_unseen_items_pick_to_basket/evaluations/pi05_basket_slam_ood_pi05_parallel_20261002_105333/42009.mp4,logs/pi05_parallel_20261002_105333_config42.log
42,basket_slam_ood,42010,0,demo_envs/test_unseen_items_pick_to_basket/evaluations/pi05_basket_slam_ood_pi05_parallel_20261002_105333/42010.mp4,logs/pi05_parallel_20261002_105333_config42.log
42,basket_slam_ood,42011,0,demo_envs/test_unseen_items_pick_to_basket/evaluations/pi05_basket_slam_ood_pi05_parallel_20261002_105333/42011.mp4,logs/pi05_parallel_20261002_105333_config42.log
42,basket_slam_ood,42012,0,demo_envs/test_unseen_items_pick_to_basket/evaluations/pi05_basket_slam_ood_pi05_parallel_20261002_105333/42012.mp4,logs/pi05_parallel_20261002_105333_config42.log
42,basket_slam_ood,42013,0,demo_envs/test_unseen_items_pick_to_basket/evaluations/pi05_basket_slam_ood_pi05_parallel_20261002_105333/42013.mp4,logs/pi05_parallel_20261002_105333_config42.log
42,basket_slam_ood,42014,0,demo_envs/test_unseen_items_pick_to_basket/evaluations/pi05_basket_slam_ood_pi05_parallel_20261002_105333/42014.mp4,logs/pi05_parallel_20261002_105333_config42.log
42,basket_slam_ood,42015,0,demo_envs/test_unseen_items_pick_to_basket/evaluations/pi05_basket_slam_ood_pi05_parallel_20261002_105333/42015.mp4,logs/pi05_parallel_20261002_105333_config42.log
42,basket_slam_ood,42016,0,demo_envs/test_unseen_items_pick_to_basket/evaluations/pi05_basket_slam_ood_pi05_parallel_20261002_105333/42016.mp4,logs/pi05_parallel_20261002_105333_config42.log
42,basket_slam_ood,42017,0,demo_envs/test_unseen_items_pick_to_basket/evaluations/pi05_basket_slam_ood_pi05_parallel_20261002_105333/42017.mp4,logs/pi05_parallel_20261002_105333_config42.log
42,basket_slam_ood,42018,0,demo_envs/test_unseen_items_pick_to_basket/evaluations/pi05_basket_slam_ood_pi05_parallel_20261002_105333/42018.mp4,logs/pi05_parallel_20261002_105333_config42.log
42,basket_slam_ood,42019,0,demo_envs/test_unseen_items_pick_to_basket/evaluations/pi05_basket_slam_ood_pi05_parallel_20261002_105333/42019.mp4,logs/pi05_parallel_20261002_105333_config42.log
42,basket_slam_ood,42020,0,demo_envs/test_unseen_items_pick_to_basket/evaluations/pi05_basket_slam_ood_pi05_parallel_20261002_105333/42020.mp4,logs/pi05_parallel_20261002_105333_config42.log
42,basket_slam_ood,42021,0,demo_envs/test_unseen_items_pick_to_basket/evaluations/pi05_basket_slam_ood_pi05_parallel_20261002_105333/42021.mp4,logs/pi05_parallel_20261002_105333_config42.log
42,basket_slam_ood,42022,0,demo_envs/test_unseen_items_pick_to_basket/evaluations/pi05_basket_slam_ood_pi05_parallel_20261002_105333/42022.mp4,logs/pi05_parallel_20261002_105333_config42.log
42,basket_slam_ood,42023,0,demo_envs/test_unseen_items_pick_to_basket/evaluations/pi05_basket_slam_ood_pi05_parallel_20261002_105333/42023.mp4,logs/pi05_parallel_20261002_105333_config42.log
42,basket_slam_ood,42024,0,demo_envs/test_unseen_items_pick_to_basket/evaluations/pi05_basket_slam_ood_pi05_parallel_20261002_105333/42024.mp4,logs/pi05_parallel_20261002_105333_config42.log
42,basket_slam_ood,42025,0,demo_envs/test_unseen_items_pick_to_basket/evaluations/pi05_basket_slam_ood_pi05_parallel_20261002_105333/42025.mp4,logs/pi05_parallel_20261002_105333_config42.log
42,basket_slam_ood,42026,0,demo_envs/test_unseen_items_pick_to_basket/evaluations/pi05_basket_slam_ood_pi05_parallel_20261002_105333/42026.mp4,logs/pi05_parallel_20261002_105333_config42.log
42,basket_slam_ood,42027,0,demo_envs/test_unseen_items_pick_to_basket/evaluations/pi05_basket_slam_ood_pi05_parallel_20261002_105333/42027.mp4,logs/pi05_parallel_20261002_105333_config42.log
42,basket_slam_ood,42028,0,demo_envs/test_unseen_items_pick_to_basket/evaluations/pi05_basket_slam_ood_pi05_parallel_20261002_105333/42028.mp4,logs/pi05_parallel_20261002_105333_config42.log
42,basket_slam_ood,42029,0,demo_envs/test_unseen_items_pick_to_basket/evaluations/pi05_basket_slam_ood_pi05_parallel_20261002_105333/42029.mp4,logs/pi05_parallel_20261002_105333_config42.log
